stream,svt_grade_t1,svt_grade_t2,svt_grade_t3,svt_avg_grade,svt_trend,molecular_biology,protein_enzymes,immunology,energy_photosynthesis,energy_respiration,neuroscience,geology,document_analysis,hypothesis_formulation,scientific_writing,reasoning_chain,bac_exams_practiced,document_exercises,svt_anxiety,document_confidence,scientific_writing_confidence,bac_score_svt,scientific_skills_composite,practice_intensity,psychological_health,imbalance_score,molecular_block,protein_block,immune_block,energy_block,neuro_block,geology_block
Sciences,12.2,11.9,13.0,12.4,0.8,7.2,7.9,4.2,4.5,6.3,8.9,3.9,5.9,4.5,7.5,6.2,11,6,6.0,3.4,6.8,12.3,6.0,3.8,4.7,3.52,7.2,7.9,4.2,5.4,8.9,3.9
Sciences,12.1,12.9,11.3,12.7,-0.8,6.6,6.7,6.9,6.1,5.2,6.6,7.4,5.7,8.1,7.5,5.6,9,3,6.3,6.3,6.4,13.9,6.7,2.5,5.5,0.27,6.6,6.7,6.9,5.6,6.6,7.4
Sciences,11.8,13.1,12.8,13.1,1.0,6.3,5.3,4.5,4.6,3.7,6.8,4.3,5.8,5.4,3.7,6.6,1,4,7.1,8.0,6.9,11.5,5.4,1.5,5.9,1.03,6.3,5.3,4.5,4.2,6.8,4.3
Sciences,9.6,10.5,10.7,10.0,1.1,3.4,5.8,3.7,4.0,2.0,6.2,2.0,4.3,3.7,4.3,5.6,2,2,9.4,2.0,7.6,8.4,4.5,1.0,3.4,2.25,3.4,5.8,3.7,3.0,6.2,2.0
Sciences,13.2,12.9,14.1,13.3,0.9,7.6,2.9,6.9,4.1,7.9,2.0,4.6,5.9,8.4,6.7,5.3,10,6,8.3,7.3,6.6,12.2,6.6,3.7,5.2,4.16,7.6,2.9,6.9,6.0,2.0,4.6
Sciences,12.6,11.2,11.7,12.0,-0.9,3.3,3.1,4.6,3.6,6.6,4.6,3.1,6.9,3.5,5.3,5.2,10,0,6.8,7.3,6.6,7.4,5.2,1.7,5.7,0.67,3.3,3.1,4.6,5.1,4.6,3.1
Sciences,11.4,13.8,12.4,12.5,1.0,5.4,3.4,6.9,5.8,6.7,3.1,7.7,4.7,7.6,7.3,5.8,7,6,6.9,3.4,5.0,13.3,6.4,3.2,3.8,2.92,5.4,3.4,6.9,6.2,3.1,7.7
Sciences,13.9,14.3,14.5,14.7,0.6,7.1,5.6,8.7,5.9,5.2,3.9,3.7,6.5,5.0,7.0,4.5,4,10,6.3,5.2,5.9,15.3,5.8,4.0,4.9,3.04,7.1,5.6,8.7,5.6,3.9,3.7
Sciences,11.9,11.8,11.4,11.2,-0.5,8.5,6.1,8.2,6.3,7.7,4.3,4.8,7.8,6.2,7.3,8.0,14,9,5.3,7.3,9.2,15.7,7.3,5.3,7.1,2.5,8.5,6.1,8.2,7.0,4.3,4.8
Sciences,11.6,14.2,13.2,12.9,1.6,8.0,8.4,8.5,6.6,7.4,5.0,7.3,5.8,6.9,6.5,5.0,11,3,6.7,4.5,7.0,13.9,6.0,2.8,4.9,1.42,8.0,8.4,8.5,7.0,5.0,7.3
Sciences,11.4,10.8,11.5,10.7,0.1,6.3,2.7,6.4,7.6,5.4,6.4,5.5,8.2,5.9,8.2,7.2,14,6,6.2,8.2,6.3,13.1,7.4,4.3,6.1,1.83,6.3,2.7,6.4,6.5,6.4,5.5
Sciences,12.5,13.2,13.9,14.0,1.4,8.0,6.5,9.1,8.4,6.5,6.6,5.0,7.7,6.9,5.8,7.1,10,6,5.9,8.1,5.0,15.3,6.9,3.7,5.7,1.66,8.0,6.5,9.1,7.4,6.6,5.0
Sciences,12.9,13.9,14.7,14.1,1.8,4.8,7.7,7.4,7.5,8.2,5.8,3.9,5.7,5.8,6.4,6.4,6,10,3.2,3.9,7.9,15.1,6.1,4.3,6.2,2.3,4.8,7.7,7.4,7.8,5.8,3.9
Sciences,12.0,13.8,13.6,12.9,1.6,5.3,6.7,6.4,3.9,3.3,6.5,5.4,6.3,3.7,4.2,3.4,10,0,4.6,4.6,4.5,12.9,4.4,1.7,4.8,1.13,5.3,6.7,6.4,3.6,6.5,5.4
Sciences,11.5,11.8,12.1,11.6,0.6,5.2,8.0,8.0,5.1,7.1,6.5,4.7,5.0,7.9,3.8,8.0,9,8,7.8,7.0,3.9,12.6,6.2,4.2,4.4,1.59,5.2,8.0,8.0,6.1,6.5,4.7
Sciences,16.8,16.8,18.0,17.9,1.2,8.9,7.5,6.2,6.3,6.3,6.8,4.2,6.0,6.2,7.1,6.4,7,5,3.1,7.8,6.7,16.3,6.4,2.8,7.1,2.02,8.9,7.5,6.2,6.3,6.8,4.2
Sciences,9.0,11.1,11.0,10.6,2.0,7.1,6.7,8.8,4.8,4.1,2.5,3.5,5.9,6.4,4.7,6.9,8,3,7.1,9.6,2.0,13.0,6.0,2.3,4.8,4.83,7.1,6.7,8.8,4.4,2.5,3.5
Sciences,9.7,11.5,11.7,10.8,2.0,6.7,4.1,6.1,6.4,4.4,4.2,3.5,7.9,7.1,5.9,6.0,7,3,5.9,4.5,7.0,13.6,6.7,2.2,5.2,1.33,6.7,4.1,6.1,5.4,4.2,3.5
Sciences,15.7,15.2,16.5,15.5,0.8,6.8,5.2,4.9,3.6,4.7,5.5,3.2,7.2,6.6,8.4,5.8,11,1,7.9,8.4,6.6,13.6,7.0,2.2,5.7,1.25,6.8,5.2,4.9,4.2,5.5,3.2
Sciences,14.0,15.3,16.6,14.8,2.6,10.0,6.1,9.2,10.0,5.8,8.1,7.9,7.9,6.7,9.8,8.0,14,5,5.7,5.7,6.4,19.4,8.1,4.0,5.5,1.47,10.0,6.1,9.2,7.9,8.1,7.9
Sciences,12.1,13.9,13.2,13.7,1.1,7.7,8.6,7.4,9.0,9.8,4.3,7.4,8.6,9.0,10.0,7.4,6,3,4.0,7.7,6.3,18.0,8.8,2.0,6.7,2.52,7.7,8.6,7.4,9.4,4.3,7.4
Sciences,13.4,15.9,16.0,16.1,2.6,4.5,6.7,8.8,6.4,6.5,5.3,6.5,6.4,6.7,8.3,5.6,2,5,5.8,7.3,5.6,12.9,6.8,2.0,5.7,1.78,4.5,6.7,8.8,6.4,5.3,6.5
Sciences,17.1,16.2,16.4,17.4,-0.7,9.7,8.7,7.7,7.5,9.2,4.3,6.3,6.4,8.0,10.0,7.6,11,9,2.0,2.1,5.7,19.3,8.0,4.8,5.3,3.12,9.7,8.7,7.7,8.4,4.3,6.3
Sciences,13.0,15.4,15.4,14.4,2.4,8.2,6.8,8.4,9.1,8.1,8.3,5.6,7.5,7.7,7.8,8.0,11,6,4.5,8.5,7.1,18.3,7.8,3.8,7.0,1.19,8.2,6.8,8.4,8.6,8.3,5.6
Sciences,10.8,13.1,12.4,12.4,1.6,7.1,4.7,4.1,6.5,5.6,5.5,4.2,5.7,8.0,4.2,6.4,10,9,4.2,7.9,5.2,12.0,6.1,4.7,6.3,1.14,7.1,4.7,4.1,6.0,5.5,4.2
Sciences,15.8,16.0,16.0,15.5,0.2,6.1,6.4,7.2,7.3,5.8,3.0,6.6,7.0,4.9,4.2,6.0,10,3,5.9,7.6,6.0,12.7,5.5,2.7,5.9,1.88,6.1,6.4,7.2,6.6,3.0,6.6
Sciences,11.3,15.0,13.4,13.6,2.1,5.1,5.3,5.2,5.6,5.1,3.0,2.0,5.2,6.5,7.9,6.8,14,4,5.1,9.2,5.5,12.8,6.6,3.7,6.5,1.75,5.1,5.3,5.2,5.4,3.0,2.0
Sciences,15.1,15.4,14.5,14.5,-0.6,6.7,4.9,7.1,8.4,5.3,5.9,3.9,4.8,5.2,5.8,5.4,5,3,4.6,7.4,5.2,12.9,5.3,1.8,6.0,1.33,6.7,4.9,7.1,6.8,5.9,3.9
Sciences,13.0,14.9,15.6,14.3,2.6,6.5,5.8,6.0,7.7,3.9,7.8,3.4,6.2,3.5,6.2,9.3,6,7,8.2,5.1,6.5,13.8,6.3,3.3,4.5,1.71,6.5,5.8,6.0,5.8,7.8,3.4
Sciences,12.8,11.6,14.5,13.6,1.7,6.2,5.1,3.3,6.3,7.1,3.3,7.0,4.9,3.0,4.7,7.8,2,6,4.1,7.7,7.0,12.1,5.1,2.3,6.9,2.28,6.2,5.1,3.3,6.7,3.3,7.0
Sciences,13.8,15.5,14.6,14.4,0.8,9.4,6.2,7.5,8.6,4.1,7.4,4.7,6.6,5.5,6.0,7.9,13,7,3.6,5.5,5.6,16.3,6.5,4.5,5.8,2.08,9.4,6.2,7.5,6.4,7.4,4.7
Sciences,11.4,14.5,15.3,14.4,3.9,5.9,5.8,7.5,6.1,5.2,5.2,2.7,7.0,6.0,7.3,4.2,10,6,4.0,6.7,7.2,16.4,6.1,3.7,6.6,2.03,5.9,5.8,7.5,5.6,5.2,2.7
Sciences,16.1,16.6,17.2,16.3,1.1,8.7,8.9,9.4,5.9,10.0,8.2,6.6,7.4,10.0,5.8,8.5,3,3,3.6,8.6,7.9,19.3,7.9,1.5,7.6,0.79,8.7,8.9,9.4,8.0,8.2,6.6
Sciences,16.1,16.6,16.3,16.3,0.2,6.8,9.8,9.8,7.6,7.4,7.6,5.2,8.8,8.3,7.4,6.8,12,6,3.3,7.6,4.5,17.8,7.8,4.0,6.3,2.65,6.8,9.8,9.8,7.5,7.6,5.2
Sciences,9.6,12.1,10.5,11.4,0.9,2.5,5.7,8.2,5.3,5.6,5.2,3.5,7.5,6.7,7.7,4.2,8,8,5.9,7.8,7.3,11.6,6.5,4.0,6.4,3.24,2.5,5.7,8.2,5.4,5.2,3.5
Sciences,12.5,14.8,13.4,13.8,0.9,6.8,7.1,8.0,6.0,7.3,2.7,4.1,7.8,5.6,3.0,6.0,8,8,6.3,10.0,9.7,14.9,5.6,4.0,7.8,3.45,6.8,7.1,8.0,6.6,2.7,4.1
Sciences,9.7,12.1,10.7,11.5,1.0,5.9,6.5,6.2,7.2,3.2,6.1,3.3,3.3,5.7,3.1,4.5,8,5,7.8,3.7,5.5,11.8,4.2,3.0,3.8,1.16,5.9,6.5,6.2,5.2,6.1,3.3
Sciences,12.2,13.2,14.0,12.8,1.8,7.1,6.7,4.4,6.0,3.7,6.2,6.1,5.2,9.2,6.8,6.7,2,4,7.3,5.3,5.6,13.1,7.0,1.7,4.5,0.93,7.1,6.7,4.4,4.8,6.2,6.1
Sciences,8.8,9.8,11.0,9.6,2.2,5.3,4.5,5.9,5.6,4.6,5.5,4.8,5.3,3.8,7.4,7.7,14,4,3.2,6.0,5.1,11.1,6.0,3.7,6.0,0.21,5.3,4.5,5.9,5.1,5.5,4.8
Sciences,14.8,14.2,18.8,17.2,4.0,4.7,8.8,6.8,5.6,4.7,5.9,4.7,3.9,6.9,5.3,7.4,10,4,6.6,5.3,7.1,14.0,5.9,3.0,5.3,2.1,4.7,8.8,6.8,5.2,5.9,4.7
Sciences,9.7,9.1,8.1,9.4,-1.6,3.9,4.0,4.7,6.0,4.6,2.9,2.0,3.7,7.2,2.0,8.8,0,7,8.1,4.9,6.0,9.2,5.4,2.3,4.3,1.19,3.9,4.0,4.7,5.3,2.9,2.0
Sciences,13.2,12.8,14.8,13.6,1.6,8.9,8.0,8.0,7.7,7.4,7.8,5.2,6.7,8.1,8.7,4.6,9,3,4.2,7.8,3.7,16.0,7.0,2.5,5.8,1.3,8.9,8.0,8.0,7.6,7.8,5.2
Sciences,10.5,12.9,13.9,11.8,3.4,5.5,7.2,8.0,7.3,8.1,7.0,5.5,5.8,8.8,4.8,5.6,10,8,9.0,7.1,4.5,14.0,6.2,4.3,4.2,0.97,5.5,7.2,8.0,7.7,7.0,5.5
Sciences,12.8,13.7,14.3,13.1,1.5,8.0,3.4,4.9,4.8,6.7,3.3,5.1,5.8,6.0,5.0,4.4,2,3,8.5,6.1,6.6,12.1,5.3,1.3,4.7,2.5,8.0,3.4,4.9,5.8,3.3,5.1
Sciences,11.5,11.0,10.0,11.4,-1.5,7.1,5.3,4.6,7.2,3.8,7.1,4.7,3.7,6.4,5.9,7.2,9,8,6.3,5.7,5.3,11.4,5.8,4.2,4.9,1.05,7.1,5.3,4.6,5.5,7.1,4.7
Sciences,9.5,10.3,12.3,10.6,2.8,5.6,6.0,5.8,8.2,5.0,5.3,3.0,5.2,5.9,4.6,5.5,15,6,5.3,5.3,3.7,12.2,5.3,4.5,4.6,1.29,5.6,6.0,5.8,6.6,5.3,3.0
Sciences,13.2,14.6,15.3,15.0,2.1,6.2,7.3,6.3,7.8,5.6,6.2,2.0,7.0,7.4,5.1,7.0,6,4,8.5,8.8,8.9,15.6,6.6,2.3,6.4,3.01,6.2,7.3,6.3,6.7,6.2,2.0
Sciences,13.7,13.7,14.2,14.1,0.5,7.7,6.8,4.3,4.7,4.4,5.1,8.1,6.2,4.8,4.6,7.0,10,4,6.0,8.7,4.6,13.5,5.6,3.0,5.8,2.28,7.7,6.8,4.3,4.6,5.1,8.1
Sciences,13.2,12.2,14.2,13.5,1.0,6.6,7.9,5.6,5.2,4.5,5.7,2.9,7.3,7.6,9.1,4.5,10,7,5.8,8.0,6.3,15.0,7.1,4.0,6.2,2.36,6.6,7.9,5.6,4.8,5.7,2.9
Sciences,12.2,10.6,11.6,12.1,-0.6,4.6,6.6,5.0,5.5,8.5,7.8,2.0,6.9,6.7,7.8,5.4,13,4,6.1,4.1,5.8,14.1,6.7,3.5,4.6,3.68,4.6,6.6,5.0,7.0,7.8,2.0
Sciences,17.3,17.5,17.8,17.5,0.5,7.9,7.6,8.7,5.7,6.6,7.7,5.7,6.4,6.8,7.4,8.1,9,6,9.7,6.0,4.5,15.8,7.2,3.5,3.6,1.08,7.9,7.6,8.7,6.2,7.7,5.7
Sciences,14.1,16.7,17.3,15.7,3.2,8.4,7.8,10.0,7.1,6.9,8.2,2.9,7.7,9.7,3.7,6.6,6,5,4.5,7.2,7.1,17.9,6.9,2.7,6.6,4.83,8.4,7.8,10.0,7.0,8.2,2.9
Sciences,10.2,10.3,11.6,10.8,1.4,7.9,5.1,5.0,6.8,6.6,5.7,3.5,5.1,5.8,6.8,3.7,12,10,6.0,4.3,6.6,13.5,5.4,5.3,5.0,1.92,7.9,5.1,5.0,6.7,5.7,3.5
Sciences,11.8,11.8,11.8,11.5,0.0,4.6,4.2,4.9,4.4,4.7,5.2,4.4,3.8,5.9,4.9,3.0,0,8,6.4,4.6,3.9,6.7,4.4,2.7,4.0,0.11,4.6,4.2,4.9,4.6,5.2,4.4
Sciences,11.5,13.0,12.7,12.3,1.2,6.2,7.9,8.0,6.7,8.0,4.4,8.4,5.3,8.4,4.4,6.2,17,10,4.9,6.3,5.7,15.1,6.1,6.2,5.7,1.88,6.2,7.9,8.0,7.4,4.4,8.4
Sciences,15.8,16.5,16.8,17.4,1.0,8.2,8.0,4.6,5.7,4.9,6.5,5.7,7.8,7.4,6.4,6.5,11,5,4.1,7.8,7.0,13.9,7.0,3.5,6.9,1.79,8.2,8.0,4.6,5.3,6.5,5.7
Sciences,13.1,13.0,13.2,13.0,0.1,8.2,7.1,6.6,5.8,6.5,5.2,4.2,5.8,4.8,7.5,6.0,5,4,4.6,5.1,2.6,13.5,6.0,2.2,4.4,1.66,8.2,7.1,6.6,6.2,5.2,4.2
Sciences,12.3,10.9,10.5,11.5,-1.8,4.9,6.3,7.8,5.5,3.0,2.0,3.6,6.0,5.1,5.4,3.8,9,1,4.3,6.7,3.5,8.0,5.1,1.8,5.3,3.47,4.9,6.3,7.8,4.2,2.0,3.6
Sciences,8.0,11.7,11.4,10.3,3.4,6.9,7.4,7.7,3.3,6.0,3.1,2.0,7.0,9.2,5.2,7.8,9,10,7.3,4.6,6.6,14.8,7.3,4.8,4.6,4.81,6.9,7.4,7.7,4.6,3.1,2.0
Sciences,14.1,14.6,11.8,13.2,-2.3,6.2,9.0,7.6,7.2,7.3,5.5,5.2,6.4,4.9,7.1,7.2,10,9,5.1,5.5,5.9,18.1,6.4,4.7,5.4,1.72,6.2,9.0,7.6,7.2,5.5,5.2
Sciences,14.8,14.0,15.9,14.9,1.1,5.6,7.6,5.7,6.3,6.1,6.1,4.1,6.5,5.8,7.0,6.4,5,8,6.5,5.3,5.0,13.4,6.4,3.5,4.6,1.06,5.6,7.6,5.7,6.2,6.1,4.1
Sciences,12.8,13.8,14.6,13.5,1.8,7.5,6.2,3.9,7.2,6.2,4.4,5.3,7.4,7.8,6.1,5.4,0,4,5.9,6.1,7.5,13.8,6.7,1.3,5.9,1.6,7.5,6.2,3.9,6.7,4.4,5.3
Sciences,16.8,18.0,18.4,17.0,1.6,6.3,8.0,7.6,5.0,7.6,4.9,8.8,6.7,6.5,8.3,8.7,12,1,5.7,2.3,5.2,15.4,7.6,2.3,3.9,1.66,6.3,8.0,7.6,6.3,4.9,8.8
Sciences,13.1,14.3,13.9,13.5,0.8,4.5,5.1,8.8,4.3,5.0,6.6,2.0,6.2,7.2,6.5,5.5,0,1,9.1,6.7,9.3,13.3,6.4,0.3,5.6,4.32,4.5,5.1,8.8,4.6,6.6,2.0
Sciences,12.7,13.9,14.8,13.8,2.1,10.0,7.3,5.8,7.1,6.6,4.8,4.5,5.9,8.4,7.4,6.6,5,6,4.3,9.1,3.2,14.8,7.1,2.8,6.0,3.4,10.0,7.3,5.8,6.8,4.8,4.5
Sciences,16.5,15.8,14.8,14.6,-1.7,3.9,6.6,3.3,2.6,4.3,7.2,2.0,5.7,5.9,6.7,7.1,9,3,7.1,6.6,2.0,11.7,6.4,2.5,3.8,3.47,3.9,6.6,3.3,3.4,7.2,2.0
Sciences,15.6,14.0,14.2,14.8,-1.4,9.5,8.0,5.8,8.1,10.0,7.5,4.2,6.7,7.0,4.5,6.7,6,3,6.4,5.7,7.6,14.2,6.2,2.0,5.6,3.38,9.5,8.0,5.8,9.0,7.5,4.2
Sciences,11.6,11.8,13.6,12.1,2.0,5.7,7.2,7.2,6.0,4.3,5.2,3.2,5.2,6.0,5.8,6.2,8,6,8.4,3.9,4.1,12.6,5.8,3.3,3.2,1.88,5.7,7.2,7.2,5.2,5.2,3.2
Sciences,11.7,11.0,12.0,11.8,0.3,6.7,8.2,6.3,8.6,5.3,7.0,2.6,5.2,6.9,5.8,3.7,3,8,6.5,3.2,4.5,14.8,5.4,3.2,3.7,3.06,6.7,8.2,6.3,7.0,7.0,2.6
Sciences,8.0,9.1,8.0,8.4,0.0,5.1,5.8,4.9,3.9,6.8,6.1,6.2,7.5,8.6,7.1,6.7,5,2,7.4,2.9,7.4,12.1,7.5,1.5,4.3,0.24,5.1,5.8,4.9,5.4,6.1,6.2
Sciences,9.5,9.7,10.1,10.2,0.6,6.2,4.7,5.2,4.2,4.2,4.1,4.5,5.9,5.0,5.6,5.2,6,0,4.8,4.9,4.4,9.7,5.4,1.0,4.8,0.51,6.2,4.7,5.2,4.2,4.1,4.5
Sciences,12.3,10.5,10.7,10.7,-1.6,4.4,5.9,6.5,2.2,7.1,6.7,6.2,5.3,5.5,5.5,6.7,3,3,4.7,9.4,7.4,13.0,5.8,1.5,7.4,0.79,4.4,5.9,6.5,4.6,6.7,6.2
Sciences,16.4,18.8,18.9,18.2,2.5,4.9,7.6,5.4,5.5,6.9,7.7,4.6,7.3,8.2,4.6,7.1,17,3,3.3,2.0,5.4,16.0,6.8,3.8,4.7,1.5,4.9,7.6,5.4,6.2,7.7,4.6
Sciences,13.6,14.2,15.8,13.6,2.2,9.6,5.2,7.2,6.6,6.3,4.7,5.6,5.3,5.9,4.4,6.3,7,8,2.0,7.8,7.2,16.9,5.5,3.8,7.7,2.64,9.6,5.2,7.2,6.4,4.7,5.6
Sciences,12.1,10.9,12.4,11.7,0.3,5.3,8.0,5.7,3.0,4.7,5.6,7.7,3.5,5.2,6.3,7.3,14,5,6.9,4.7,5.0,13.3,5.6,4.0,4.3,2.04,5.3,8.0,5.7,3.8,5.6,7.7
Sciences,9.1,10.8,10.3,9.8,1.2,7.0,6.1,5.2,5.0,4.4,5.4,4.7,7.3,4.9,4.5,6.1,6,10,5.9,5.1,4.1,12.3,5.7,4.3,4.4,0.66,7.0,6.1,5.2,4.7,5.4,4.7
Sciences,11.5,12.5,14.4,12.1,2.9,4.8,5.7,4.9,2.8,5.2,6.7,6.2,6.3,5.6,6.8,4.2,0,7,7.0,4.2,8.8,12.9,5.7,2.3,5.3,0.83,4.8,5.7,4.9,4.0,6.7,6.2
Sciences,11.9,12.6,14.7,13.6,2.8,8.4,4.3,8.7,6.5,6.6,5.5,4.6,7.2,6.8,4.3,8.9,5,11,5.2,4.4,8.5,16.9,6.8,4.5,5.9,2.96,8.4,4.3,8.7,6.6,5.5,4.6
Sciences,17.9,17.5,19.2,18.7,1.3,10.0,8.3,7.5,9.3,6.4,5.9,7.5,8.3,8.7,9.9,5.7,13,3,4.9,7.4,5.8,19.4,8.2,3.2,6.1,1.48,10.0,8.3,7.5,7.8,5.9,7.5
Sciences,14.4,16.1,16.0,16.1,1.6,7.6,8.0,5.7,7.5,7.4,7.1,5.2,10.0,7.2,8.4,8.9,16,0,7.0,7.6,6.7,19.2,8.6,2.7,5.8,1.06,7.6,8.0,5.7,7.4,7.1,5.2
Sciences,13.7,14.1,13.9,13.3,0.2,4.2,5.5,7.0,8.6,4.6,7.6,2.0,7.6,7.4,6.3,8.4,17,6,5.9,7.3,8.6,14.4,7.4,4.8,6.7,3.63,4.2,5.5,7.0,6.6,7.6,2.0
Sciences,13.4,14.8,14.2,14.0,0.8,9.4,6.4,8.2,7.8,7.8,4.1,5.5,5.6,8.0,9.2,5.3,10,6,6.6,3.7,4.7,16.1,7.0,3.7,3.9,3.13,9.4,6.4,8.2,7.8,4.1,5.5
Sciences,17.4,17.1,17.2,16.8,-0.2,9.3,8.0,7.1,9.4,8.8,5.0,5.3,5.5,6.6,8.7,7.3,6,6,4.1,8.5,5.3,18.6,7.0,3.0,6.6,2.84,9.3,8.0,7.1,9.1,5.0,5.3
Sciences,11.3,11.9,13.3,11.9,2.0,5.7,5.5,5.6,4.7,4.8,4.5,2.0,7.5,7.2,5.1,5.7,9,5,7.7,7.4,6.7,13.1,6.4,3.2,5.5,1.63,5.7,5.5,5.6,4.8,4.5,2.0
Sciences,14.5,15.4,14.8,14.9,0.3,6.7,7.8,6.2,5.3,5.3,5.3,5.7,7.9,7.9,6.5,6.4,5,2,3.3,7.1,10.0,15.4,7.2,1.5,7.9,0.78,6.7,7.8,6.2,5.3,5.3,5.7
Sciences,16.9,16.4,17.9,17.2,1.0,6.1,6.6,7.1,7.4,7.2,3.3,4.1,8.0,4.6,3.8,9.6,12,8,2.0,6.0,6.7,16.9,6.5,4.7,6.9,2.3,6.1,6.6,7.1,7.3,3.3,4.1
Sciences,12.8,14.7,14.3,13.2,1.5,8.0,6.4,7.6,3.4,7.6,7.7,10.0,4.9,6.3,7.4,4.4,3,7,10.0,6.3,7.6,12.8,5.8,2.8,4.6,1.96,8.0,6.4,7.6,5.5,7.7,10.0
Sciences,13.1,15.8,14.1,14.3,1.0,6.9,9.1,7.4,7.6,9.1,6.1,3.1,7.7,6.4,6.4,6.6,1,3,8.5,6.4,4.8,17.0,6.8,1.2,4.2,3.71,6.9,9.1,7.4,8.4,6.1,3.1
Sciences,13.5,12.8,12.0,12.4,-1.5,5.3,7.0,8.2,6.0,4.5,5.5,3.2,5.9,8.5,3.5,8.8,15,5,2.0,8.0,7.0,15.6,6.7,4.2,7.7,2.43,5.3,7.0,8.2,5.2,5.5,3.2
Sciences,15.1,14.9,14.9,14.7,-0.2,8.1,8.3,6.6,9.1,8.6,9.2,7.5,8.4,6.6,5.2,6.8,10,6,4.8,6.2,6.1,17.8,6.8,3.7,5.8,0.74,8.1,8.3,6.6,8.8,9.2,7.5
Sciences,13.1,13.2,13.5,13.6,0.4,5.2,6.7,5.8,6.9,5.8,6.6,4.6,7.5,4.2,7.2,4.8,8,3,6.4,6.1,9.1,13.3,5.9,2.3,6.3,0.59,5.2,6.7,5.8,6.4,6.6,4.6
Sciences,12.2,12.0,12.7,11.5,0.5,5.7,7.1,8.3,8.1,6.4,5.0,6.9,6.1,6.6,8.9,7.0,14,2,6.9,3.4,9.1,15.5,7.2,3.0,5.2,1.16,5.7,7.1,8.3,7.2,5.0,6.9
Sciences,16.3,16.2,16.3,16.8,0.0,7.5,8.0,7.0,6.3,8.1,6.9,6.8,9.3,6.3,7.3,8.6,20,7,7.9,7.5,10.0,18.6,7.9,5.7,6.5,0.17,7.5,8.0,7.0,7.2,6.9,6.8
Sciences,13.2,11.6,14.0,13.6,0.8,6.8,5.9,8.0,7.7,5.4,5.6,4.1,6.6,7.5,4.6,5.8,12,6,3.9,4.8,4.9,14.3,6.1,4.0,5.3,1.43,6.8,5.9,8.0,6.6,5.6,4.1
Sciences,13.5,10.2,14.9,12.6,1.4,4.6,6.6,5.6,8.0,7.5,7.8,2.5,6.9,5.0,3.8,6.9,8,3,4.2,6.8,6.0,13.5,5.6,2.3,6.2,3.47,4.6,6.6,5.6,7.8,7.8,2.5
Sciences,11.8,10.1,11.4,10.8,-0.4,7.6,5.4,5.4,5.3,7.5,4.7,6.4,3.9,5.6,7.6,3.7,9,1,6.6,6.9,6.2,11.6,5.2,1.8,5.5,0.88,7.6,5.4,5.4,6.4,4.7,6.4
Sciences,14.9,12.9,13.6,12.8,-1.3,7.7,8.8,9.0,5.2,8.4,3.4,2.9,6.9,8.6,6.9,4.6,7,7,4.0,5.2,5.1,14.8,6.8,3.5,5.4,5.94,7.7,8.8,9.0,6.8,3.4,2.9
Sciences,15.1,14.7,15.6,14.4,0.5,6.3,7.8,6.2,5.2,3.5,2.6,6.2,5.6,7.9,5.7,5.8,9,3,2.0,6.2,6.4,14.6,6.2,2.5,6.9,2.77,6.3,7.8,6.2,4.4,2.6,6.2
Sciences,11.2,11.3,11.6,11.7,0.4,4.7,4.0,6.0,7.2,5.1,7.4,6.2,6.3,6.3,4.6,6.4,7,3,6.2,5.8,7.2,11.7,5.9,2.2,5.6,1.22,4.7,4.0,6.0,6.2,7.4,6.2
Sciences,11.7,12.5,11.8,12.4,0.1,6.5,4.8,7.4,10.0,3.3,4.3,4.9,8.4,6.1,7.1,7.4,5,4,7.5,6.7,5.1,14.2,7.2,2.2,4.8,1.3,6.5,4.8,7.4,6.6,4.3,4.9
Sciences,12.7,13.2,13.8,13.4,1.1,7.5,6.1,6.6,4.4,4.7,6.5,4.3,6.5,6.6,6.8,4.4,8,8,6.1,7.2,4.7,13.2,6.1,4.0,5.3,1.3,7.5,6.1,6.6,4.6,6.5,4.3
Sciences,10.3,9.1,10.5,10.0,0.2,5.1,3.6,4.4,2.3,2.0,3.8,2.0,2.9,5.2,2.7,5.2,5,0,9.1,5.5,3.3,6.5,4.0,0.8,3.2,1.26,5.1,3.6,4.4,2.2,3.8,2.0
Sciences,9.6,10.1,9.1,10.1,-0.5,7.3,5.7,5.9,6.9,6.2,4.4,5.4,6.6,4.4,3.8,6.0,9,9,7.3,5.0,3.4,12.1,5.2,4.5,3.7,0.82,7.3,5.7,5.9,6.6,4.4,5.4
Sciences,11.4,13.0,12.9,12.3,1.5,4.9,6.4,3.9,4.0,5.5,4.3,2.0,5.9,6.6,3.6,4.2,8,6,4.9,8.1,6.9,10.8,5.1,3.3,6.7,1.73,4.9,6.4,3.9,4.8,4.3,2.0
Sciences,18.6,16.9,19.0,17.8,0.4,3.3,7.4,7.5,8.0,5.8,8.5,6.6,9.5,5.1,5.7,4.8,3,11,5.7,7.6,5.1,15.4,6.3,4.2,5.7,2.66,3.3,7.4,7.5,6.9,8.5,6.6
Sciences,12.7,12.4,12.9,13.3,0.2,7.8,6.6,5.3,6.5,4.6,2.9,5.0,6.4,6.8,4.7,6.3,13,7,3.4,8.2,4.5,13.0,6.0,4.5,6.4,2.26,7.8,6.6,5.3,5.6,2.9,5.0
Sciences,10.3,10.5,12.1,11.5,1.8,7.0,9.1,8.2,6.6,7.1,5.4,5.1,6.2,5.3,9.1,8.6,15,5,4.4,7.1,7.3,16.1,7.3,4.2,6.7,2.0,7.0,9.1,8.2,6.8,5.4,5.1
Sciences,10.4,8.7,11.4,10.4,1.0,5.6,3.0,6.5,5.1,2.9,5.7,4.2,5.7,7.4,3.8,4.8,4,0,7.6,5.5,5.0,8.4,5.4,0.7,4.3,1.43,5.6,3.0,6.5,4.0,5.7,4.2
Sciences,8.5,9.7,10.9,10.1,2.4,8.6,6.6,4.2,6.5,4.4,3.4,2.5,6.1,7.2,4.1,4.9,10,4,6.0,5.8,5.1,13.7,5.6,3.0,5.0,4.18,8.6,6.6,4.2,5.4,3.4,2.5
Sciences,18.1,18.7,18.9,18.1,0.8,9.7,5.9,8.4,5.8,4.3,7.7,2.0,6.5,4.1,4.3,3.7,7,9,3.6,5.3,7.4,14.1,4.6,4.2,6.4,6.33,9.7,5.9,8.4,5.0,7.7,2.0
Sciences,19.2,19.0,18.9,18.8,-0.3,7.1,9.8,7.4,4.7,7.0,8.1,6.8,6.4,7.4,6.9,9.5,14,6,2.8,8.6,5.8,18.2,7.6,4.3,7.2,1.51,7.1,9.8,7.4,5.8,8.1,6.8
Sciences,11.3,12.2,11.8,12.4,0.5,7.0,4.0,6.6,6.5,5.4,6.2,7.5,6.4,5.7,3.5,7.9,5,7,6.3,6.6,2.4,14.7,5.9,3.2,4.2,1.23,7.0,4.0,6.6,6.0,6.2,7.5
Sciences,8.5,11.1,10.9,11.0,2.4,9.2,4.7,6.3,9.2,6.3,5.4,2.6,7.2,6.1,6.7,7.4,16,7,6.7,6.4,8.8,16.7,6.8,5.0,6.2,4.5,9.2,4.7,6.3,7.8,5.4,2.6
Sciences,11.5,11.7,11.9,12.1,0.4,5.7,7.2,7.0,3.9,7.0,3.4,3.3,6.4,6.6,4.2,8.5,12,6,5.4,4.5,4.7,14.7,6.4,4.0,4.6,2.38,5.7,7.2,7.0,5.4,3.4,3.3
Sciences,11.6,10.9,12.9,12.7,1.3,5.8,7.9,6.6,4.6,7.4,6.7,6.3,5.5,4.9,7.8,6.5,11,6,5.5,8.6,4.8,13.8,6.2,3.8,6.0,0.46,5.8,7.9,6.6,6.0,6.7,6.3
Sciences,10.9,11.6,12.1,10.9,1.2,6.2,7.9,8.3,7.0,8.5,10.0,5.9,7.1,7.6,6.5,5.8,8,7,7.4,6.5,5.0,15.1,6.8,3.7,4.7,1.86,6.2,7.9,8.3,7.8,10.0,5.9
Sciences,15.2,15.5,13.8,14.5,-1.4,7.5,6.5,6.6,7.0,7.0,6.5,10.0,6.0,8.0,10.0,7.8,4,4,3.7,4.6,6.7,16.9,8.0,2.0,5.9,1.53,7.5,6.5,6.6,7.0,6.5,10.0
Sciences,13.9,13.9,15.0,14.6,1.1,7.4,9.6,9.8,7.6,7.6,3.4,7.7,5.8,7.7,6.6,6.0,15,6,8.2,6.9,6.2,17.4,6.5,4.5,5.0,4.42,7.4,9.6,9.8,7.6,3.4,7.7
Sciences,9.2,9.9,9.4,10.0,0.2,3.8,3.0,5.4,3.2,4.5,4.8,5.1,5.4,4.5,2.0,3.2,0,4,5.2,4.4,6.6,7.8,3.8,1.3,5.3,0.71,3.8,3.0,5.4,3.8,4.8,5.1
Sciences,13.8,13.7,13.6,13.9,-0.2,5.6,8.5,7.0,8.0,3.9,7.2,3.9,7.5,7.4,8.5,7.6,13,6,7.6,5.8,9.0,14.9,7.8,4.2,5.7,2.08,5.6,8.5,7.0,6.0,7.2,3.9
Sciences,11.1,12.5,12.9,12.2,1.8,8.0,5.5,6.7,6.4,5.8,4.3,6.2,4.9,7.7,7.1,7.7,5,4,6.6,7.3,5.1,15.1,6.8,2.2,5.3,1.26,8.0,5.5,6.7,6.1,4.3,6.2
Sciences,11.3,12.6,10.4,11.1,-0.9,7.9,5.7,5.7,6.7,5.1,4.2,7.4,3.5,6.5,6.7,4.1,0,6,10.0,5.4,4.2,12.7,5.2,2.0,3.2,1.48,7.9,5.7,5.7,5.9,4.2,7.4
Sciences,13.5,14.1,14.0,13.1,0.5,8.4,7.3,6.2,6.5,5.2,4.3,4.7,5.0,4.4,4.5,4.5,8,3,3.9,5.5,5.1,13.8,4.6,2.3,5.6,2.0,8.4,7.3,6.2,5.8,4.3,4.7
Sciences,11.3,12.6,12.1,12.9,0.8,6.4,5.2,7.3,6.8,6.4,5.0,5.2,6.6,5.6,6.4,6.0,15,2,2.0,8.7,7.1,15.5,6.2,3.2,7.9,0.75,6.4,5.2,7.3,6.6,5.0,5.2
Sciences,9.1,11.2,11.5,10.7,2.4,5.3,6.1,3.9,4.9,3.6,3.5,3.6,5.7,3.9,4.4,3.3,0,3,10.0,2.0,4.5,6.7,4.3,1.0,2.2,0.9,5.3,6.1,3.9,4.2,3.5,3.6
Sciences,11.6,12.6,10.6,11.5,-1.0,5.8,5.1,4.7,5.4,3.7,3.3,3.1,5.2,3.3,4.9,6.0,13,1,4.1,5.3,4.6,10.8,4.8,2.5,5.3,0.91,5.8,5.1,4.7,4.6,3.3,3.1
Sciences,14.3,16.9,16.3,16.5,2.0,6.1,7.0,7.1,4.5,6.1,3.7,5.7,5.6,6.8,3.6,6.5,12,6,6.9,7.8,4.0,14.8,5.6,4.0,5.0,1.31,6.1,7.0,7.1,5.3,3.7,5.7
Sciences,14.9,15.1,16.9,15.1,2.0,7.9,8.5,5.9,8.0,5.5,6.2,5.8,6.9,8.6,10.0,8.2,10,0,7.8,7.4,2.5,15.3,8.4,1.7,4.0,1.04,7.9,8.5,5.9,6.8,6.2,5.8
Sciences,13.4,14.4,15.7,14.0,2.3,5.3,5.0,6.5,6.8,2.0,4.9,7.3,5.7,7.6,6.9,6.3,5,2,7.1,7.4,4.0,12.4,6.6,1.5,4.8,1.01,5.3,5.0,6.5,4.4,4.9,7.3
Sciences,13.5,13.3,13.9,13.9,0.4,6.5,8.3,6.7,3.3,4.3,5.1,5.0,4.9,7.6,7.0,5.7,7,5,6.0,9.7,8.4,15.2,6.3,2.8,7.4,2.1,6.5,8.3,6.7,3.8,5.1,5.0
Sciences,12.8,13.3,14.4,13.8,1.6,5.1,9.0,7.8,5.4,6.4,5.9,6.4,4.8,7.5,8.3,3.9,11,1,6.4,9.1,7.0,14.9,6.1,2.2,6.6,1.74,5.1,9.0,7.8,5.9,5.9,6.4
Sciences,16.7,16.5,18.8,17.5,2.1,7.0,6.7,8.8,8.5,8.6,3.8,5.5,5.5,10.0,7.8,7.3,14,5,6.6,4.8,6.3,17.1,7.6,4.0,4.8,2.96,7.0,6.7,8.8,8.6,3.8,5.5
Sciences,11.5,12.6,13.1,12.3,1.6,6.8,8.2,7.7,3.3,2.4,5.9,6.1,9.6,7.3,4.9,3.8,5,8,7.1,3.2,7.2,13.6,6.4,3.5,4.4,2.99,6.8,8.2,7.7,2.8,5.9,6.1
Sciences,13.7,13.1,13.3,13.2,-0.4,8.1,3.8,6.5,7.0,4.3,4.5,4.3,7.1,7.1,7.6,4.9,3,1,4.1,6.3,3.5,12.5,6.7,0.8,5.2,2.18,8.1,3.8,6.5,5.6,4.5,4.3
Sciences,12.2,10.3,10.7,11.0,-1.5,5.0,6.0,6.0,4.9,5.7,5.1,5.3,4.6,3.4,6.5,4.4,5,3,10.0,3.1,5.5,10.7,4.7,1.8,2.9,0.16,5.0,6.0,6.0,5.3,5.1,5.3
Sciences,11.1,12.6,13.7,12.7,2.6,5.3,5.0,6.2,8.1,7.4,6.2,6.4,7.9,8.1,5.1,5.6,15,10,6.0,2.8,3.0,14.1,6.7,5.8,3.3,0.78,5.3,5.0,6.2,7.8,6.2,6.4
Sciences,12.9,13.3,14.1,12.9,1.2,9.5,8.8,8.5,7.0,6.4,8.2,3.9,6.6,7.7,8.1,5.3,5,3,6.0,7.3,7.2,17.2,6.9,1.8,6.2,3.45,9.5,8.8,8.5,6.7,8.2,3.9
Sciences,13.1,15.3,15.3,13.6,2.2,7.0,8.7,8.6,5.9,6.0,6.5,7.7,8.8,7.0,6.5,6.1,16,10,6.4,7.7,7.1,17.2,7.1,6.0,6.1,1.05,7.0,8.7,8.6,6.0,6.5,7.7
Sciences,8.0,9.0,8.0,8.1,0.0,2.1,7.0,2.3,4.5,5.9,5.6,3.2,4.4,3.9,4.6,6.0,4,2,9.9,7.5,5.3,7.2,4.7,1.3,4.3,3.3,2.1,7.0,2.3,5.2,5.6,3.2
Sciences,12.9,12.9,14.3,15.0,1.4,7.3,9.0,7.6,6.5,7.8,5.5,4.6,6.0,6.0,7.4,8.3,2,6,7.4,7.7,8.4,15.8,6.9,2.3,6.2,2.06,7.3,9.0,7.6,7.2,5.5,4.6
Sciences,13.3,14.2,15.2,14.0,1.9,5.7,5.9,7.8,4.4,6.9,4.7,3.4,6.8,7.6,7.7,8.0,5,8,6.6,9.0,7.1,12.5,7.5,3.5,6.5,1.76,5.7,5.9,7.8,5.6,4.7,3.4
Sciences,12.2,13.6,11.4,12.3,-0.8,9.1,4.8,5.7,9.0,5.0,5.1,5.3,6.2,5.9,4.8,5.9,10,3,6.4,6.4,3.7,12.8,5.7,2.7,4.6,2.21,9.1,4.8,5.7,7.0,5.1,5.3
Sciences,13.9,12.7,15.2,13.9,1.3,7.5,7.6,6.1,4.9,8.0,7.0,5.2,7.2,5.8,6.8,6.9,17,7,6.4,4.3,8.2,14.9,6.7,5.2,5.4,0.7,7.5,7.6,6.1,6.4,7.0,5.2
Sciences,12.5,13.5,13.1,13.0,0.6,6.5,6.6,6.1,2.8,3.3,6.7,5.8,6.7,5.3,9.2,7.9,2,8,7.9,7.5,5.7,14.3,7.3,3.0,5.1,1.6,6.5,6.6,6.1,3.0,6.7,5.8
Sciences,15.2,14.6,14.7,14.8,-0.5,7.2,10.0,6.5,10.0,9.3,7.1,7.0,8.3,8.0,7.2,5.7,0,5,2.4,9.5,3.7,19.6,7.3,1.7,6.9,1.9,7.2,10.0,6.5,9.6,7.1,7.0
Sciences,13.2,14.7,14.2,13.7,1.0,6.5,3.3,6.3,4.8,5.6,3.2,5.8,7.0,5.4,6.0,7.0,1,2,7.5,6.4,5.6,12.6,6.4,0.8,4.8,1.79,6.5,3.3,6.3,5.2,3.2,5.8
Sciences,12.8,13.6,12.4,13.2,-0.4,7.9,8.8,6.0,5.1,5.8,6.1,9.6,9.3,5.0,8.7,7.6,12,4,4.8,8.1,6.8,12.3,7.6,3.3,6.7,2.41,7.9,8.8,6.0,5.4,6.1,9.6
Sciences,8.6,9.9,11.7,10.7,3.1,7.3,7.6,7.2,5.8,5.0,4.4,5.4,8.4,4.6,7.3,5.3,1,5,9.0,6.1,4.5,15.1,6.4,1.8,3.9,1.45,7.3,7.6,7.2,5.4,4.4,5.4
Sciences,13.1,13.3,15.2,13.5,2.1,6.0,6.0,7.6,5.7,3.9,4.4,4.1,7.1,8.0,4.2,8.6,16,3,6.2,7.3,8.6,15.6,7.0,3.7,6.6,1.43,6.0,6.0,7.6,4.8,4.4,4.1
Sciences,15.9,14.4,15.5,14.5,-0.4,9.0,9.2,7.3,6.5,7.8,5.0,2.7,7.5,7.5,6.2,10.0,17,5,3.7,6.9,5.4,19.3,7.8,4.5,6.2,5.16,9.0,9.2,7.3,7.2,5.0,2.7
Sciences,10.0,13.1,13.3,13.2,3.3,7.0,8.7,7.4,5.0,7.3,5.8,3.2,6.5,5.1,7.5,7.7,10,0,6.3,10.0,5.5,15.4,6.7,1.7,6.4,2.88,7.0,8.7,7.4,6.2,5.8,3.2
Sciences,12.7,15.2,13.3,14.2,0.6,8.5,8.1,8.5,7.3,8.3,8.6,8.2,5.9,7.0,7.8,8.2,8,6,4.8,8.3,5.6,18.1,7.2,3.3,6.4,0.08,8.5,8.1,8.5,7.8,8.6,8.2
Sciences,10.9,12.7,12.6,13.5,1.7,6.4,4.6,6.2,5.7,7.2,4.2,6.5,7.5,7.3,6.5,4.9,9,8,5.4,4.4,3.3,14.9,6.6,4.2,4.1,0.9,6.4,4.6,6.2,6.4,4.2,6.5
Sciences,12.6,12.8,11.1,11.9,-1.5,5.7,5.8,6.7,6.8,6.2,8.0,2.3,4.6,5.9,9.0,7.4,10,0,3.0,8.9,4.1,12.7,6.7,1.7,6.7,3.07,5.7,5.8,6.7,6.5,8.0,2.3
Sciences,10.9,10.9,11.5,11.2,0.6,5.2,7.0,5.8,6.0,3.9,6.4,8.8,5.1,5.8,4.4,4.1,8,3,4.8,4.2,4.3,11.4,4.8,2.3,4.6,1.67,5.2,7.0,5.8,5.0,6.4,8.8
Sciences,13.8,15.2,15.4,15.0,1.6,7.9,7.3,5.9,4.8,7.3,3.2,5.7,7.3,6.4,6.0,6.8,16,12,5.6,6.1,5.9,14.3,6.6,6.7,5.5,2.21,7.9,7.3,5.9,6.0,3.2,5.7
Sciences,14.7,15.8,16.7,15.7,2.0,7.2,7.4,8.0,7.2,5.5,5.7,6.6,7.0,5.4,3.9,7.8,9,6,2.0,7.5,2.0,17.3,6.0,3.5,5.8,0.56,7.2,7.4,8.0,6.4,5.7,6.6
Sciences,10.9,11.7,10.6,11.7,-0.3,5.8,8.1,6.0,5.3,7.5,3.7,8.9,5.6,7.4,7.7,2.0,2,9,5.0,6.9,7.2,13.5,5.7,3.3,6.4,2.82,5.8,8.1,6.0,6.4,3.7,8.9
Sciences,16.6,14.9,16.2,14.9,-0.4,7.0,9.2,9.1,6.1,7.4,7.9,9.3,6.3,5.3,6.2,8.2,5,4,3.6,8.0,8.2,19.1,6.5,2.2,7.5,1.11,7.0,9.2,9.1,6.8,7.9,9.3
Sciences,17.5,17.6,17.2,16.3,-0.3,8.7,9.1,7.8,8.4,7.3,5.0,7.5,9.4,8.1,8.9,10.0,4,8,3.3,5.1,8.9,18.6,9.1,3.3,6.9,1.72,8.7,9.1,7.8,7.8,5.0,7.5
Sciences,11.1,13.9,13.1,13.1,2.0,6.5,5.6,4.5,5.5,6.9,2.5,6.2,4.8,6.7,7.1,3.0,8,1,7.7,6.6,3.2,12.6,5.4,1.7,4.0,1.94,6.5,5.6,4.5,6.2,2.5,6.2
Sciences,10.9,12.8,12.4,13.1,1.5,6.6,6.5,7.5,6.0,8.1,5.5,7.1,6.1,6.4,10.0,6.7,8,7,3.8,8.3,5.9,15.8,7.3,3.7,6.8,0.4,6.6,6.5,7.5,7.0,5.5,7.1
Sciences,13.2,15.0,14.9,13.6,1.7,6.2,4.9,7.4,5.3,7.7,7.9,5.0,4.4,7.2,7.5,4.0,9,8,5.7,8.2,7.9,15.6,5.8,4.2,6.8,1.24,6.2,4.9,7.4,6.5,7.9,5.0
Sciences,13.1,15.2,15.1,15.0,2.0,8.3,5.6,4.6,4.0,4.3,4.8,5.1,5.8,5.4,5.0,4.5,4,6,5.8,3.4,7.5,12.1,5.2,2.7,5.0,1.85,8.3,5.6,4.6,4.2,4.8,5.1
Sciences,12.6,12.4,12.4,12.1,-0.2,4.1,7.7,7.5,9.0,7.2,6.2,6.0,5.9,6.7,6.7,3.6,3,4,5.8,4.9,8.6,13.9,5.7,1.8,5.9,1.84,4.1,7.7,7.5,8.1,6.2,6.0
Sciences,15.5,14.4,15.8,15.2,0.3,6.6,5.7,6.9,6.0,4.3,5.8,4.4,6.1,7.1,4.4,6.0,10,5,9.4,3.9,5.9,12.2,5.9,3.3,3.5,0.71,6.6,5.7,6.9,5.2,5.8,4.4
Sciences,15.8,14.8,14.8,15.2,-1.0,8.4,7.4,5.7,4.7,7.4,3.2,3.5,5.0,5.3,6.7,7.5,0,6,6.1,6.8,6.1,14.7,6.1,2.0,5.6,3.57,8.4,7.4,5.7,6.1,3.2,3.5
Sciences,16.0,15.1,15.8,15.7,-0.2,2.1,7.9,5.6,6.4,3.9,4.0,4.5,7.3,7.1,5.7,6.7,4,7,6.7,3.4,3.3,13.7,6.7,3.0,3.3,3.06,2.1,7.9,5.6,5.2,4.0,4.5
Sciences,10.3,11.6,12.5,11.5,2.2,7.2,6.6,6.0,7.3,5.6,5.3,3.0,3.5,8.3,5.6,4.6,11,4,4.9,3.9,7.6,12.8,5.5,3.2,5.5,1.86,7.2,6.6,6.0,6.4,5.3,3.0
Sciences,13.3,13.5,13.8,12.9,0.5,6.3,7.2,5.7,6.4,4.9,4.7,5.2,6.3,6.7,4.7,5.5,4,8,7.0,5.0,5.3,14.2,5.8,3.3,4.4,0.64,6.3,7.2,5.7,5.6,4.7,5.2
Sciences,11.6,14.6,15.2,14.3,3.6,8.1,6.0,8.6,9.1,8.4,9.2,2.7,7.6,6.5,7.4,7.6,12,10,6.0,3.8,6.8,17.6,7.3,5.3,4.9,5.14,8.1,6.0,8.6,8.8,9.2,2.7
Sciences,13.9,16.3,14.3,14.9,0.4,6.2,6.2,6.8,3.8,7.7,3.5,5.7,6.4,9.4,7.3,5.0,4,4,6.8,6.0,6.0,14.0,7.0,2.0,5.1,1.09,6.2,6.2,6.8,5.8,3.5,5.7
Sciences,9.1,9.9,10.8,10.7,1.7,7.0,7.9,4.2,2.3,5.5,3.4,2.0,5.7,5.6,2.8,3.6,4,4,4.5,2.0,2.0,11.2,4.4,2.0,3.2,4.23,7.0,7.9,4.2,3.9,3.4,2.0
Sciences,13.6,14.7,14.6,14.6,1.0,7.2,6.9,5.7,6.6,6.5,6.2,4.5,7.6,6.7,5.2,6.1,11,3,4.7,7.0,4.8,14.6,6.4,2.8,5.7,0.79,7.2,6.9,5.7,6.6,6.2,4.5
Sciences,12.7,13.2,15.0,14.4,2.3,6.9,9.2,8.2,6.6,7.2,4.6,6.1,8.3,6.7,6.4,5.1,3,6,8.4,5.5,6.9,14.5,6.6,2.5,4.7,2.14,6.9,9.2,8.2,6.9,4.6,6.1
Sciences,12.5,11.3,12.7,12.1,0.2,4.8,5.1,7.9,2.0,7.2,2.0,6.0,5.6,6.4,2.0,6.3,10,5,5.2,4.6,5.6,12.2,5.1,3.3,5.0,3.1,4.8,5.1,7.9,4.6,2.0,6.0
Sciences,13.5,16.5,15.8,15.4,2.3,9.1,7.0,7.4,5.3,6.3,8.9,6.4,5.2,5.9,8.8,8.2,9,5,8.7,5.4,6.9,14.5,7.0,3.2,4.5,1.48,9.1,7.0,7.4,5.8,8.9,6.4
Sciences,14.6,14.8,17.5,15.2,2.9,7.8,7.3,7.5,5.6,6.4,4.7,6.4,8.2,7.5,5.9,10.0,16,7,4.0,6.7,8.0,17.6,7.9,5.0,6.9,1.12,7.8,7.3,7.5,6.0,4.7,6.4
Sciences,11.3,12.3,13.1,13.0,1.8,8.6,6.5,5.2,3.3,6.3,5.8,2.5,5.2,6.9,3.9,6.0,7,10,6.9,6.5,4.1,11.4,5.5,4.5,4.6,3.38,8.6,6.5,5.2,4.8,5.8,2.5
Sciences,13.8,11.0,12.9,12.9,-0.9,9.4,8.0,7.6,4.9,3.6,3.7,7.0,8.3,6.0,6.0,7.4,4,0,5.3,8.5,5.3,15.0,6.9,0.7,6.2,4.15,9.4,8.0,7.6,4.2,3.7,7.0
Sciences,9.0,9.0,9.1,9.7,0.1,2.9,5.9,5.3,5.7,6.2,3.1,2.1,4.3,4.5,5.1,4.3,13,2,5.6,6.8,5.0,9.7,4.6,2.8,5.4,2.41,2.9,5.9,5.3,6.0,3.1,2.1
Sciences,9.8,10.2,9.5,10.4,-0.3,3.3,5.5,2.1,2.4,2.9,2.0,5.3,3.0,3.9,3.0,3.5,0,1,6.4,8.2,6.0,6.7,3.4,0.3,5.9,2.03,3.3,5.5,2.1,2.6,2.0,5.3
Sciences,13.9,12.6,13.1,13.8,-0.8,5.2,6.5,7.9,4.6,5.7,4.3,6.2,6.6,4.7,7.5,8.0,7,9,4.7,7.2,5.6,14.0,6.7,4.2,6.0,1.34,5.2,6.5,7.9,5.2,4.3,6.2
Sciences,9.7,10.3,10.2,10.5,0.5,4.6,4.5,6.4,2.0,5.8,3.1,6.2,2.3,3.8,5.2,4.3,9,4,7.8,5.1,2.0,8.3,3.9,2.8,3.1,1.39,4.6,4.5,6.4,3.9,3.1,6.2
Sciences,10.1,13.2,13.4,12.1,3.3,6.5,4.0,7.2,7.7,5.2,5.1,4.9,5.5,5.0,4.5,6.1,0,6,7.8,5.1,5.5,13.1,5.3,2.0,4.3,1.22,6.5,4.0,7.2,6.4,5.1,4.9
Sciences,18.8,18.0,18.9,18.6,0.1,8.8,9.3,7.1,8.4,8.7,6.4,4.9,7.7,7.9,6.8,9.6,19,11,4.5,6.6,8.4,19.9,8.0,6.8,6.8,2.36,8.8,9.3,7.1,8.6,6.4,4.9
Sciences,8.3,9.0,10.3,9.8,2.0,6.9,5.8,4.8,2.0,6.9,2.4,2.1,5.8,6.6,3.0,5.1,1,3,6.7,6.3,7.8,11.0,5.1,1.2,5.8,2.94,6.9,5.8,4.8,4.4,2.4,2.1
Sciences,12.0,10.4,11.6,11.4,-0.4,8.6,6.6,4.3,4.7,6.3,4.8,3.0,5.1,8.4,4.2,8.4,6,7,8.1,4.4,6.6,14.3,6.5,3.3,4.3,3.17,8.6,6.6,4.3,5.5,4.8,3.0
Sciences,13.7,15.3,16.9,16.3,3.2,8.9,7.4,9.7,7.8,7.4,8.7,2.9,6.1,7.2,7.5,7.9,12,5,5.1,7.1,4.1,17.2,7.2,3.7,5.4,4.9,8.9,7.4,9.7,7.6,8.7,2.9
Sciences,13.6,15.4,16.3,14.9,2.7,6.1,6.8,6.4,8.2,6.1,7.9,6.9,8.1,7.1,5.0,7.1,8,2,4.7,6.2,5.5,14.8,6.8,2.0,5.7,0.33,6.1,6.8,6.4,7.2,7.9,6.9
Sciences,11.3,13.5,12.2,13.5,0.9,5.5,6.2,9.5,7.2,6.1,6.2,6.9,6.3,6.5,8.7,5.3,12,10,4.2,4.8,6.8,13.7,6.7,5.3,5.8,1.62,5.5,6.2,9.5,6.6,6.2,6.9
Sciences,13.6,15.7,16.1,14.8,2.5,7.9,7.2,10.0,6.7,5.6,7.6,6.9,8.7,4.4,7.2,8.1,4,8,7.2,5.1,8.3,18.0,7.1,3.3,5.4,1.43,7.9,7.2,10.0,6.2,7.6,6.9
Sciences,12.5,15.2,11.7,13.4,-0.8,6.8,6.5,5.1,2.9,5.3,8.7,4.8,5.3,4.4,3.7,5.4,11,7,5.6,10.0,6.7,13.0,4.7,4.2,7.0,2.34,6.8,6.5,5.1,4.1,8.7,4.8
Sciences,17.6,17.3,19.2,18.9,1.6,8.2,9.1,7.6,9.0,5.8,7.9,10.0,8.0,8.9,5.8,8.5,16,4,3.3,4.9,6.7,19.8,7.8,4.0,6.1,0.83,8.2,9.1,7.6,7.4,7.9,10.0
Sciences,13.0,13.7,15.5,13.4,2.5,2.6,3.3,4.9,3.6,2.7,4.9,3.3,4.6,5.6,5.9,4.2,8,4,6.6,4.4,6.2,7.1,5.1,2.7,4.7,0.79,2.6,3.3,4.9,3.2,4.9,3.3
Sciences,11.0,8.9,10.7,9.9,-0.3,7.0,5.7,3.9,5.8,2.8,2.7,5.2,8.3,7.1,5.6,7.3,0,10,8.5,7.8,4.7,12.8,7.1,3.3,4.7,1.88,7.0,5.7,3.9,4.3,2.7,5.2
Sciences,8.9,10.5,10.4,9.8,1.5,4.4,4.6,4.3,4.3,5.0,2.5,3.8,4.5,4.6,6.2,4.8,0,2,6.3,5.8,5.4,8.9,5.0,0.7,5.0,0.55,4.4,4.6,4.3,4.6,2.5,3.8
Sciences,13.1,12.6,14.7,12.8,1.6,6.3,6.9,6.2,4.3,8.8,5.7,4.6,6.4,3.7,5.7,9.3,7,2,7.5,5.4,7.5,14.9,6.3,1.8,5.1,0.55,6.3,6.9,6.2,6.6,5.7,4.6
Sciences,15.8,15.2,14.9,15.2,-0.9,6.2,6.1,8.6,6.3,5.1,4.0,6.0,7.6,4.6,5.0,5.6,1,5,5.8,3.8,6.9,13.1,5.7,1.8,5.0,1.81,6.2,6.1,8.6,5.7,4.0,6.0
Sciences,8.1,8.0,9.8,9.2,1.7,6.3,7.4,6.8,6.4,7.5,3.9,3.9,5.9,5.0,7.8,5.5,0,2,3.7,6.3,7.1,14.0,6.0,0.7,6.6,2.05,6.3,7.4,6.8,7.0,3.9,3.9
Sciences,13.2,13.0,14.2,13.4,1.0,5.8,4.1,5.9,5.1,7.4,3.8,3.6,6.4,6.9,4.5,6.5,6,0,5.6,2.0,6.8,13.0,6.1,1.0,4.4,1.2,5.8,4.1,5.9,6.2,3.8,3.6
Sciences,8.0,8.9,8.7,8.8,0.7,2.5,2.3,3.3,4.6,2.1,2.0,4.6,5.5,3.7,4.9,5.7,4,0,7.9,4.7,2.9,6.6,5.0,0.7,3.2,0.75,2.5,2.3,3.3,3.4,2.0,4.6
Sciences,18.5,19.4,18.2,18.2,-0.3,8.0,8.4,9.3,5.4,6.0,5.4,5.2,7.0,9.9,7.0,9.0,24,5,4.4,7.1,7.0,18.8,8.2,5.7,6.6,2.62,8.0,8.4,9.3,5.7,5.4,5.2
Sciences,14.2,13.5,14.1,14.2,-0.1,6.7,5.0,5.1,5.0,6.8,5.5,4.7,6.1,7.6,6.8,5.8,9,1,6.3,7.3,4.0,11.6,6.6,1.8,5.0,0.44,6.7,5.0,5.1,5.9,5.5,4.7
Sciences,10.1,11.3,12.2,11.8,2.1,5.8,6.6,5.4,5.1,4.9,7.7,3.6,7.6,7.6,7.9,5.8,14,8,6.3,3.4,4.9,10.5,7.2,5.0,4.0,1.63,5.8,6.6,5.4,5.0,7.7,3.6
Sciences,9.5,11.1,11.0,10.3,1.5,7.6,7.9,5.6,3.3,4.0,6.7,4.9,7.4,4.8,5.3,6.6,8,10,4.7,5.4,3.9,13.4,6.0,4.7,4.9,2.26,7.6,7.9,5.6,3.6,6.7,4.9
Sciences,11.8,10.0,11.2,10.8,-0.6,4.7,6.0,3.7,5.2,4.3,5.9,3.2,5.9,6.2,4.5,4.0,9,6,6.7,6.2,6.1,11.3,5.2,3.5,5.2,1.06,4.7,6.0,3.7,4.8,5.9,3.2
Sciences,11.0,12.8,12.7,11.8,1.7,4.6,4.8,4.9,6.8,6.4,2.6,3.7,5.7,5.3,6.8,7.4,7,6,7.2,6.2,2.5,12.9,6.3,3.2,3.8,1.49,4.6,4.8,4.9,6.6,2.6,3.7
Sciences,8.7,10.7,9.4,10.7,0.7,6.1,7.7,5.7,5.4,4.7,5.6,3.5,5.4,6.5,4.3,4.3,20,4,3.4,3.6,7.0,13.4,5.1,4.7,5.7,1.56,6.1,7.7,5.7,5.1,5.6,3.5
Sciences,15.4,15.7,15.5,15.4,0.1,6.1,7.1,6.6,6.3,2.3,5.7,6.8,5.3,5.4,8.8,5.0,6,3,8.1,5.2,6.2,15.0,6.1,2.0,4.4,0.86,6.1,7.1,6.6,4.3,5.7,6.8
Sciences,9.2,10.6,9.8,10.3,0.6,5.6,4.3,6.0,6.6,5.3,5.8,5.1,8.1,7.7,8.0,6.1,5,9,2.0,8.2,9.1,13.0,7.5,3.8,8.4,0.36,5.6,4.3,6.0,5.9,5.8,5.1
Sciences,12.7,11.8,12.9,12.4,0.2,4.5,2.4,4.1,3.4,3.6,3.2,5.0,6.0,3.2,2.7,3.8,7,2,8.0,4.9,4.4,6.8,3.9,1.8,3.8,0.74,4.5,2.4,4.1,3.5,3.2,5.0
Sciences,17.4,18.2,18.3,17.8,0.9,6.9,9.5,7.0,6.5,7.0,9.1,7.6,6.4,4.4,4.5,8.2,11,5,6.0,3.9,6.3,17.1,5.9,3.5,4.7,1.2,6.9,9.5,7.0,6.8,9.1,7.6
Sciences,13.0,13.9,14.8,14.6,1.8,6.3,9.6,9.6,5.5,9.1,6.6,5.1,8.0,10.0,5.3,8.0,9,9,3.7,8.4,7.9,18.0,7.8,4.5,7.5,2.8,6.3,9.6,9.6,7.3,6.6,5.1
Sciences,15.8,16.0,17.2,16.5,1.4,7.6,5.1,9.6,7.6,7.7,7.1,7.9,8.2,8.4,5.7,7.9,16,7,2.0,4.5,6.8,19.5,7.6,5.0,6.4,1.75,7.6,5.1,9.6,7.6,7.1,7.9
Sciences,8.6,10.9,11.5,10.4,2.9,5.4,3.2,4.8,4.1,5.0,2.0,3.9,6.5,3.4,6.0,3.4,5,6,7.1,4.5,5.6,9.1,4.8,2.8,4.3,1.26,5.4,3.2,4.8,4.6,2.0,3.9
Sciences,15.7,16.9,16.9,16.6,1.2,8.7,9.3,8.2,7.9,8.7,6.3,5.6,8.0,7.1,9.4,7.4,11,5,5.2,7.8,8.5,17.9,8.0,3.5,7.0,1.76,8.7,9.3,8.2,8.3,6.3,5.6
Sciences,8.3,10.9,10.5,11.0,2.2,4.8,4.0,3.5,4.6,3.8,5.5,5.5,4.0,3.3,5.2,4.0,4,5,6.0,6.4,4.1,6.1,4.1,2.3,4.8,0.56,4.8,4.0,3.5,4.2,5.5,5.5
Sciences,14.2,12.0,12.1,13.1,-2.1,6.8,7.2,2.7,7.0,9.0,6.3,5.8,5.4,6.0,5.5,6.3,0,8,4.6,2.0,7.9,13.2,5.8,2.7,5.1,2.83,6.8,7.2,2.7,8.0,6.3,5.8
Sciences,13.3,12.7,13.9,13.6,0.6,6.2,6.3,6.4,5.2,4.1,2.0,4.3,6.7,7.2,6.4,5.5,0,9,7.8,7.1,3.1,13.5,6.4,3.0,4.1,2.45,6.2,6.3,6.4,4.6,2.0,4.3
Sciences,14.7,14.3,14.6,14.1,-0.1,8.3,8.6,8.2,4.0,5.8,5.7,6.8,7.0,8.2,5.7,8.0,16,4,5.1,8.3,9.5,17.8,7.2,4.0,7.6,1.96,8.3,8.6,8.2,4.9,5.7,6.8
Sciences,13.8,14.0,12.8,13.3,-1.0,6.2,6.3,4.2,6.9,6.7,8.2,2.6,6.4,6.4,7.5,5.5,4,5,3.4,4.9,2.8,13.1,6.4,2.3,4.8,3.32,6.2,6.3,4.2,6.8,8.2,2.6
Sciences,9.8,8.3,10.2,9.3,0.4,4.2,3.5,4.7,4.5,5.7,3.4,3.7,3.9,4.2,4.7,4.7,2,8,8.9,4.5,6.9,6.3,4.4,3.0,4.2,0.4,4.2,3.5,4.7,5.1,3.4,3.7
Sciences,10.4,10.3,11.0,11.1,0.6,5.0,7.6,5.8,4.8,5.4,5.8,2.1,5.5,7.4,6.9,7.1,15,4,4.5,2.0,2.6,12.9,6.7,3.8,3.4,2.69,5.0,7.6,5.8,5.1,5.8,2.1
Sciences,13.3,14.1,13.0,14.0,-0.3,7.2,7.4,7.6,7.4,5.1,8.6,3.7,5.6,4.0,5.4,6.0,9,8,4.1,2.0,9.8,15.7,5.2,4.2,5.9,2.39,7.2,7.4,7.6,6.2,8.6,3.7
Sciences,12.3,13.3,14.5,13.2,2.2,7.5,7.8,6.7,4.3,9.0,5.6,6.4,7.4,5.6,6.1,5.5,8,12,6.0,8.2,6.6,15.3,6.2,5.3,6.3,0.52,7.5,7.8,6.7,6.6,5.6,6.4
Sciences,8.7,8.0,9.3,8.1,0.6,4.4,4.2,5.6,5.3,2.6,4.9,2.0,4.1,2.8,5.1,4.8,7,0,8.3,3.5,3.0,6.2,4.2,1.2,2.7,1.23,4.4,4.2,5.6,4.0,4.9,2.0
Sciences,14.1,14.4,13.0,14.3,-1.1,6.8,7.8,8.8,7.2,8.2,7.7,9.6,10.0,9.2,9.8,6.0,9,6,3.6,6.7,10.0,19.8,8.8,3.5,7.7,0.81,6.8,7.8,8.8,7.7,7.7,9.6
Sciences,11.0,10.0,10.3,10.5,-0.7,5.0,6.9,6.1,3.3,6.5,5.3,5.4,3.4,3.8,3.8,6.4,10,3,6.4,5.3,3.2,8.8,4.4,2.7,4.0,0.49,5.0,6.9,6.1,4.9,5.3,5.4
Sciences,10.5,13.4,11.7,11.9,1.2,4.7,7.0,8.0,5.1,5.4,6.2,2.0,7.2,4.5,7.2,6.3,12,0,5.5,5.4,5.6,14.0,6.3,2.0,5.2,3.66,4.7,7.0,8.0,5.2,6.2,2.0
Sciences,13.6,13.4,14.8,13.2,1.2,7.3,6.6,5.7,6.2,5.6,5.0,9.7,6.7,7.5,5.4,6.5,18,4,4.1,5.6,10.0,15.6,6.5,4.3,7.2,2.32,7.3,6.6,5.7,5.9,5.0,9.7
Sciences,14.8,15.5,15.3,15.1,0.5,5.8,8.4,5.8,6.2,5.4,4.9,9.9,9.3,5.1,9.4,7.1,5,3,7.8,6.8,6.8,14.5,7.7,1.8,5.3,3.13,5.8,8.4,5.8,5.8,4.9,9.9
Sciences,13.5,15.0,13.7,14.6,0.2,9.0,5.2,7.4,6.4,7.6,4.4,4.9,7.4,6.0,5.7,7.2,15,8,2.8,3.7,2.7,14.9,6.6,5.2,4.5,2.63,9.0,5.2,7.4,7.0,4.4,4.9
Sciences,11.6,10.4,12.5,11.5,0.9,6.7,9.4,6.0,5.4,7.6,2.8,3.4,6.7,9.5,7.0,6.2,11,0,5.6,8.0,5.5,13.8,7.4,1.8,6.0,4.84,6.7,9.4,6.0,6.5,2.8,3.4
Sciences,15.0,17.9,15.5,16.2,0.5,9.2,7.9,7.9,7.8,7.5,8.8,9.2,7.7,8.7,7.6,8.8,5,12,2.0,6.7,6.3,18.9,8.2,4.8,7.0,0.42,9.2,7.9,7.9,7.6,8.8,9.2
Sciences,10.8,11.4,13.0,12.9,2.2,9.0,4.7,8.0,5.9,8.6,5.4,4.3,5.2,5.8,9.8,5.1,0,7,7.9,4.2,6.2,13.3,6.5,2.3,4.2,3.06,9.0,4.7,8.0,7.2,5.4,4.3
Sciences,12.9,14.3,13.3,13.6,0.4,4.1,7.6,4.8,3.9,4.9,6.5,4.4,5.5,4.9,5.3,6.1,2,1,6.6,3.2,5.2,9.8,5.4,0.7,3.9,1.67,4.1,7.6,4.8,4.4,6.5,4.4
Sciences,16.5,18.5,17.8,17.9,1.3,8.8,7.6,7.0,6.3,9.4,9.4,8.3,6.0,8.9,6.6,6.1,13,10,2.6,7.2,7.9,19.0,6.9,5.5,7.5,0.62,8.8,7.6,7.0,7.8,9.4,8.3
Sciences,12.2,10.2,11.6,10.6,-0.6,5.0,6.8,5.4,6.9,5.4,5.6,4.7,4.5,7.1,7.0,6.9,10,7,7.3,5.5,3.4,13.8,6.4,4.0,3.9,0.49,5.0,6.8,5.4,6.2,5.6,4.7
Sciences,14.8,15.5,16.4,14.9,1.6,7.3,7.8,9.7,7.1,9.8,3.6,4.8,8.0,6.6,7.2,6.0,8,5,2.0,3.6,5.3,14.9,7.0,3.0,5.6,4.42,7.3,7.8,9.7,8.4,3.6,4.8
Sciences,15.3,15.7,15.3,16.0,0.0,9.4,8.6,6.9,6.6,8.9,5.6,3.2,4.5,6.9,6.3,4.9,9,4,6.0,5.4,6.9,15.7,5.6,2.8,5.4,4.21,9.4,8.6,6.9,7.8,5.6,3.2
Sciences,13.6,12.4,13.8,13.0,0.2,5.2,6.4,4.2,6.9,5.3,4.0,3.5,5.4,3.7,3.9,6.1,6,6,8.5,4.3,4.4,12.2,4.8,3.0,3.4,1.17,5.2,6.4,4.2,6.1,4.0,3.5
Sciences,12.0,13.1,12.4,12.7,0.4,5.5,5.8,4.4,3.3,8.3,2.4,4.6,5.0,4.0,5.3,6.3,13,6,6.2,8.2,8.0,14.3,5.2,4.2,6.7,1.41,5.5,5.8,4.4,5.8,2.4,4.6
Sciences,15.1,15.8,16.4,16.7,1.3,6.3,6.7,5.6,5.1,8.0,4.6,2.7,5.7,5.9,7.3,4.0,1,3,5.1,6.2,4.7,13.6,5.7,1.2,5.3,1.97,6.3,6.7,5.6,6.6,4.6,2.7
Sciences,15.4,13.8,14.7,14.0,-0.7,9.1,6.0,6.2,4.3,8.3,5.4,3.0,6.5,5.3,3.3,3.3,9,1,3.7,8.6,6.2,13.8,4.6,1.8,7.0,3.18,9.1,6.0,6.2,6.3,5.4,3.0
Sciences,16.4,15.2,15.2,15.7,-1.2,7.2,6.6,7.5,9.1,2.1,4.2,4.9,7.4,6.8,5.4,5.8,4,2,8.2,4.6,5.7,13.0,6.4,1.3,4.0,1.44,7.2,6.6,7.5,5.6,4.2,4.9
Sciences,13.6,14.0,15.0,14.3,1.4,4.9,8.1,7.1,6.6,6.6,3.9,2.0,7.5,6.1,7.1,8.0,3,3,8.1,5.2,4.0,12.3,7.2,1.5,3.7,4.28,4.9,8.1,7.1,6.6,3.9,2.0
Sciences,12.2,13.6,14.1,13.2,1.9,8.0,7.1,6.2,5.6,6.5,3.1,3.2,4.8,4.9,5.6,6.4,13,8,5.1,6.4,5.9,12.8,5.4,4.8,5.7,3.43,8.0,7.1,6.2,6.0,3.1,3.2
Sciences,9.7,10.4,10.9,10.9,1.2,3.6,6.0,5.2,6.5,6.0,5.3,7.9,5.0,5.8,8.7,4.6,2,7,5.5,6.5,3.3,11.5,6.0,2.7,4.8,1.68,3.6,6.0,5.2,6.2,5.3,7.9
Sciences,11.3,11.7,13.3,11.9,2.0,8.6,6.8,6.3,7.1,5.7,8.1,3.9,10.0,5.1,2.8,7.2,6,3,8.7,6.8,4.9,11.8,6.3,2.0,4.3,2.28,8.6,6.8,6.3,6.4,8.1,3.9
Sciences,11.5,12.0,11.8,12.5,0.3,7.5,7.5,4.2,7.6,6.3,7.6,4.1,5.9,9.0,4.5,7.4,17,4,7.0,4.5,6.0,13.6,6.7,4.2,4.5,2.37,7.5,7.5,4.2,7.0,7.6,4.1
Sciences,9.0,11.7,11.8,10.4,2.8,8.3,4.7,8.6,7.0,7.5,6.2,4.1,4.7,6.4,2.1,7.6,11,7,3.1,4.2,3.3,12.4,5.2,4.2,4.8,2.88,8.3,4.7,8.6,7.2,6.2,4.1
Sciences,14.6,15.0,13.4,14.7,-1.2,4.8,7.0,7.8,6.0,7.2,6.9,4.7,5.7,4.4,9.4,7.5,7,6,5.3,5.7,7.3,15.1,6.8,3.2,5.9,1.33,4.8,7.0,7.8,6.6,6.9,4.7
Sciences,17.5,17.6,19.5,17.4,2.0,7.9,10.0,8.8,6.3,7.4,6.2,6.8,7.1,9.7,5.5,8.4,9,7,4.6,9.3,7.1,17.4,7.7,3.8,7.3,1.72,7.9,10.0,8.8,6.8,6.2,6.8
Sciences,12.9,13.8,13.2,13.2,0.3,6.8,8.5,5.6,5.0,8.1,2.8,6.2,6.2,5.7,3.3,7.6,3,3,6.1,4.6,7.2,15.1,5.7,1.5,5.2,2.93,6.8,8.5,5.6,6.6,2.8,6.2
Sciences,17.3,17.5,17.4,18.0,0.1,6.2,6.9,9.2,7.6,7.5,5.7,5.0,6.9,5.7,5.9,6.4,16,6,5.2,5.8,6.6,16.9,6.2,4.7,5.7,1.86,6.2,6.9,9.2,7.6,5.7,5.0
Sciences,8.2,8.8,8.1,8.0,-0.1,2.9,3.8,4.0,4.1,5.1,2.5,3.3,4.5,7.6,2.4,2.3,9,3,6.6,6.0,3.0,8.0,4.2,2.5,4.1,0.49,2.9,3.8,4.0,4.6,2.5,3.3
Sciences,13.2,13.6,12.8,13.3,-0.4,6.3,4.9,4.5,4.7,8.0,5.1,6.8,5.5,6.0,4.4,4.8,9,4,7.0,6.6,5.5,11.3,5.2,2.8,5.0,0.74,6.3,4.9,4.5,6.4,5.1,6.8
Sciences,15.4,14.9,16.9,16.3,1.5,7.7,8.0,6.9,5.7,5.7,7.9,2.6,5.4,7.5,6.4,8.1,13,8,4.8,7.2,7.3,15.1,6.8,4.8,6.6,3.61,7.7,8.0,6.9,5.7,7.9,2.6
Sciences,11.3,10.7,13.4,12.0,2.1,7.8,8.2,6.0,7.8,3.4,8.5,4.6,6.4,6.9,6.9,5.3,4,7,10.0,5.9,3.7,12.6,6.4,3.0,3.2,2.13,7.8,8.2,6.0,5.6,8.5,4.6
Sciences,11.4,11.2,11.2,11.7,-0.2,5.2,6.6,4.5,6.9,5.6,5.1,4.8,5.9,5.4,5.2,5.5,0,2,6.7,3.8,3.7,11.9,5.5,0.7,3.6,0.58,5.2,6.6,4.5,6.2,5.1,4.8
Sciences,16.7,14.3,16.3,15.5,-0.4,6.8,7.2,5.9,9.2,6.8,3.1,4.0,7.4,5.8,6.5,5.0,12,4,5.5,5.2,5.9,15.4,6.2,3.3,5.2,3.06,6.8,7.2,5.9,8.0,3.1,4.0
Sciences,13.6,13.9,13.2,14.1,-0.4,4.9,6.1,5.5,7.0,7.2,5.8,4.9,4.2,5.8,5.3,5.6,12,3,9.2,8.0,5.5,14.4,5.2,3.0,4.8,0.57,4.9,6.1,5.5,7.1,5.8,4.9
Sciences,8.5,8.0,9.1,8.0,0.6,7.0,5.5,3.8,4.8,4.9,4.6,2.4,5.2,7.2,2.6,5.0,12,7,4.7,6.4,5.2,9.4,5.0,4.3,5.6,2.01,7.0,5.5,3.8,4.8,4.6,2.4
Sciences,9.6,11.0,11.7,11.1,2.1,6.3,5.1,5.7,5.7,6.8,6.4,5.9,3.3,6.2,2.9,6.6,6,11,6.1,3.5,5.3,12.8,4.8,4.7,4.2,0.2,6.3,5.1,5.7,6.2,6.4,5.9
Sciences,13.1,14.6,14.5,13.3,1.4,7.6,4.2,4.9,4.7,9.9,5.6,2.8,6.2,8.2,5.6,5.7,7,4,4.1,7.6,6.4,14.4,6.4,2.5,6.6,2.82,7.6,4.2,4.9,7.3,5.6,2.8
Sciences,9.2,8.7,8.9,8.7,-0.3,6.2,7.3,4.3,3.0,6.0,4.6,6.0,6.0,5.0,5.1,4.4,4,3,8.3,7.3,7.4,9.8,5.1,1.7,5.5,1.2,6.2,7.3,4.3,4.5,4.6,6.0
Sciences,12.0,12.1,12.4,12.4,0.4,8.4,5.3,7.9,6.8,7.5,4.5,4.9,7.8,5.2,5.4,7.4,11,7,5.0,6.1,7.0,14.0,6.4,4.2,6.0,2.31,8.4,5.3,7.9,7.2,4.5,4.9
Sciences,9.0,11.1,11.8,10.8,2.8,5.4,6.1,7.5,4.6,5.8,5.0,4.2,6.7,4.2,3.2,6.6,7,3,7.1,6.7,6.1,13.7,5.2,2.2,5.2,1.06,5.4,6.1,7.5,5.2,5.0,4.2
Sciences,14.4,14.9,14.8,15.5,0.4,9.3,9.3,7.1,8.0,5.7,7.8,4.5,9.0,8.7,7.8,8.4,12,10,5.3,9.0,5.2,19.7,8.5,5.3,6.3,2.69,9.3,9.3,7.1,6.8,7.8,4.5
Sciences,12.7,14.2,12.3,13.4,-0.4,7.0,8.9,8.3,8.1,3.1,2.6,7.2,6.4,9.0,8.9,8.8,13,6,7.0,5.2,5.1,15.5,8.3,4.2,4.4,4.28,7.0,8.9,8.3,5.6,2.6,7.2
Sciences,13.9,13.5,13.4,13.1,-0.5,8.9,6.5,3.7,4.8,5.0,4.8,3.6,5.3,4.7,5.6,5.3,5,0,7.2,9.7,7.3,12.9,5.2,0.8,6.6,3.37,8.9,6.5,3.7,4.9,4.8,3.6
Sciences,8.0,9.2,9.2,9.2,1.2,3.1,2.7,7.3,6.9,2.0,4.9,2.0,7.8,5.0,3.3,4.2,10,0,7.5,6.6,3.9,6.8,5.1,1.7,4.3,3.06,3.1,2.7,7.3,4.4,4.9,2.0
Sciences,14.8,14.8,15.4,14.7,0.6,8.6,6.7,8.8,5.1,7.3,8.6,7.3,7.9,4.8,6.4,7.5,12,5,2.9,7.3,4.7,15.6,6.6,3.7,6.4,1.04,8.6,6.7,8.8,6.2,8.6,7.3
Sciences,14.4,17.6,17.0,15.8,2.6,8.3,7.0,7.1,8.6,6.6,5.8,4.3,6.0,6.5,5.4,6.1,2,10,6.7,6.8,10.0,17.9,6.0,3.7,6.7,1.7,8.3,7.0,7.1,7.6,5.8,4.3
Sciences,10.9,11.9,11.8,11.1,0.9,4.7,4.3,4.8,4.7,2.1,5.8,3.3,2.0,4.7,2.5,4.7,1,0,10.0,5.4,7.4,7.1,3.5,0.2,4.3,0.74,4.7,4.3,4.8,3.4,5.8,3.3
Sciences,12.0,15.3,14.4,13.3,2.4,5.9,7.4,4.1,7.2,5.6,7.8,6.0,5.1,3.3,6.2,5.7,0,3,4.8,2.9,5.4,11.8,5.1,1.0,4.5,1.43,5.9,7.4,4.1,6.4,7.8,6.0
Sciences,11.6,13.9,14.0,13.4,2.4,7.7,2.8,6.1,3.9,4.5,4.5,4.9,7.4,5.8,7.1,9.6,6,5,7.8,9.2,3.9,12.3,7.5,2.7,5.1,2.37,7.7,2.8,6.1,4.2,4.5,4.9
Sciences,17.0,16.8,18.8,18.1,1.8,7.0,6.1,6.4,9.5,6.8,4.7,8.2,6.5,5.2,5.9,6.5,6,0,3.7,8.0,7.3,14.3,6.0,1.0,7.2,1.48,7.0,6.1,6.4,8.2,4.7,8.2
Sciences,12.1,13.2,13.6,13.4,1.5,4.5,5.8,5.4,5.7,7.0,5.2,3.5,3.3,7.0,3.0,7.7,12,6,6.4,8.4,5.1,13.6,5.2,4.0,5.7,0.84,4.5,5.8,5.4,6.4,5.2,3.5
Sciences,16.6,15.5,17.7,17.0,1.1,8.0,4.8,5.8,6.9,4.9,5.3,4.6,6.0,5.9,6.5,7.3,4,1,6.8,6.0,7.5,13.6,6.4,1.0,5.6,1.25,8.0,4.8,5.8,5.9,5.3,4.6
Sciences,13.2,13.8,13.7,13.3,0.5,7.6,7.0,5.5,7.9,5.4,7.1,4.6,6.1,7.3,9.0,4.4,9,6,5.4,5.2,5.0,13.1,6.7,3.5,4.9,1.07,7.6,7.0,5.5,6.6,7.1,4.6
Sciences,12.0,13.3,13.2,12.6,1.2,7.1,4.5,4.9,5.0,6.2,4.1,6.0,2.9,5.7,5.5,3.9,10,3,6.3,4.8,8.7,13.3,4.5,2.7,5.7,1.01,7.1,4.5,4.9,5.6,4.1,6.0
Sciences,14.1,13.5,14.5,14.3,0.4,6.2,6.0,6.5,8.2,4.9,8.9,8.1,7.4,5.3,6.6,7.5,12,4,6.6,8.1,5.8,17.3,6.7,3.3,5.8,1.15,6.2,6.0,6.5,6.6,8.9,8.1
Sciences,12.8,15.2,16.7,15.8,3.9,5.5,7.9,4.9,5.1,6.6,4.4,5.3,5.2,4.4,4.9,8.2,14,6,5.6,5.3,10.0,14.7,5.7,4.3,6.6,1.23,5.5,7.9,4.9,5.8,4.4,5.3
Sciences,15.9,15.5,15.1,15.4,-0.8,4.0,8.3,7.5,8.0,3.8,3.3,4.7,3.8,3.5,6.7,6.5,17,7,4.8,5.6,6.3,13.5,5.1,5.2,5.7,3.27,4.0,8.3,7.5,5.9,3.3,4.7
Sciences,12.3,12.7,14.1,13.8,1.8,7.0,6.3,5.2,4.8,6.7,6.3,2.3,8.4,7.0,4.9,6.2,8,6,3.8,6.9,8.3,13.5,6.6,3.3,7.1,2.32,7.0,6.3,5.2,5.8,6.3,2.3
Sciences,13.5,13.4,15.8,14.5,2.3,4.6,4.7,4.7,5.9,5.2,7.4,5.1,4.7,9.6,7.4,5.6,9,5,5.4,4.8,5.0,13.2,6.8,3.2,4.8,0.95,4.6,4.7,4.7,5.6,7.4,5.1
Sciences,13.4,15.2,13.6,14.1,0.2,6.2,7.5,9.5,8.2,5.6,7.2,5.2,7.2,8.4,6.5,6.0,8,8,2.2,9.0,4.8,19.7,7.0,4.0,7.2,1.73,6.2,7.5,9.5,6.9,7.2,5.2
Sciences,8.0,10.1,8.6,10.0,0.6,7.8,7.5,6.6,6.9,4.9,6.0,5.9,5.1,8.2,6.3,4.6,3,6,5.6,5.8,2.0,12.8,6.0,2.5,4.1,0.6,7.8,7.5,6.6,5.9,6.0,5.9
Sciences,13.2,13.5,14.6,14.0,1.4,6.9,6.0,6.9,8.3,4.7,8.3,3.8,5.7,7.3,5.4,3.4,11,6,5.7,3.0,7.8,11.9,5.4,3.8,5.0,1.84,6.9,6.0,6.9,6.5,8.3,3.8
Sciences,13.3,11.7,13.3,13.2,0.0,6.3,6.6,7.9,5.5,7.8,7.7,4.7,8.9,5.7,8.5,4.9,13,4,7.3,5.0,6.2,14.5,7.0,3.5,4.6,1.1,6.3,6.6,7.9,6.6,7.7,4.7
Sciences,12.5,14.1,14.4,13.3,1.9,5.8,6.3,8.4,7.2,5.8,5.1,2.0,4.2,7.5,6.2,5.0,2,6,6.6,7.8,3.5,12.1,5.7,2.3,4.9,3.72,5.8,6.3,8.4,6.5,5.1,2.0
Sciences,12.0,11.7,12.5,12.3,0.5,3.7,6.7,6.6,9.1,4.8,5.0,2.0,6.1,5.8,8.3,7.5,3,3,10.0,4.6,8.4,14.6,6.9,1.5,4.3,3.3,3.7,6.7,6.6,7.0,5.0,2.0
Sciences,11.3,14.0,12.1,12.3,0.8,5.6,6.4,2.6,4.4,6.6,5.8,6.9,4.6,3.8,4.5,3.9,1,6,4.0,6.2,6.8,7.5,4.2,2.2,6.3,1.88,5.6,6.4,2.6,5.5,5.8,6.9
Sciences,8.5,10.6,10.0,9.8,1.5,5.1,5.0,6.4,4.8,6.5,6.5,4.9,4.7,5.5,5.3,6.1,6,7,7.0,5.9,8.1,12.3,5.4,3.3,5.7,0.43,5.1,5.0,6.4,5.6,6.5,4.9
Sciences,13.2,12.1,14.0,12.8,0.8,8.2,6.6,6.9,4.6,6.6,7.1,6.6,7.0,7.0,6.9,7.4,9,12,4.1,6.5,4.4,17.6,7.1,5.5,5.6,0.6,8.2,6.6,6.9,5.6,7.1,6.6
Sciences,13.5,14.6,16.0,15.2,2.5,3.2,4.7,5.2,8.7,3.7,4.9,3.3,7.0,7.1,4.8,6.8,9,6,4.3,10.0,8.1,13.6,6.4,3.5,7.9,1.11,3.2,4.7,5.2,6.2,4.9,3.3
Sciences,8.0,9.5,8.0,8.0,0.0,7.2,5.3,6.1,5.1,4.9,5.0,6.2,4.8,4.8,6.4,4.3,11,7,6.4,3.5,6.3,12.1,5.1,4.2,4.5,0.62,7.2,5.3,6.1,5.0,5.0,6.2
Sciences,13.6,14.4,14.9,14.5,1.3,6.1,5.7,8.2,5.0,6.2,5.7,6.6,6.4,7.9,5.4,8.1,11,1,5.3,5.1,8.8,15.5,7.0,2.2,6.2,0.82,6.1,5.7,8.2,5.6,5.7,6.6
Sciences,11.0,11.6,12.6,12.1,1.6,4.3,6.3,5.0,3.6,6.1,4.6,3.3,5.3,7.0,5.8,3.9,10,7,8.4,5.7,6.7,12.4,5.5,4.0,4.7,0.8,4.3,6.3,5.0,4.8,4.6,3.3
Sciences,11.2,12.1,12.4,12.1,1.2,6.2,6.7,8.3,4.7,7.0,4.6,3.2,6.3,6.8,7.4,5.7,0,8,6.0,10.0,6.4,14.3,6.6,2.7,6.8,2.57,6.2,6.7,8.3,5.8,4.6,3.2
Sciences,12.5,12.4,12.7,12.9,0.2,5.9,5.2,5.4,7.5,7.3,6.0,3.8,6.7,9.0,8.5,6.3,1,9,4.6,6.1,8.2,14.2,7.6,3.2,6.6,1.15,5.9,5.2,5.4,7.4,6.0,3.8
Sciences,10.6,10.8,11.9,10.6,1.3,7.2,6.6,5.5,6.9,3.0,3.9,4.5,6.5,7.4,5.7,6.7,3,5,7.2,6.0,7.1,11.7,6.6,2.2,5.3,1.32,7.2,6.6,5.5,5.0,3.9,4.5
Sciences,12.0,12.1,13.5,12.2,1.5,4.0,6.4,5.0,5.2,4.5,4.3,3.9,7.1,6.0,5.7,6.4,1,2,7.2,4.1,6.7,7.7,6.3,0.8,4.5,0.71,4.0,6.4,5.0,4.8,4.3,3.9
Sciences,14.3,17.2,14.9,16.4,0.6,8.6,7.3,6.3,6.5,6.1,2.3,5.3,3.0,6.6,7.4,7.5,13,2,3.7,6.8,5.3,14.8,6.1,2.8,6.1,3.8,8.6,7.3,6.3,6.3,2.3,5.3
Sciences,12.1,11.4,11.4,11.7,-0.7,6.8,3.1,4.1,4.0,9.8,4.4,7.2,6.0,6.6,5.3,8.1,4,2,5.7,5.5,5.6,13.4,6.5,1.3,5.1,2.57,6.8,3.1,4.1,6.9,4.4,7.2
Sciences,13.4,12.4,13.4,13.2,0.0,7.5,8.9,7.5,4.8,5.9,7.2,3.6,4.3,6.8,9.1,4.9,11,5,6.6,7.1,2.9,13.3,6.3,3.5,4.5,2.97,7.5,8.9,7.5,5.4,7.2,3.6
Sciences,11.5,10.9,12.3,11.2,0.8,6.7,7.7,5.9,4.5,5.3,4.2,3.2,6.0,6.4,5.3,8.0,5,0,6.0,7.4,5.1,14.4,6.4,0.8,5.5,2.29,6.7,7.7,5.9,4.9,4.2,3.2
Sciences,13.7,14.0,14.6,14.3,0.9,7.9,8.7,7.2,6.6,5.9,6.3,4.8,7.2,5.5,5.9,7.4,2,3,6.8,5.4,7.2,13.0,6.5,1.3,5.3,1.59,7.9,8.7,7.2,6.2,6.3,4.8
Sciences,14.1,13.0,12.9,13.1,-1.2,4.0,6.9,3.9,3.6,5.1,3.4,2.0,7.0,2.0,7.4,2.1,1,4,5.9,3.5,6.4,10.8,4.6,1.5,4.7,2.14,4.0,6.9,3.9,4.4,3.4,2.0
Sciences,16.7,16.4,16.7,15.8,0.0,8.7,10.0,7.1,6.7,4.9,8.3,7.6,9.8,8.9,9.8,7.6,23,7,4.9,7.5,5.5,20.0,9.0,6.2,6.0,1.72,8.7,10.0,7.1,5.8,8.3,7.6
Sciences,11.1,11.8,11.4,11.3,0.3,4.9,5.7,6.5,4.8,5.6,4.2,4.4,7.0,6.7,5.2,6.1,2,1,7.1,7.7,7.6,10.5,6.2,0.7,6.1,0.61,4.9,5.7,6.5,5.2,4.2,4.4
Sciences,13.5,13.8,12.9,12.7,-0.6,8.2,6.1,6.8,3.5,5.5,4.9,4.3,6.0,4.5,7.4,5.4,11,1,6.3,4.5,10.0,13.5,5.8,2.2,6.1,1.93,8.2,6.1,6.8,4.5,4.9,4.3
Sciences,11.7,10.3,11.3,11.0,-0.4,8.8,7.3,6.3,6.4,6.3,5.9,4.5,8.5,7.3,5.9,5.0,2,2,5.8,6.8,4.7,14.9,6.7,1.0,5.2,1.72,8.8,7.3,6.3,6.4,5.9,4.5
Sciences,16.7,16.2,16.7,15.9,0.0,6.8,5.9,7.2,6.1,5.0,3.5,6.8,8.7,5.6,5.5,9.4,15,5,9.7,4.2,5.8,14.7,7.3,4.2,3.4,1.53,6.8,5.9,7.2,5.6,3.5,6.8
Sciences,11.9,12.3,11.7,11.6,-0.2,4.7,7.0,5.2,7.7,4.3,7.0,6.5,6.4,5.6,4.1,6.3,9,11,8.1,4.2,4.9,13.5,5.6,5.2,3.7,0.76,4.7,7.0,5.2,6.0,7.0,6.5
Sciences,10.6,11.2,12.6,11.8,2.0,7.0,3.1,6.6,4.8,7.3,7.6,4.5,7.8,8.0,7.1,6.4,9,8,6.6,8.2,5.8,13.7,7.3,4.2,5.8,2.39,7.0,3.1,6.6,6.0,7.6,4.5
Sciences,10.4,11.7,12.1,11.9,1.7,3.8,6.0,6.1,3.6,7.1,4.5,5.7,5.8,4.4,6.8,3.9,9,5,5.0,6.8,6.2,12.1,5.2,3.2,6.0,0.69,3.8,6.0,6.1,5.4,4.5,5.7
Sciences,9.3,10.1,11.1,11.7,1.8,6.8,6.4,4.2,3.9,5.0,5.0,5.3,6.5,3.3,3.7,3.9,7,5,7.0,5.4,3.8,8.3,4.4,2.8,4.1,0.91,6.8,6.4,4.2,4.4,5.0,5.3
Sciences,8.0,9.1,8.6,8.3,0.6,3.5,4.3,3.1,2.3,2.0,5.0,4.0,3.9,6.7,4.5,3.0,7,5,10.0,2.0,4.2,6.6,4.5,2.8,2.1,0.82,3.5,4.3,3.1,2.2,5.0,4.0
Sciences,9.1,10.2,9.9,10.4,0.8,6.8,9.0,6.9,6.3,7.0,5.6,4.8,5.8,6.2,10.0,7.9,6,7,4.7,5.3,6.3,14.7,7.5,3.3,5.6,1.69,6.8,9.0,6.9,6.6,5.6,4.8
Sciences,9.5,11.7,11.3,11.0,1.8,5.2,5.8,6.0,2.9,3.0,3.4,5.4,4.4,7.6,7.4,6.6,4,4,6.0,6.8,6.6,12.6,6.5,2.0,5.8,1.39,5.2,5.8,6.0,3.0,3.4,5.4
Sciences,14.4,15.2,16.0,15.0,1.6,6.2,8.6,6.7,5.8,5.8,8.7,3.7,6.8,4.7,5.3,6.1,10,4,4.9,4.1,9.0,16.3,5.7,3.0,6.1,2.94,6.2,8.6,6.7,5.8,8.7,3.7
Sciences,15.0,15.8,15.4,16.0,0.4,7.2,5.1,4.9,4.4,7.0,4.7,4.9,6.2,3.9,7.3,6.8,11,4,6.9,5.2,5.8,13.0,6.0,3.2,4.7,0.73,7.2,5.1,4.9,5.7,4.7,4.9
Sciences,8.1,9.1,11.1,10.5,3.0,6.0,7.4,6.2,6.6,6.7,4.3,4.4,4.8,4.7,4.4,5.6,7,7,5.4,7.1,4.9,12.9,4.9,3.5,5.5,1.28,6.0,7.4,6.2,6.6,4.3,4.4
Sciences,9.7,9.3,10.2,10.6,0.5,6.3,6.6,5.7,4.6,6.5,8.0,4.1,5.8,5.3,2.0,6.3,11,4,6.5,3.3,7.1,13.1,4.8,3.2,4.6,1.39,6.3,6.6,5.7,5.6,8.0,4.1
Sciences,9.8,9.2,12.0,11.5,2.2,5.8,6.8,5.7,3.9,8.4,6.9,2.3,6.1,4.7,6.4,7.0,12,3,4.8,3.5,7.0,15.5,6.1,3.0,5.2,2.4,5.8,6.8,5.7,6.2,6.9,2.3
Sciences,8.4,8.0,9.0,8.0,0.6,5.1,2.0,4.1,3.5,4.6,4.1,2.0,2.6,4.6,6.4,4.7,2,0,10.0,2.0,4.3,6.2,4.6,0.3,2.1,1.34,5.1,2.0,4.1,4.0,4.1,2.0
Sciences,15.6,17.5,14.0,15.4,-1.6,8.1,6.5,8.9,6.8,3.3,4.1,4.4,8.0,7.1,8.4,6.9,1,5,4.5,6.8,7.0,14.8,7.6,1.8,6.4,3.33,8.1,6.5,8.9,5.0,4.1,4.4
Sciences,14.7,14.3,14.9,15.5,0.2,6.3,6.8,6.1,5.7,5.5,6.9,6.6,8.0,5.0,6.6,6.8,6,2,7.7,5.1,5.4,14.0,6.6,1.7,4.3,0.2,6.3,6.8,6.1,5.6,6.9,6.6
Sciences,15.6,13.8,16.2,16.2,0.6,10.0,9.4,10.0,6.7,7.6,10.0,6.8,9.4,6.6,6.6,9.5,20,6,3.4,8.7,6.1,19.4,8.0,5.3,7.1,1.89,10.0,9.4,10.0,7.2,10.0,6.8
Sciences,9.5,10.3,10.0,9.4,0.5,4.6,6.7,7.4,3.4,4.2,5.6,5.4,4.5,3.7,5.3,5.6,6,7,5.9,5.0,2.0,8.3,4.8,3.3,3.7,1.45,4.6,6.7,7.4,3.8,5.6,5.4
Sciences,15.7,19.5,18.8,18.6,3.1,9.3,10.0,7.0,7.7,6.7,7.6,8.4,7.9,6.1,7.0,7.2,9,7,3.2,10.0,6.4,19.2,7.0,3.8,7.7,1.21,9.3,10.0,7.0,7.2,7.6,8.4
Sciences,13.1,14.1,14.1,13.8,1.0,4.7,8.4,6.8,5.0,4.8,6.9,5.8,5.2,2.5,5.5,6.3,10,3,2.6,4.1,3.2,14.8,4.9,2.7,4.9,1.63,4.7,8.4,6.8,4.9,6.9,5.8
Sciences,15.1,15.5,17.1,15.2,2.0,7.2,6.1,9.5,5.8,9.8,5.2,5.5,7.1,6.3,7.8,8.1,12,6,6.6,6.8,5.1,14.7,7.3,4.0,5.1,2.19,7.2,6.1,9.5,7.8,5.2,5.5
Sciences,12.2,12.6,12.2,12.9,0.0,6.6,6.6,6.8,7.5,5.8,5.3,3.6,6.9,6.0,5.6,6.7,6,11,3.5,5.0,7.3,15.2,6.3,4.7,6.3,1.33,6.6,6.6,6.8,6.6,5.3,3.6
Sciences,11.9,10.8,13.6,12.4,1.7,6.3,7.1,6.2,3.7,9.1,4.6,8.3,9.7,5.4,7.4,5.4,13,4,5.7,6.8,3.2,12.6,7.0,3.5,4.8,1.22,6.3,7.1,6.2,6.4,4.6,8.3
Sciences,9.8,9.2,10.5,10.5,0.7,6.3,6.8,4.0,5.6,4.0,4.3,2.2,7.4,4.5,4.8,5.0,10,0,7.7,6.0,5.5,12.7,5.4,1.7,4.6,2.31,6.3,6.8,4.0,4.8,4.3,2.2
Sciences,15.5,14.1,15.1,14.4,-0.4,6.9,8.8,6.1,3.6,7.2,5.1,5.4,7.0,7.5,9.3,6.8,4,7,7.1,4.5,6.3,14.6,7.6,3.0,4.6,1.62,6.9,8.8,6.1,5.4,5.1,5.4
Sciences,10.4,11.7,14.2,12.2,3.8,6.6,9.0,6.5,5.7,5.7,4.4,6.0,5.6,9.0,3.0,4.4,10,5,3.9,5.3,5.2,11.7,5.5,3.3,5.5,1.91,6.6,9.0,6.5,5.7,4.4,6.0
Sciences,8.3,10.0,11.0,10.1,2.7,4.9,8.5,8.7,3.7,3.8,4.4,5.9,6.8,4.3,3.8,7.2,4,4,7.3,5.5,4.7,11.0,5.5,2.0,4.3,3.73,4.9,8.5,8.7,3.8,4.4,5.9
Sciences,8.0,10.3,10.2,9.6,2.2,6.0,7.2,5.0,6.4,4.2,4.1,2.1,3.9,7.1,4.8,3.7,5,3,9.1,4.2,5.9,10.0,4.9,1.8,3.7,2.52,6.0,7.2,5.0,5.3,4.1,2.1
Sciences,14.6,14.9,17.0,15.4,2.4,8.0,7.1,4.3,3.8,5.9,5.9,4.2,7.8,6.7,2.9,8.2,3,3,4.9,7.2,6.8,13.6,6.4,1.5,6.4,2.04,8.0,7.1,4.3,4.8,5.9,4.2
Sciences,14.9,16.9,17.3,16.1,2.4,4.7,8.2,4.7,6.7,4.8,5.6,3.6,4.8,6.2,2.1,5.8,11,9,6.9,4.3,6.0,13.8,4.7,4.8,4.5,2.04,4.7,8.2,4.7,5.8,5.6,3.6
Sciences,15.5,14.6,14.8,15.1,-0.7,7.0,10.0,8.0,9.2,7.0,6.9,2.5,7.0,7.0,4.2,6.0,11,2,2.6,10.0,6.1,18.5,6.0,2.5,7.8,5.24,7.0,10.0,8.0,8.1,6.9,2.5
Sciences,11.0,13.2,12.8,12.3,1.8,5.0,5.8,7.5,4.0,2.1,7.6,4.9,3.4,5.6,5.1,6.0,10,4,7.1,7.3,7.2,12.2,5.0,3.0,5.8,2.5,5.0,5.8,7.5,3.0,7.6,4.9
Sciences,12.4,13.3,12.1,13.2,-0.3,4.8,5.5,7.0,4.5,6.8,5.4,3.5,6.9,7.5,5.4,4.6,5,4,6.5,6.4,3.6,12.9,6.1,2.2,4.5,1.09,4.8,5.5,7.0,5.6,5.4,3.5
Sciences,16.0,15.6,15.9,16.0,-0.1,7.6,7.3,8.8,6.1,9.3,10.0,8.9,8.2,6.1,7.9,7.7,9,9,5.8,10.0,8.2,19.1,7.5,4.5,7.5,0.88,7.6,7.3,8.8,7.7,10.0,8.9
Sciences,10.8,12.3,12.8,12.2,2.0,9.0,6.5,9.3,6.3,7.7,6.9,6.9,6.6,6.8,6.6,6.4,7,10,6.1,6.2,7.4,17.3,6.6,4.5,5.8,1.23,9.0,6.5,9.3,7.0,6.9,6.9
Maths,8.0,9.0,9.2,9.0,1.2,2.8,2.3,2.0,2.0,4.6,3.2,2.0,3.2,4.8,4.9,2.0,7,0,7.5,5.4,4.9,6.7,3.7,1.2,4.3,0.28,2.8,2.3,2.0,3.3,3.2,2.0
Maths,9.6,9.7,10.9,10.1,1.3,2.0,5.6,3.9,4.8,5.1,7.1,3.7,3.2,3.1,3.8,5.6,2,1,7.7,3.8,4.4,9.4,3.9,0.7,3.5,2.57,2.0,5.6,3.9,4.9,7.1,3.7
Maths,8.0,8.0,9.1,8.2,1.1,4.3,6.2,4.1,6.1,3.1,5.4,2.4,3.7,6.8,7.5,7.7,11,6,5.0,3.2,7.1,11.2,6.4,3.8,5.1,1.39,4.3,6.2,4.1,4.6,5.4,2.4
Maths,14.2,14.9,16.3,14.7,2.1,5.1,4.2,6.6,5.8,5.5,6.5,3.3,6.9,6.6,3.4,5.9,11,5,6.8,6.0,6.5,13.7,5.7,3.5,5.2,1.41,5.1,4.2,6.6,5.6,6.5,3.3
Maths,10.4,12.0,10.4,10.5,0.0,3.3,6.0,2.0,3.6,5.4,2.0,3.1,3.5,5.6,3.4,4.2,1,0,7.9,2.7,2.7,7.7,4.2,0.2,2.5,1.99,3.3,6.0,2.0,4.5,2.0,3.1
Maths,9.2,10.4,10.9,10.6,1.7,3.4,5.7,3.3,4.8,4.9,2.8,3.7,4.3,4.2,5.7,4.3,4,5,7.6,6.5,6.5,13.0,4.6,2.3,5.1,1.0,3.4,5.7,3.3,4.8,2.8,3.7
Maths,15.5,15.3,13.9,14.6,-1.6,7.9,7.8,6.2,7.6,8.5,6.3,2.0,7.0,5.7,2.0,5.9,7,4,3.9,9.2,6.1,15.5,5.2,2.5,7.1,4.39,7.9,7.8,6.2,8.0,6.3,2.0
Maths,14.1,11.8,14.5,12.7,0.4,6.5,4.3,6.9,2.6,6.5,2.3,6.5,6.8,7.0,5.2,6.4,2,7,5.3,4.0,4.9,13.6,6.4,2.7,4.5,2.65,6.5,4.3,6.9,4.6,2.3,6.5
Maths,12.6,10.5,10.4,11.7,-2.2,4.9,5.5,4.7,3.7,8.2,4.0,6.1,6.3,6.8,3.8,7.4,6,5,8.6,4.3,8.8,14.0,6.1,2.7,4.8,0.54,4.9,5.5,4.7,5.9,4.0,6.1
Maths,12.6,14.4,15.6,14.0,3.0,5.0,6.3,6.9,8.1,3.6,6.9,2.0,6.9,5.1,3.5,6.2,9,9,4.5,2.9,5.6,13.1,5.4,4.5,4.7,2.86,5.0,6.3,6.9,5.8,6.9,2.0
Maths,13.1,13.5,14.1,13.7,1.0,8.4,6.8,7.7,4.6,6.4,4.8,5.5,7.1,6.5,6.0,9.4,14,4,2.5,6.5,2.8,17.2,7.2,3.7,5.6,1.67,8.4,6.8,7.7,5.5,4.8,5.5
Maths,14.1,16.0,15.6,15.0,1.5,5.9,2.3,8.3,6.5,5.6,3.1,2.6,5.2,5.3,2.8,6.0,6,8,4.7,5.8,5.2,14.4,4.8,3.7,5.4,4.83,5.9,2.3,8.3,6.0,3.1,2.6
Maths,12.5,15.9,14.9,14.7,2.4,5.2,6.7,5.8,7.5,7.3,6.8,4.0,7.8,6.2,4.9,4.8,15,5,2.0,5.6,7.7,16.3,5.9,4.2,7.1,1.29,5.2,6.7,5.8,7.4,6.8,4.0
Maths,15.2,15.3,14.8,14.5,-0.4,6.2,3.7,4.2,2.8,4.7,8.9,5.6,4.9,4.6,2.9,4.4,11,2,8.8,5.7,4.1,14.7,4.2,2.5,3.7,3.33,6.2,3.7,4.2,3.8,8.9,5.6
Maths,10.7,13.1,13.2,12.4,2.5,3.8,3.8,6.1,2.2,2.4,3.1,5.5,3.6,3.4,5.1,6.9,9,11,6.0,3.3,6.8,11.8,4.8,5.2,4.7,1.73,3.8,3.8,6.1,2.3,3.1,5.5
Maths,16.3,13.3,15.4,16.4,-0.9,7.1,6.1,8.4,9.3,7.9,8.6,7.4,9.3,8.9,7.3,8.9,7,10,3.9,4.0,4.9,19.4,8.6,4.5,5.0,0.85,7.1,6.1,8.4,8.6,8.6,7.4
Maths,12.5,12.9,12.3,12.5,-0.2,5.7,7.3,6.0,3.8,4.7,3.2,4.8,5.1,5.2,4.8,3.1,15,4,7.5,4.1,7.7,13.1,4.6,3.8,4.8,1.73,5.7,7.3,6.0,4.2,3.2,4.8
Maths,12.7,14.1,12.9,13.3,0.2,8.7,9.3,5.9,5.2,5.9,5.8,7.8,9.4,8.5,8.1,6.5,12,8,3.6,3.1,5.2,17.4,8.1,4.7,4.9,2.23,8.7,9.3,5.9,5.6,5.8,7.8
Maths,11.6,11.2,13.0,12.3,1.4,8.6,6.3,6.9,4.5,4.2,4.7,3.2,6.8,6.4,4.9,5.3,5,1,5.8,3.9,4.8,13.2,5.9,1.2,4.3,3.21,8.6,6.3,6.9,4.4,4.7,3.2
Maths,13.2,13.5,13.8,13.5,0.6,7.6,5.4,4.8,3.7,5.4,3.4,3.6,4.9,5.9,5.2,4.3,4,1,4.9,5.8,4.6,12.9,5.1,1.0,5.2,1.94,7.6,5.4,4.8,4.6,3.4,3.6
Maths,12.7,12.9,14.6,13.8,1.9,6.0,6.1,6.4,6.4,3.9,6.6,2.0,6.6,4.7,4.1,3.7,6,7,2.7,5.7,6.6,14.0,4.8,3.3,6.5,2.48,6.0,6.1,6.4,5.2,6.6,2.0
Maths,12.2,13.7,13.2,12.8,1.0,8.8,7.2,5.1,3.4,4.9,2.1,4.1,9.1,3.7,2.0,4.3,2,4,6.3,2.3,8.5,12.9,4.8,1.7,4.8,4.81,8.8,7.2,5.1,4.2,2.1,4.1
Maths,9.1,8.5,10.5,9.4,1.4,6.9,3.4,6.6,2.5,4.3,5.4,5.7,7.0,5.1,5.4,4.4,12,4,7.8,7.3,5.6,14.1,5.5,3.3,5.0,1.94,6.9,3.4,6.6,3.4,5.4,5.7
Maths,11.0,10.4,10.8,11.1,-0.2,4.0,3.8,3.7,6.7,3.9,6.4,4.6,6.0,7.4,4.5,3.1,1,2,6.7,4.7,5.1,11.8,5.2,0.8,4.4,0.92,4.0,3.8,3.7,5.3,6.4,4.6
Maths,11.2,11.5,12.2,11.9,1.0,6.0,7.3,6.6,3.7,6.0,6.3,3.3,4.9,6.9,8.2,6.8,8,4,7.8,3.3,4.5,13.5,6.7,2.7,3.3,1.72,6.0,7.3,6.6,4.8,6.3,3.3
Maths,11.7,12.8,12.0,10.8,0.3,5.1,7.7,6.9,4.3,6.5,5.9,6.1,8.4,4.9,6.6,6.1,5,3,4.0,4.9,2.7,13.8,6.5,1.8,4.5,0.78,5.1,7.7,6.9,5.4,5.9,6.1
Maths,14.0,14.3,14.4,13.4,0.4,3.9,6.4,5.8,6.5,4.7,7.5,4.1,7.3,4.7,4.5,4.7,9,0,4.9,4.3,4.5,12.7,5.3,1.5,4.6,1.57,3.9,6.4,5.8,5.6,7.5,4.1
Maths,11.9,13.5,11.1,12.0,-0.8,6.2,6.4,10.0,7.2,8.6,5.9,7.2,6.6,5.8,7.1,4.1,14,10,2.2,5.1,4.3,18.7,5.9,5.7,5.7,1.94,6.2,6.4,10.0,7.9,5.9,7.2
Maths,13.2,12.6,13.7,14.2,0.5,6.1,7.6,6.6,7.5,4.2,2.5,5.6,8.7,3.6,7.2,5.5,5,4,6.5,7.0,2.4,14.5,6.2,2.2,4.3,2.48,6.1,7.6,6.6,5.8,2.5,5.6
Maths,8.2,9.7,11.0,10.8,2.8,4.5,5.3,4.7,4.6,2.0,3.3,5.4,3.7,3.7,4.3,4.4,2,7,7.4,2.1,4.0,6.7,4.0,2.7,2.9,0.72,4.5,5.3,4.7,3.3,3.3,5.4
Maths,10.5,12.0,10.9,10.8,0.4,6.6,6.1,5.2,4.0,2.6,4.1,4.5,3.8,7.5,7.5,3.9,0,0,6.0,5.3,4.1,11.3,5.7,0.0,4.5,1.29,6.6,6.1,5.2,3.3,4.1,4.5
Maths,14.9,12.0,13.8,13.6,-1.1,5.1,3.4,7.9,7.8,4.5,2.0,6.2,5.7,8.9,4.9,4.7,16,0,6.6,3.7,8.3,16.0,6.0,2.7,5.1,3.77,5.1,3.4,7.9,6.2,2.0,6.2
Maths,14.3,13.4,14.9,14.0,0.6,5.6,6.2,3.9,5.7,3.4,3.0,4.3,7.0,6.6,7.1,5.5,12,3,5.1,5.4,4.0,13.7,6.6,3.0,4.8,1.12,5.6,6.2,3.9,4.6,3.0,4.3
Maths,11.8,14.8,13.5,13.0,1.7,7.8,7.9,7.2,5.6,9.7,3.7,4.3,5.7,5.8,5.7,7.1,3,8,7.1,6.6,7.3,16.9,6.1,3.2,5.6,3.02,7.8,7.9,7.2,7.6,3.7,4.3
Maths,16.3,14.9,16.4,15.8,0.1,7.7,6.8,6.0,7.3,4.4,4.7,6.5,5.6,4.8,7.0,4.0,6,2,5.2,6.9,7.4,18.0,5.4,1.7,6.4,0.85,7.7,6.8,6.0,5.8,4.7,6.5
Maths,9.4,8.0,9.4,8.6,0.0,5.3,4.6,4.6,2.0,5.5,3.2,6.2,3.7,5.9,3.3,6.3,3,0,6.6,4.6,6.9,9.2,4.8,0.5,5.0,0.96,5.3,4.6,4.6,3.8,3.2,6.2
Maths,8.4,9.6,10.8,9.6,2.4,4.8,4.7,5.9,6.2,4.9,4.0,2.9,4.8,5.8,4.8,3.3,6,4,3.6,4.7,4.9,12.0,4.7,2.3,5.3,0.98,4.8,4.7,5.9,5.6,4.0,2.9
Maths,11.3,10.7,10.2,12.3,-1.1,7.3,4.4,6.7,6.2,5.5,3.3,3.8,4.5,4.9,5.5,4.7,3,3,7.5,3.5,7.5,12.6,4.9,1.5,4.5,2.21,7.3,4.4,6.7,5.8,3.3,3.8
Maths,15.3,15.4,14.3,14.3,-1.0,7.2,9.3,7.9,6.8,5.2,3.7,5.4,6.3,6.0,7.4,8.5,4,7,5.5,4.5,7.1,17.2,7.0,3.0,5.4,3.26,7.2,9.3,7.9,6.0,3.7,5.4
Maths,11.3,10.1,10.5,10.9,-0.8,7.7,7.0,6.2,3.1,6.6,6.2,6.3,7.7,7.2,6.2,6.5,10,4,6.1,6.4,7.8,15.7,6.9,3.0,6.0,0.76,7.7,7.0,6.2,4.8,6.2,6.3
Maths,12.7,13.4,15.1,14.4,2.4,5.3,4.3,4.8,7.1,3.9,5.1,5.0,6.0,4.3,2.0,7.2,15,5,6.8,3.3,9.5,13.2,4.9,4.2,5.3,0.15,5.3,4.3,4.8,5.5,5.1,5.0
Maths,10.8,12.2,12.1,12.2,1.3,6.3,4.4,3.1,6.4,7.1,5.4,6.4,5.3,6.2,5.6,8.2,8,8,4.8,3.1,5.4,14.4,6.3,4.0,4.6,1.65,6.3,4.4,3.1,6.8,5.4,6.4
Maths,12.8,11.7,12.5,12.1,-0.3,3.1,4.1,5.3,4.8,6.4,7.5,7.7,4.5,3.3,7.3,2.9,4,0,6.3,7.4,5.4,11.6,4.5,0.7,5.5,2.77,3.1,4.1,5.3,5.6,7.5,7.7
Maths,17.4,16.1,16.9,15.9,-0.5,5.4,5.4,8.1,5.7,5.8,5.7,3.7,6.1,9.4,5.8,7.5,6,8,4.7,5.4,5.2,15.3,7.2,3.7,5.3,1.66,5.4,5.4,8.1,5.8,5.7,3.7
Maths,11.9,13.2,12.5,12.7,0.6,5.6,6.1,6.0,4.6,5.3,4.3,5.6,5.6,4.6,7.8,7.5,2,0,8.4,6.5,8.1,13.4,6.4,0.3,5.4,0.39,5.6,6.1,6.0,4.9,4.3,5.6
Maths,14.9,14.9,15.7,15.1,0.8,6.5,7.0,6.3,5.3,6.5,5.1,5.4,6.0,7.0,5.6,5.5,5,6,5.2,7.2,10.0,14.8,6.0,2.8,7.3,0.42,6.5,7.0,6.3,5.9,5.1,5.4
Maths,9.6,9.3,11.8,10.3,2.2,9.1,6.1,5.6,6.2,5.6,4.8,4.2,6.5,3.5,2.5,4.8,11,7,5.3,5.2,6.5,12.2,4.3,4.2,5.5,2.41,9.1,6.1,5.6,5.9,4.8,4.2
Maths,12.7,14.5,14.8,13.8,2.1,4.9,4.4,4.9,4.2,6.6,5.6,5.2,5.5,5.0,4.3,2.4,0,2,8.9,4.5,2.4,12.1,4.3,0.7,2.7,0.15,4.9,4.4,4.9,5.4,5.6,5.2
Maths,10.1,9.0,8.6,9.6,-1.5,3.0,6.2,5.2,4.1,6.1,4.1,3.2,5.1,6.1,3.7,5.9,5,5,9.1,4.2,3.4,10.7,5.2,2.5,2.8,1.31,3.0,6.2,5.2,5.1,4.1,3.2
Maths,12.7,12.0,12.9,12.8,0.2,9.1,8.5,6.3,6.0,6.2,2.2,5.7,8.6,8.0,5.8,2.6,9,3,5.8,8.7,7.9,16.0,6.3,2.5,6.9,4.98,9.1,8.5,6.3,6.1,2.2,5.7
Maths,12.8,12.5,13.0,12.4,0.2,8.9,7.1,6.2,6.6,6.0,5.3,3.0,9.8,8.0,4.7,8.3,10,7,4.6,5.4,4.3,17.7,7.7,4.0,5.0,3.19,8.9,7.1,6.2,6.3,5.3,3.0
Maths,16.0,13.9,16.3,15.6,0.3,6.2,6.3,7.6,6.1,8.3,6.3,4.7,5.7,7.0,6.9,5.1,14,0,3.9,6.9,5.4,18.6,6.2,2.3,6.1,0.84,6.2,6.3,7.6,7.2,6.3,4.7
Maths,12.0,13.5,13.2,13.1,1.2,6.4,5.9,5.6,5.0,5.1,7.1,6.3,3.3,4.5,4.8,7.6,7,4,6.1,6.5,4.3,13.1,5.0,2.5,4.9,0.42,6.4,5.9,5.6,5.0,7.1,6.3
Maths,15.1,15.9,15.5,15.7,0.4,8.5,10.0,9.9,7.2,6.9,4.6,7.3,6.5,5.2,8.6,7.4,8,7,3.3,6.8,6.1,17.5,6.9,3.7,6.5,3.46,8.5,10.0,9.9,7.0,4.6,7.3
Maths,10.9,10.8,10.2,9.8,-0.7,5.9,4.3,4.6,3.8,6.1,2.0,4.8,6.6,7.7,3.3,6.9,3,7,7.1,7.1,5.8,12.9,6.1,2.8,5.3,1.42,5.9,4.3,4.6,4.9,2.0,4.8
Maths,11.1,11.8,11.7,12.3,0.6,5.9,4.8,5.3,4.8,6.6,4.7,3.3,5.9,5.4,5.5,4.1,12,6,9.4,4.5,2.0,12.3,5.2,4.0,2.4,0.73,5.9,4.8,5.3,5.7,4.7,3.3
Maths,12.8,14.1,14.1,12.9,1.3,5.0,5.9,5.5,8.4,5.8,6.4,5.9,7.2,6.0,6.0,3.6,11,3,7.2,6.5,2.8,13.3,5.7,2.8,4.0,0.44,5.0,5.9,5.5,7.1,6.4,5.9
Maths,12.3,14.1,15.4,13.6,3.1,6.7,6.8,5.4,5.5,4.6,4.4,6.9,5.3,7.5,6.8,3.2,20,5,3.9,2.5,2.9,13.9,5.7,5.0,3.8,0.94,6.7,6.8,5.4,5.0,4.4,6.9
Maths,10.6,10.1,10.7,10.1,0.1,4.6,2.5,5.9,3.4,7.6,8.6,3.2,2.3,5.9,4.3,6.7,4,0,7.4,7.3,2.7,11.6,4.8,0.7,4.2,3.94,4.6,2.5,5.9,5.5,8.6,3.2
Maths,8.4,9.6,8.1,8.0,-0.3,2.0,5.8,7.1,2.1,6.1,7.3,2.0,2.0,3.9,4.3,5.0,0,7,7.9,6.2,4.5,8.2,3.8,2.3,4.3,4.78,2.0,5.8,7.1,4.1,7.3,2.0
Maths,12.5,13.4,14.4,13.3,1.9,6.0,7.5,5.3,3.3,3.7,4.7,5.2,6.4,6.6,5.9,6.5,9,6,7.0,4.8,5.7,13.1,6.4,3.5,4.5,1.49,6.0,7.5,5.3,3.5,4.7,5.2
Maths,13.3,12.2,13.6,12.7,0.3,4.0,5.7,7.0,8.3,4.3,5.5,6.4,7.6,5.0,3.1,6.4,9,0,4.3,6.4,7.4,14.5,5.5,1.5,6.5,0.9,4.0,5.7,7.0,6.3,5.5,6.4
Maths,12.2,12.5,12.5,12.4,0.3,7.0,9.3,3.1,6.8,4.0,7.1,5.4,2.8,3.1,4.7,6.2,9,4,6.3,6.8,6.3,12.8,4.2,2.8,5.6,3.66,7.0,9.3,3.1,5.4,7.1,5.4
Maths,9.4,8.2,9.0,8.7,-0.4,2.0,5.2,3.0,2.0,4.7,3.0,5.8,5.6,5.8,3.5,3.3,6,2,9.5,2.3,3.2,7.0,4.6,1.7,2.0,1.77,2.0,5.2,3.0,3.4,3.0,5.8
Maths,13.3,13.7,13.2,13.4,-0.1,3.0,7.9,8.5,6.1,8.7,3.9,7.7,6.8,5.2,5.9,6.5,11,2,3.8,5.5,6.1,14.7,6.1,2.5,5.9,4.53,3.0,7.9,8.5,7.4,3.9,7.7
Maths,10.6,12.3,11.5,11.1,0.9,2.0,5.9,4.2,5.9,3.2,5.3,2.8,4.1,3.8,4.3,3.0,9,3,6.5,2.2,6.4,9.0,3.8,2.5,4.0,1.83,2.0,5.9,4.2,4.6,5.3,2.8
Maths,9.2,9.7,10.2,9.7,1.0,6.0,7.6,6.7,5.5,5.8,5.9,4.9,5.0,5.4,6.2,5.2,13,2,5.4,7.5,5.1,13.9,5.4,2.8,5.7,0.72,6.0,7.6,6.7,5.6,5.9,4.9
Maths,13.2,13.4,13.0,13.3,-0.2,5.6,5.3,4.5,4.2,3.8,3.1,3.1,7.5,4.3,8.1,9.7,11,0,8.3,6.5,4.6,12.0,7.4,1.8,4.3,0.95,5.6,5.3,4.5,4.0,3.1,3.1
Maths,8.0,9.3,8.0,8.6,0.0,2.0,3.4,4.0,6.9,6.0,3.7,2.0,4.9,5.3,2.6,3.8,0,0,10.0,3.6,2.6,7.1,4.1,0.0,2.1,2.24,2.0,3.4,4.0,6.4,3.7,2.0
Maths,16.7,18.4,16.5,17.3,-0.2,6.0,6.2,9.7,3.8,8.1,5.8,3.7,7.9,7.5,7.3,4.0,11,6,2.0,5.8,4.9,17.9,6.7,3.8,6.2,3.13,6.0,6.2,9.7,5.9,5.8,3.7
Maths,11.5,11.5,12.5,11.9,1.0,6.0,5.3,4.5,9.7,4.3,4.4,5.9,4.8,5.3,7.6,5.1,3,7,7.8,5.3,6.7,13.9,5.7,2.8,4.7,0.82,6.0,5.3,4.5,7.0,4.4,5.9
Maths,11.7,11.8,11.9,11.6,0.2,7.4,5.7,9.1,5.7,2.3,3.7,5.1,8.2,3.9,2.7,4.2,12,4,8.1,4.0,5.5,14.0,4.8,3.3,3.8,3.6,7.4,5.7,9.1,4.0,3.7,5.1
Maths,10.4,12.7,12.2,12.0,1.8,4.2,5.9,3.7,7.3,6.9,5.1,6.0,5.7,6.0,5.8,5.8,0,6,8.2,5.1,8.8,13.2,5.8,2.0,5.2,1.32,4.2,5.9,3.7,7.1,5.1,6.0
Maths,10.2,11.4,11.8,11.1,1.6,5.1,6.8,3.9,2.4,3.4,3.5,8.3,4.9,2.0,2.0,3.2,11,4,6.1,2.9,3.6,9.8,3.0,3.2,3.5,3.66,5.1,6.8,3.9,2.9,3.5,8.3
Maths,11.6,9.4,10.7,11.1,-0.9,3.0,2.5,4.2,3.8,6.3,5.0,5.0,5.3,5.5,8.5,4.9,2,0,6.1,6.6,6.5,12.0,6.1,0.3,5.7,1.05,3.0,2.5,4.2,5.0,5.0,5.0
Maths,14.0,16.0,14.5,15.1,0.5,7.6,9.0,6.8,4.8,7.0,7.3,3.8,5.8,8.6,7.2,5.6,4,7,2.2,8.1,6.8,16.9,6.8,3.0,7.6,2.59,7.6,9.0,6.8,5.9,7.3,3.8
Maths,13.0,14.9,14.9,14.4,1.9,8.7,6.3,6.5,6.8,4.1,6.7,7.6,7.8,7.2,7.5,7.4,12,8,2.0,8.1,6.2,18.4,7.5,4.7,7.4,1.06,8.7,6.3,6.5,5.4,6.7,7.6
Maths,11.6,12.5,10.9,12.0,-0.7,6.4,5.5,4.4,5.7,3.9,5.2,2.8,6.5,7.2,2.2,4.5,5,9,5.6,3.3,4.6,12.8,5.1,3.8,4.1,1.23,6.4,5.5,4.4,4.8,5.2,2.8
Maths,16.9,16.3,17.5,17.4,0.6,8.3,5.9,5.3,8.0,5.8,4.7,8.4,6.0,4.7,5.4,7.0,17,6,5.4,5.7,7.0,16.3,5.8,4.8,5.8,2.0,8.3,5.9,5.3,6.9,4.7,8.4
Maths,17.2,15.7,17.9,15.6,0.7,8.9,10.0,8.5,4.3,5.9,8.3,2.0,7.7,10.0,6.0,10.0,17,2,5.0,7.5,7.3,18.4,8.4,3.5,6.6,7.51,8.9,10.0,8.5,5.1,8.3,2.0
Maths,16.3,16.8,15.2,16.0,-1.1,10.0,7.2,7.6,7.4,7.3,4.9,4.8,7.6,8.9,9.8,5.6,8,4,6.0,8.0,6.8,19.0,8.0,2.7,6.3,3.13,10.0,7.2,7.6,7.4,4.9,4.8
Maths,8.4,8.9,9.7,9.7,1.3,5.8,6.4,5.0,6.6,5.8,2.0,5.4,6.8,6.1,6.4,6.5,11,0,10.0,2.2,6.1,12.8,6.4,1.8,2.8,2.18,5.8,6.4,5.0,6.2,2.0,5.4
Maths,13.4,12.5,11.7,13.1,-1.7,7.5,5.8,5.4,6.3,7.4,2.4,6.0,4.5,4.0,2.1,2.0,3,4,6.0,6.1,5.0,11.0,3.2,1.8,5.0,2.61,7.5,5.8,5.4,6.8,2.4,6.0
Maths,15.0,16.1,15.4,15.3,0.4,5.5,5.2,4.7,5.5,6.9,7.4,3.8,6.8,5.2,6.9,6.0,6,9,3.5,3.9,3.1,15.9,6.2,4.0,4.5,1.29,5.5,5.2,4.7,6.2,7.4,3.8
Maths,10.9,9.9,12.4,10.5,1.5,5.2,5.3,5.9,4.3,7.3,5.4,2.5,5.9,5.1,2.6,5.6,9,0,7.4,4.9,5.4,12.2,4.8,1.5,4.3,1.33,5.2,5.3,5.9,5.8,5.4,2.5
Maths,13.0,13.5,14.4,13.7,1.4,5.5,7.3,5.6,5.1,4.5,7.1,4.6,5.1,7.2,2.6,4.3,13,8,6.6,7.4,4.9,12.9,4.8,4.8,5.2,1.08,5.5,7.3,5.6,4.8,7.1,4.6
Maths,12.0,12.0,12.7,12.9,0.7,4.5,4.8,5.9,5.7,7.3,2.7,8.0,4.6,3.7,6.2,3.0,5,5,5.0,7.4,8.8,13.6,4.4,2.5,7.1,2.78,4.5,4.8,5.9,6.5,2.7,8.0
Maths,8.2,10.7,11.1,9.1,2.9,2.0,4.8,4.4,5.5,2.9,7.3,2.0,2.7,3.8,4.9,3.7,1,0,9.5,6.3,5.4,7.3,3.8,0.2,4.1,3.27,2.0,4.8,4.4,4.2,7.3,2.0
Maths,15.4,15.3,13.7,14.8,-1.7,7.3,5.7,8.4,3.8,4.2,4.6,4.0,6.5,6.9,6.4,8.1,9,5,4.4,3.8,5.9,14.2,7.0,3.2,5.1,2.81,7.3,5.7,8.4,4.0,4.6,4.0
Maths,12.8,13.2,14.1,13.4,1.3,5.9,8.7,7.6,5.3,5.0,2.8,5.8,6.5,8.0,9.4,6.4,5,2,4.9,4.8,6.9,16.9,7.6,1.5,5.6,3.48,5.9,8.7,7.6,5.2,2.8,5.8
Maths,11.7,13.4,14.2,13.8,2.5,7.1,10.0,7.3,4.8,2.8,10.0,4.1,6.9,8.1,7.4,7.9,17,7,4.6,5.5,4.6,18.2,7.6,5.2,5.2,6.12,7.1,10.0,7.3,3.8,10.0,4.1
Maths,9.7,9.8,11.0,10.9,1.3,6.9,2.0,3.1,5.0,5.7,2.0,2.1,5.5,2.6,4.8,6.3,0,3,5.3,4.5,3.8,10.2,4.8,1.0,4.3,3.59,6.9,2.0,3.1,5.4,2.0,2.1
Maths,15.3,15.8,16.8,15.9,1.5,8.5,5.9,4.5,8.7,5.0,5.6,5.2,8.8,8.8,4.9,10.0,7,7,2.0,6.9,5.8,18.5,8.1,3.5,6.9,1.66,8.5,5.9,4.5,6.8,5.6,5.2
Maths,15.5,14.7,13.5,14.1,-2.0,8.4,5.5,6.2,3.3,7.7,4.7,5.1,7.5,5.8,6.9,4.2,15,1,6.4,7.7,6.2,13.9,6.1,2.8,5.8,1.46,8.4,5.5,6.2,5.5,4.7,5.1
Maths,11.0,10.6,11.9,11.3,0.9,5.5,7.4,3.7,5.1,4.7,5.3,3.7,4.4,3.6,2.3,3.8,7,1,9.0,3.5,4.4,12.0,3.5,1.5,3.0,1.57,5.5,7.4,3.7,4.9,5.3,3.7
Maths,8.9,11.1,11.4,11.0,2.5,6.6,6.6,2.4,7.0,3.0,3.5,7.2,7.0,5.6,8.6,5.2,16,5,7.9,4.4,4.6,13.4,6.6,4.3,3.7,3.11,6.6,6.6,2.4,5.0,3.5,7.2
Maths,14.9,16.4,16.3,16.7,1.4,5.8,4.5,5.7,6.9,3.9,6.9,5.7,8.9,3.0,7.0,6.7,6,3,7.8,8.0,3.8,14.2,6.4,2.0,4.7,0.5,5.8,4.5,5.7,5.4,6.9,5.7
Maths,10.7,12.9,13.6,11.7,2.9,5.5,7.6,7.0,7.3,6.4,6.8,5.7,6.6,7.1,10.0,2.8,20,5,4.0,3.9,5.9,15.5,6.6,5.0,5.3,0.55,5.5,7.6,7.0,6.8,6.8,5.7
Maths,15.5,14.7,15.5,15.3,0.0,8.6,6.6,8.8,5.2,4.2,6.4,7.7,7.4,7.0,7.6,8.2,13,7,5.0,7.8,6.7,18.8,7.6,4.5,6.5,2.0,8.6,6.6,8.8,4.7,6.4,7.7
Maths,12.9,14.2,13.7,13.5,0.8,5.2,7.0,7.3,6.6,6.3,7.2,5.1,5.3,3.7,6.9,5.8,3,3,3.5,5.3,6.2,13.3,5.4,1.5,6.0,0.82,5.2,7.0,7.3,6.4,7.2,5.1
Maths,11.0,13.6,11.8,12.3,0.8,5.5,5.4,5.8,4.0,2.0,3.9,2.7,3.1,4.2,4.0,3.8,1,6,7.4,5.3,3.6,10.0,3.8,2.2,3.8,1.54,5.5,5.4,5.8,3.0,3.9,2.7
Maths,10.0,11.1,11.6,11.4,1.6,5.1,4.6,7.1,7.0,4.2,4.4,3.9,6.8,4.5,5.3,6.2,0,3,8.7,4.0,6.1,13.3,5.7,1.0,3.8,1.07,5.1,4.6,7.1,5.6,4.4,3.9
Maths,8.6,8.9,11.6,9.4,3.0,5.7,5.8,3.9,6.1,5.7,8.4,2.3,5.6,4.7,3.7,6.9,1,3,8.7,6.6,3.7,13.5,5.2,1.2,3.9,3.56,5.7,5.8,3.9,5.9,8.4,2.3
Maths,10.4,12.6,11.9,11.8,1.5,6.0,7.8,5.9,4.3,6.3,5.6,8.3,5.7,2.5,3.3,7.3,4,2,9.6,4.5,5.2,14.1,4.7,1.3,3.4,1.3,6.0,7.8,5.9,5.3,5.6,8.3
Maths,13.5,12.3,14.6,13.9,1.1,7.5,3.4,6.8,6.0,6.8,3.3,6.3,6.8,3.3,5.8,5.7,2,7,7.8,3.1,6.0,13.8,5.4,2.7,3.8,2.72,7.5,3.4,6.8,6.4,3.3,6.3
Maths,11.5,12.3,13.0,11.9,1.5,4.4,5.4,5.0,5.8,2.5,2.7,2.0,5.9,4.5,4.6,5.3,0,1,7.7,5.7,4.5,10.8,5.1,0.3,4.2,1.47,4.4,5.4,5.0,4.2,2.7,2.0
Maths,15.1,13.7,15.3,15.1,0.2,8.6,5.5,6.8,5.6,5.9,5.8,7.7,5.9,6.0,4.6,7.0,13,9,6.8,2.0,3.4,16.6,5.9,5.2,2.9,1.3,8.6,5.5,6.8,5.8,5.8,7.7
Maths,13.5,15.5,14.4,14.4,0.9,5.3,6.5,6.6,6.2,7.7,2.0,2.1,5.5,7.6,4.5,7.9,12,5,6.8,4.9,3.3,15.2,6.4,3.7,3.8,4.34,5.3,6.5,6.6,7.0,2.0,2.1
Maths,11.3,12.6,13.5,12.8,2.2,5.2,5.4,5.1,2.4,4.0,3.0,4.7,3.8,3.8,4.6,5.3,6,10,5.5,5.2,5.2,10.4,4.4,4.3,5.0,0.94,5.2,5.4,5.1,3.2,3.0,4.7
Maths,10.8,11.9,12.1,12.0,1.3,5.6,9.2,6.4,6.8,6.4,5.2,2.0,9.2,5.3,4.1,7.1,3,3,2.8,7.1,6.8,15.1,6.4,1.5,7.0,4.57,5.6,9.2,6.4,6.6,5.2,2.0
Maths,10.8,9.4,10.1,10.1,-0.7,7.1,5.6,4.5,5.1,5.4,4.4,3.4,7.6,4.7,5.8,6.7,14,7,7.9,7.3,5.9,12.7,6.2,4.7,5.1,1.33,7.1,5.6,4.5,5.2,4.4,3.4
Maths,14.3,12.2,14.7,13.6,0.4,5.2,8.3,4.0,7.2,7.8,3.1,7.2,7.1,5.7,4.1,8.9,7,6,9.6,8.7,6.7,14.7,6.4,3.2,5.3,3.66,5.2,8.3,4.0,7.5,3.1,7.2
Maths,10.1,12.8,11.9,11.7,1.8,5.6,5.4,6.3,6.8,5.3,4.6,7.5,5.8,6.3,6.4,5.3,4,3,7.3,8.3,5.3,15.3,6.0,1.7,5.4,0.8,5.6,5.4,6.3,6.0,4.6,7.5
Maths,10.0,10.5,12.0,10.7,2.0,4.4,5.4,6.2,4.9,3.4,7.1,5.1,5.5,5.2,3.7,8.2,8,6,2.5,5.9,6.8,14.0,5.6,3.3,6.7,1.03,4.4,5.4,6.2,4.2,7.1,5.1
Maths,13.3,16.9,14.2,14.0,0.9,5.9,6.5,5.8,3.9,3.8,6.5,5.8,6.1,6.3,3.4,9.1,7,5,5.3,7.2,5.9,13.0,6.2,2.8,5.9,0.79,5.9,6.5,5.8,3.8,6.5,5.8
Maths,12.7,12.7,12.6,13.4,-0.1,7.1,6.6,7.6,4.1,6.1,5.4,2.1,9.2,9.3,2.0,5.2,0,3,5.4,6.0,4.6,14.6,6.4,1.0,5.1,3.3,7.1,6.6,7.6,5.1,5.4,2.1
Maths,8.0,9.2,8.0,9.8,0.0,4.8,3.7,5.7,3.1,2.0,3.5,4.2,4.5,2.9,3.8,3.8,3,3,4.0,5.5,5.4,8.6,3.8,1.5,5.6,1.0,4.8,3.7,5.7,2.6,3.5,4.2
Maths,12.0,11.3,10.9,12.1,-1.1,5.5,5.2,5.6,6.6,4.4,4.5,5.9,6.2,6.0,7.6,4.8,7,7,3.7,4.3,5.8,12.9,6.1,3.5,5.5,0.19,5.5,5.2,5.6,5.5,4.5,5.9
Maths,10.7,12.1,11.3,12.3,0.6,5.1,7.8,5.8,2.7,5.6,5.4,9.3,2.1,5.7,7.7,6.6,5,5,6.0,6.2,8.3,13.6,5.5,2.5,6.2,3.06,5.1,7.8,5.8,4.2,5.4,9.3
Maths,13.9,16.0,15.1,14.6,1.2,5.7,5.7,6.9,4.0,4.4,5.3,3.4,6.3,7.3,6.1,3.1,1,3,6.4,4.8,7.9,14.1,5.7,1.2,5.4,1.27,5.7,5.7,6.9,4.2,5.3,3.4
Maths,10.9,10.7,9.3,9.8,-1.6,5.4,4.4,6.3,6.6,5.8,5.4,4.4,3.6,5.8,2.1,4.8,1,2,4.4,5.1,5.2,13.1,4.1,0.8,5.3,0.57,5.4,4.4,6.3,6.2,5.4,4.4
Maths,11.1,9.4,9.5,10.8,-1.6,6.8,5.3,5.9,8.0,7.1,6.2,5.0,5.6,5.0,7.2,5.7,10,4,3.0,6.6,5.0,15.1,5.9,3.0,6.2,0.75,6.8,5.3,5.9,7.6,6.2,5.0
Maths,11.3,12.3,11.4,11.2,0.1,6.4,7.0,7.0,4.1,6.3,3.0,5.9,6.0,4.1,6.0,5.3,11,7,8.1,9.1,8.2,14.1,5.4,4.2,6.4,1.91,6.4,7.0,7.0,5.2,3.0,5.9
Maths,12.5,14.7,13.5,14.1,1.0,9.1,9.8,6.5,4.5,3.7,5.0,6.7,6.0,7.2,5.4,5.8,6,3,4.7,6.6,6.8,15.8,6.1,2.0,6.2,4.15,9.1,9.8,6.5,4.1,5.0,6.7
Maths,16.7,18.8,19.1,18.4,2.4,8.1,7.3,7.8,9.5,7.4,6.8,7.9,6.7,5.8,9.0,6.6,13,7,4.0,6.7,6.3,19.3,7.0,4.5,6.3,0.29,8.1,7.3,7.8,8.4,6.8,7.9
Maths,13.4,13.7,15.0,14.3,1.6,6.8,9.2,6.9,5.6,6.0,3.5,6.6,5.2,7.7,6.7,7.1,6,0,4.8,4.3,2.2,14.6,6.7,1.0,3.9,2.84,6.8,9.2,6.9,5.8,3.5,6.6
Maths,13.4,12.9,14.1,13.4,0.7,6.0,5.9,5.5,4.1,4.9,3.8,2.0,5.5,6.5,8.6,6.4,3,6,4.6,7.0,4.2,13.6,6.8,2.5,5.5,1.98,6.0,5.9,5.5,4.5,3.8,2.0
Maths,12.3,12.0,10.2,11.9,-2.1,5.3,5.3,5.8,6.9,5.7,4.4,2.0,5.2,5.6,3.0,8.0,7,6,8.6,4.7,3.9,12.9,5.4,3.2,3.3,1.96,5.3,5.3,5.8,6.3,4.4,2.0
Maths,8.0,8.0,8.3,8.0,0.3,4.5,2.8,4.4,4.5,4.2,3.2,2.2,4.0,2.1,2.0,5.2,0,8,5.9,4.9,4.2,8.2,3.3,2.7,4.4,0.79,4.5,2.8,4.4,4.4,3.2,2.2
Maths,14.0,14.4,13.4,13.2,-0.6,5.4,5.7,7.1,6.6,5.3,5.3,4.4,5.7,6.7,3.6,4.0,16,7,6.4,6.7,6.5,13.6,5.0,5.0,5.6,0.66,5.4,5.7,7.1,5.9,5.3,4.4
Maths,15.7,15.6,15.4,16.1,-0.3,6.2,5.2,7.3,4.4,4.2,3.7,3.5,7.9,8.3,5.3,5.7,1,3,5.8,7.8,7.0,14.5,6.8,1.2,6.3,1.87,6.2,5.2,7.3,4.3,3.7,3.5
Maths,9.8,10.9,11.3,12.7,1.5,8.0,5.2,6.7,6.4,5.8,7.0,3.9,3.2,5.4,8.4,5.6,9,0,2.1,7.2,8.3,14.8,5.6,1.5,7.8,1.74,8.0,5.2,6.7,6.1,7.0,3.9
Maths,9.4,8.2,9.6,9.4,0.2,3.9,2.3,2.0,6.1,7.1,3.6,2.8,4.8,3.4,3.3,4.8,5,4,7.6,2.5,6.3,9.6,4.1,2.2,3.7,2.33,3.9,2.3,2.0,6.6,3.6,2.8
Maths,13.4,11.5,13.8,12.6,0.4,6.9,8.7,6.7,6.8,5.2,5.5,5.8,6.2,5.9,4.8,7.6,8,3,2.9,2.8,3.4,14.7,6.1,2.3,4.4,1.12,6.9,8.7,6.7,6.0,5.5,5.8
Maths,13.6,12.1,10.5,12.3,-3.1,2.0,6.7,5.8,6.3,6.5,3.8,2.0,4.9,5.7,5.6,5.3,12,4,7.8,6.2,6.9,11.6,5.4,3.3,5.1,3.85,2.0,6.7,5.8,6.4,3.8,2.0
Maths,9.6,12.7,12.1,12.5,2.5,5.7,6.3,6.7,7.6,5.5,5.3,4.3,4.7,4.8,6.8,5.9,0,2,3.9,5.6,8.4,13.5,5.6,0.7,6.7,0.69,5.7,6.3,6.7,6.6,5.3,4.3
Maths,13.4,14.2,14.6,14.2,1.2,5.5,6.0,4.9,6.3,4.4,8.0,4.5,5.7,7.2,2.0,5.9,9,4,6.8,6.3,8.5,14.2,5.2,2.8,6.0,1.27,5.5,6.0,4.9,5.4,8.0,4.5
Maths,12.1,12.1,12.9,11.7,0.8,5.6,5.5,2.6,4.2,4.6,4.0,5.2,3.0,8.1,6.8,6.5,5,0,5.6,8.1,3.1,12.3,6.1,0.8,5.2,1.09,5.6,5.5,2.6,4.4,4.0,5.2
Maths,13.2,13.3,13.6,13.5,0.4,6.6,5.9,8.0,7.7,6.3,4.7,7.3,6.9,7.0,5.2,5.6,11,2,4.0,5.0,5.7,16.3,6.2,2.5,5.6,1.12,6.6,5.9,8.0,7.0,4.7,7.3
Maths,13.1,12.7,14.7,12.9,1.6,6.2,4.5,4.4,3.8,6.6,3.6,7.7,6.4,5.3,5.4,3.6,7,1,6.3,7.7,7.2,13.9,5.2,1.5,6.2,1.82,6.2,4.5,4.4,5.2,3.6,7.7
Maths,9.7,9.9,8.0,8.3,-1.7,3.3,4.8,5.5,3.2,7.3,3.3,2.0,2.8,4.5,6.0,4.8,2,4,5.0,3.1,2.3,7.6,4.5,1.7,3.5,1.57,3.3,4.8,5.5,5.2,3.3,2.0
Maths,15.9,18.3,15.9,17.2,0.0,7.8,6.9,6.5,7.5,6.7,5.8,2.0,9.7,8.5,6.2,7.3,4,3,4.9,8.9,3.2,17.3,7.9,1.7,5.7,3.59,7.8,6.9,6.5,7.1,5.8,2.0
Maths,16.0,16.9,17.6,16.5,1.6,5.5,8.3,6.4,2.1,5.2,6.4,5.3,7.3,7.4,4.5,9.2,7,10,6.0,7.9,7.0,18.8,7.1,4.5,6.3,1.97,5.5,8.3,6.4,3.6,6.4,5.3
Maths,10.4,12.4,10.0,11.6,-0.4,6.7,4.3,7.0,6.4,3.4,6.2,2.0,6.3,6.9,3.5,2.6,22,2,7.5,3.3,4.6,15.2,4.8,4.3,3.5,2.94,6.7,4.3,7.0,4.9,6.2,2.0
Maths,13.1,11.9,14.3,13.6,1.2,6.3,7.1,8.4,7.3,6.2,6.7,10.0,9.1,8.0,6.7,6.8,13,11,4.0,5.7,3.5,18.0,7.6,5.8,5.1,1.64,6.3,7.1,8.4,6.8,6.7,10.0
Maths,12.3,12.2,13.0,12.9,0.7,7.2,4.1,6.4,3.4,3.4,4.7,2.6,8.5,4.1,4.7,5.6,11,0,5.7,8.5,7.4,12.8,5.7,1.8,6.7,2.6,7.2,4.1,6.4,3.4,4.7,2.6
Maths,17.9,15.8,15.8,16.2,-2.1,7.0,8.9,8.9,8.0,8.4,10.0,7.1,6.3,8.3,7.4,5.3,10,8,2.0,9.9,7.0,20.0,6.8,4.3,8.3,1.12,7.0,8.9,8.9,8.2,10.0,7.1
Maths,13.8,14.5,15.2,15.2,1.4,8.8,8.8,6.5,7.1,7.7,7.3,7.3,6.3,4.9,6.0,6.8,6,6,3.5,7.4,5.4,17.8,6.0,3.0,6.4,0.71,8.8,8.8,6.5,7.4,7.3,7.3
Maths,12.4,10.4,11.1,11.8,-1.3,5.7,7.7,3.7,5.3,5.0,2.9,5.0,5.4,4.5,7.3,7.2,10,0,3.3,5.9,3.7,13.0,6.1,1.7,5.4,2.32,5.7,7.7,3.7,5.2,2.9,5.0
Maths,12.0,12.1,11.7,11.7,-0.3,2.5,4.2,4.5,6.5,5.7,2.0,7.7,3.8,6.6,4.8,7.9,0,1,7.6,5.3,5.3,11.0,5.8,0.3,4.3,3.86,2.5,4.2,4.5,6.1,2.0,7.7
