droit_grade_t1,droit_grade_t2,droit_grade_t3,droit_avg_grade,droit_trend,company_law,labor_law_individual,labor_law_collective,public_finance,legal_reasoning,qualification,justification,definition_recall,case_exercises,bac_exams_practiced,law_anxiety,reasoning_confidence,exam_stress,study_hours,consistency,legal_skills_composite,labor_law_composite,practice_intensity,psychological_composite,study_quality,imbalance_score,bac_score_droit
10.2,12.4,11.9,11.8,1.7,5.7,10.0,5.7,6.0,6.3,7.9,6.7,5.0,11,10,7.2,7.4,6.0,3.2,8.5,7.0,7.8,5.3,4.7,5.6,3.32,14.4
19.1,19.5,19.5,19.0,0.4,7.8,8.4,6.0,8.6,4.6,7.2,7.0,7.3,11,12,4.4,6.8,2.4,5.1,3.9,6.3,7.2,5.7,6.7,4.1,1.05,19.3
14.9,16.1,13.0,13.7,-1.9,6.2,5.9,4.8,4.4,6.0,7.3,6.4,5.7,8,7,2.0,7.2,2.0,2.2,7.4,6.6,5.4,3.8,7.7,4.6,0.56,15.2
10.0,9.6,11.1,11.2,1.1,8.7,8.7,5.0,7.4,8.3,6.3,5.6,4.8,7,9,4.6,4.1,5.7,2.6,3.1,6.7,6.8,3.8,4.6,2.6,2.28,15.1
16.2,13.5,13.3,14.1,-2.9,6.1,5.5,6.2,9.2,7.5,6.3,9.8,7.5,7,11,7.6,4.9,5.8,7.0,7.3,7.9,5.8,4.2,3.8,6.6,2.07,17.1
12.4,13.5,12.6,12.2,0.2,5.1,3.8,4.6,5.4,5.1,4.7,3.2,5.3,5,9,8.3,6.3,3.2,4.0,5.5,4.3,4.2,3.2,4.9,4.4,0.37,10.8
13.9,13.1,14.3,13.4,0.4,6.7,5.5,6.2,4.6,7.6,6.9,9.8,7.2,7,8,5.5,4.1,2.7,4.0,7.1,8.1,5.8,3.7,5.3,5.2,0.62,13.0
12.4,12.7,12.3,11.9,-0.1,8.0,6.5,5.0,6.4,6.8,7.1,6.0,7.5,11,19,2.9,6.3,6.2,3.8,4.2,6.6,5.8,6.8,5.7,3.7,1.13,15.0
15.3,15.3,16.4,15.1,1.1,6.4,6.1,6.8,5.1,4.5,7.9,6.8,7.7,13,3,8.3,3.9,8.6,4.5,5.2,6.4,6.4,4.8,2.3,4.5,0.4,15.1
8.0,11.4,9.2,9.5,1.2,3.6,6.0,6.3,4.1,4.3,6.3,5.0,4.2,6,11,6.8,2.9,4.1,7.0,7.1,5.2,6.2,3.8,4.0,6.5,1.36,12.4
13.7,14.0,15.5,15.0,1.8,6.4,7.0,5.4,7.0,7.1,4.5,5.5,7.1,0,8,3.2,7.3,3.2,5.3,5.1,5.7,6.2,1.3,7.0,4.8,0.43,14.1
13.0,14.3,13.1,13.2,0.1,9.6,9.3,6.0,6.7,7.8,10.0,6.4,8.1,5,11,5.2,8.2,5.3,3.4,8.2,8.1,7.6,3.5,5.9,5.5,2.48,18.1
13.9,17.1,16.1,15.5,2.2,8.7,8.4,7.7,9.3,10.0,8.4,8.7,5.9,13,7,5.0,5.4,5.9,7.9,7.3,9.0,8.0,5.5,4.8,6.9,0.33,19.4
14.6,13.1,14.7,14.0,0.1,6.4,5.4,5.3,4.7,5.2,6.5,3.9,5.2,7,12,3.9,3.2,4.4,8.1,4.9,5.2,5.4,4.3,5.0,5.8,0.37,12.5
13.4,13.4,13.5,12.7,0.1,4.8,7.5,6.0,5.0,5.8,5.5,6.4,3.5,7,10,5.8,2.0,9.1,5.8,5.2,5.9,6.8,4.0,2.4,5.0,1.14,12.8
14.7,15.2,15.5,16.1,0.8,6.1,6.6,9.3,5.8,6.6,8.7,4.3,7.9,7,14,6.8,9.6,6.6,7.3,6.6,6.5,8.0,4.7,5.4,6.3,1.92,17.3
11.5,12.6,12.2,12.6,0.7,5.7,3.6,5.4,3.3,5.1,4.2,5.8,6.3,2,7,4.7,6.0,4.4,6.9,5.1,5.0,4.5,1.8,5.6,5.4,1.13,11.2
11.5,11.3,11.2,11.5,-0.3,2.5,5.9,3.1,5.3,2.1,5.0,5.3,6.4,8,2,8.1,4.3,2.3,2.0,6.3,4.1,4.5,3.0,4.6,4.0,2.05,7.0
17.5,14.7,17.0,16.9,-0.5,8.9,9.4,5.9,10.0,7.5,5.1,5.8,6.8,5,10,2.0,5.7,7.3,9.3,6.0,6.1,7.6,3.3,5.5,6.9,2.49,18.1
10.6,13.0,13.0,12.6,2.4,5.6,5.6,4.9,5.3,6.6,7.3,7.3,6.8,8,10,9.3,2.6,7.3,7.2,5.0,7.1,5.2,4.3,2.0,5.5,0.08,14.3
16.0,14.9,15.7,14.8,-0.3,7.0,6.5,4.3,5.1,6.9,5.5,6.7,7.9,3,0,5.0,7.2,4.3,6.2,8.0,6.4,5.4,1.0,6.0,6.6,1.16,15.4
10.3,11.5,9.8,10.2,-0.5,3.8,5.1,7.1,4.4,8.7,6.4,8.1,4.7,5,12,7.2,9.5,5.8,4.6,5.0,7.7,6.1,3.7,5.5,4.4,1.54,13.0
15.1,16.4,14.8,15.8,-0.3,7.8,8.7,4.3,6.2,10.0,9.6,6.7,6.0,11,23,4.9,5.1,4.3,3.3,5.9,8.8,6.5,7.5,5.3,4.3,2.8,19.3
9.5,13.9,13.8,11.8,4.3,3.4,7.1,5.3,7.1,4.0,5.8,8.5,3.6,3,7,3.9,9.8,6.4,3.5,2.0,6.1,6.2,2.2,6.5,2.5,2.34,8.9
12.2,13.2,12.5,13.1,0.3,3.4,7.3,4.6,4.6,4.1,7.7,2.9,5.4,5,7,5.0,5.8,3.0,5.8,3.9,4.9,5.9,2.8,5.9,4.4,2.04,13.5
8.7,9.6,10.7,9.7,2.0,4.7,5.3,3.1,2.8,3.9,5.3,3.5,2.7,3,3,2.0,8.3,3.2,2.0,3.1,4.2,4.2,1.5,7.7,2.4,1.11,6.1
12.5,12.2,12.7,12.4,0.2,8.4,7.4,4.5,3.7,6.8,5.5,3.8,4.8,2,11,6.4,6.5,6.6,4.8,4.9,5.4,6.0,2.5,4.5,4.4,3.82,13.3
13.7,14.4,15.3,14.8,1.6,8.0,6.5,8.2,6.3,5.6,7.1,8.7,7.4,2,7,5.4,6.6,6.9,2.7,4.6,7.1,7.4,1.8,4.8,3.4,0.73,13.9
11.8,10.4,12.7,12.4,0.9,7.1,7.6,5.8,5.4,5.3,4.0,5.6,5.6,8,12,4.7,9.2,4.1,4.1,7.8,5.0,6.7,4.7,6.8,5.6,0.82,12.9
12.9,11.6,11.8,11.8,-1.1,5.7,7.2,6.9,3.7,8.0,5.2,5.7,6.2,4,7,6.6,7.3,3.6,2.2,4.3,6.3,7.0,2.5,5.7,3.1,1.89,12.9
13.6,13.0,15.6,14.9,2.0,7.9,8.7,8.2,4.6,6.5,8.3,7.1,5.4,8,17,5.0,6.8,7.2,2.3,4.8,7.3,8.4,5.5,4.9,3.4,2.6,14.8
8.7,10.6,10.1,10.2,1.4,7.7,5.5,5.9,7.9,6.9,5.5,5.8,4.8,9,15,6.3,2.4,3.7,5.5,6.1,6.1,5.7,5.5,4.1,5.3,1.13,12.6
12.5,12.7,15.0,13.8,2.5,6.7,4.3,4.3,5.9,5.5,4.1,5.4,6.5,9,7,6.9,3.3,5.1,3.9,3.9,5.0,4.3,4.2,3.8,3.6,1.08,13.9
9.4,9.1,10.7,9.9,1.3,4.1,6.9,4.9,5.2,5.5,7.9,3.7,5.5,0,6,4.2,6.6,5.0,3.6,8.6,5.7,5.9,1.0,5.8,5.8,1.04,11.0
15.3,14.2,15.6,14.8,0.3,5.7,6.8,4.8,5.8,6.0,6.8,6.3,7.1,4,8,3.4,8.6,2.1,3.7,7.5,6.4,5.8,2.7,7.7,5.3,0.5,13.3
14.9,12.9,13.0,13.1,-1.9,9.0,6.4,5.5,8.3,6.0,7.5,7.0,8.2,8,8,2.0,6.3,5.3,10.4,3.9,6.8,6.0,4.0,6.3,6.3,1.99,14.7
13.3,14.0,14.1,14.0,0.8,6.9,6.7,6.3,4.5,8.3,5.6,7.6,5.3,8,4,5.1,5.1,5.1,6.4,8.2,7.2,6.5,3.3,5.0,6.8,0.9,15.3
11.8,14.4,12.7,13.4,0.9,2.1,9.6,5.7,5.0,4.8,6.5,8.6,7.2,12,3,5.9,2.7,5.7,6.3,8.3,6.6,7.6,4.5,3.7,6.8,7.15,13.3
8.0,8.2,8.7,8.7,0.7,3.8,4.9,5.9,4.9,6.0,5.9,2.6,3.7,3,12,2.6,4.4,5.5,3.1,3.4,4.8,5.4,3.0,5.4,3.0,0.55,11.3
11.7,13.4,12.5,13.0,0.8,6.6,6.1,7.4,3.6,6.8,5.9,6.7,9.7,10,14,7.6,6.4,9.1,6.3,4.1,6.5,6.8,5.7,3.2,4.7,2.02,15.8
16.1,19.0,17.9,16.5,1.8,9.0,7.7,6.8,5.3,8.1,7.2,8.8,5.7,8,15,3.0,4.8,7.1,5.1,5.4,8.0,7.2,5.2,4.9,4.8,1.82,17.3
13.6,15.5,15.5,15.2,1.9,6.7,8.6,7.1,7.9,6.7,5.0,6.5,7.5,2,9,2.0,4.4,5.0,3.8,3.5,6.1,7.8,2.2,5.8,3.3,0.54,15.5
13.7,14.9,15.5,15.1,1.8,8.9,10.0,6.1,7.9,8.5,6.8,4.0,5.1,6,19,7.6,6.2,5.1,9.3,5.0,6.4,8.0,5.2,4.5,6.4,2.06,16.9
13.9,13.3,14.1,14.0,0.2,7.8,9.3,9.7,8.9,7.4,9.3,6.2,7.3,9,11,2.0,9.1,8.1,7.1,6.2,7.6,9.5,4.8,6.3,6.1,0.5,19.8
15.0,16.0,16.7,16.2,1.7,5.4,6.3,6.4,6.1,9.3,6.7,7.9,9.5,3,15,6.5,7.6,6.4,6.8,7.7,8.0,6.4,3.5,4.9,6.7,0.15,18.2
13.7,12.9,16.0,13.7,2.3,5.6,8.8,7.5,4.8,6.2,8.3,6.4,4.6,0,1,6.5,6.4,2.6,3.0,6.0,7.0,8.2,0.2,5.8,4.2,2.47,13.0
8.4,9.6,9.5,9.4,1.1,4.7,4.2,2.0,2.0,2.7,2.4,5.0,7.5,0,3,6.3,5.7,7.4,2.0,4.5,3.4,3.1,0.5,4.0,3.1,1.53,6.7
15.4,14.7,14.4,14.6,-1.0,6.6,5.2,5.2,7.1,7.0,5.8,5.0,5.8,6,7,4.0,6.9,7.5,4.8,4.9,5.9,5.2,3.2,5.1,4.4,0.71,13.1
13.1,10.5,13.1,12.4,0.0,5.2,5.4,5.8,7.8,6.6,5.8,6.8,7.7,5,8,5.9,5.9,8.2,4.0,3.6,6.4,5.6,3.0,3.9,3.5,1.07,14.7
8.0,8.6,8.0,8.6,0.0,3.8,5.3,4.4,5.6,2.3,4.0,2.9,4.8,1,0,7.8,4.6,4.7,5.0,6.0,3.1,4.8,0.3,4.0,5.1,0.51,6.8
8.0,9.0,8.4,8.0,0.4,8.2,5.1,5.7,6.9,5.1,6.3,5.0,5.3,2,8,3.6,6.8,4.4,5.4,6.2,5.5,5.4,2.0,6.3,5.4,1.41,8.4
12.0,12.7,13.1,13.1,1.1,4.1,6.1,3.4,5.7,6.8,4.3,5.5,3.1,1,11,7.2,5.4,3.3,4.7,4.4,5.5,4.8,2.2,5.0,4.2,1.24,11.1
13.7,13.7,13.8,14.3,0.1,7.9,8.7,4.8,8.7,8.5,6.2,5.6,5.7,5,5,6.7,4.0,5.5,6.9,4.1,6.8,6.8,2.5,3.9,4.9,2.58,15.4
12.0,8.9,10.8,10.1,-1.2,3.7,5.3,3.8,5.3,5.9,6.9,8.1,7.7,1,2,5.6,8.5,6.5,5.3,8.9,7.0,4.6,0.7,5.5,6.7,0.6,13.3
9.3,8.0,10.0,9.7,0.7,7.3,7.9,7.6,2.7,6.3,6.1,3.6,5.2,9,4,4.0,2.6,4.1,3.1,6.3,5.3,7.8,3.7,4.8,4.4,4.55,12.7
10.1,11.8,10.0,11.1,-0.1,5.0,5.5,6.1,6.9,6.2,6.2,5.7,5.9,10,10,7.0,8.6,4.8,4.4,6.6,6.0,5.8,5.0,5.6,5.1,0.5,12.7
14.5,14.3,14.3,14.5,-0.2,7.2,9.4,4.5,3.0,8.4,5.3,5.2,3.8,0,6,6.0,6.9,2.0,5.3,6.9,6.3,7.0,1.0,6.3,5.7,6.06,14.3
14.4,14.9,12.2,14.2,-2.2,5.9,8.3,6.3,6.9,6.6,7.2,9.6,6.0,6,9,2.7,4.6,7.8,7.3,4.2,7.8,7.3,3.5,4.7,5.1,0.83,17.0
9.8,13.1,12.2,11.7,2.4,6.8,5.3,7.7,7.3,5.9,7.6,7.0,7.7,5,3,4.3,6.0,2.0,5.4,8.9,6.8,6.5,2.2,6.6,6.7,0.83,13.7
10.2,11.4,11.1,10.6,0.9,4.8,3.4,5.1,5.9,5.0,3.9,4.9,3.6,5,16,6.8,5.1,5.9,3.6,5.0,4.6,4.2,4.3,4.1,4.0,0.82,12.2
10.5,11.0,11.2,11.5,0.7,5.7,7.6,5.6,9.5,4.9,5.5,5.9,7.1,9,8,5.2,7.5,5.5,6.9,7.6,5.4,6.6,4.3,5.6,6.7,2.55,14.0
9.0,10.4,11.0,10.3,2.0,7.3,6.2,5.1,2.8,7.0,4.3,8.9,6.5,5,14,7.1,7.5,5.0,5.9,8.9,6.7,5.6,4.0,5.1,6.9,2.77,14.5
11.6,10.5,10.4,11.1,-1.2,6.0,6.3,4.5,5.7,8.3,6.9,4.9,5.6,6,10,4.3,6.8,5.1,8.0,6.2,6.7,5.4,3.7,5.8,6.4,0.47,13.8
13.3,13.4,13.5,14.0,0.2,8.6,9.1,9.2,7.2,7.9,9.3,5.4,6.9,15,11,2.5,7.8,2.6,6.0,4.6,7.5,9.1,6.8,7.6,4.8,0.64,18.9
12.4,14.5,14.8,14.2,2.4,6.4,7.9,8.6,3.7,5.6,6.2,6.7,5.3,6,8,9.3,5.8,4.3,3.0,2.0,6.2,8.2,3.3,4.1,2.2,3.53,14.1
11.3,12.9,13.3,13.6,2.0,7.1,8.6,5.0,4.4,7.3,5.6,7.1,5.8,12,6,2.0,9.3,6.8,7.6,6.2,6.7,6.8,5.0,6.8,6.3,2.81,15.5
12.3,10.8,13.0,12.8,0.7,7.7,5.7,8.7,5.0,7.9,5.8,7.7,8.0,8,7,3.8,8.4,7.4,4.2,6.8,7.1,7.2,3.8,5.7,5.2,2.22,15.9
16.9,16.4,17.0,17.2,0.1,6.4,8.7,5.6,4.3,6.7,6.3,7.4,5.6,5,4,5.4,5.3,4.1,5.8,5.1,6.8,7.2,2.3,5.3,5.0,2.56,14.9
13.1,13.6,13.9,13.9,0.8,6.5,7.0,7.9,6.7,9.3,7.1,9.7,9.7,6,5,6.6,7.8,2.0,6.0,6.9,8.7,7.4,2.8,6.4,6.0,0.29,17.6
12.8,14.9,13.5,13.5,0.7,5.0,2.8,7.4,4.2,4.8,6.6,3.2,5.8,5,16,6.5,7.1,3.6,4.7,6.4,4.9,5.1,4.3,5.7,5.2,2.79,11.3
14.6,16.1,16.2,16.5,1.6,8.6,5.6,6.3,6.8,6.8,6.1,5.2,5.6,4,10,9.4,5.7,8.6,5.0,8.2,6.0,5.9,3.0,2.6,6.2,1.23,15.7
8.5,8.5,8.5,8.0,0.0,4.3,4.4,3.4,4.9,4.5,4.6,4.9,5.6,1,11,5.5,4.7,4.1,2.0,4.3,4.7,3.9,2.2,5.0,3.0,0.29,6.5
13.7,13.7,13.7,13.9,0.0,5.9,5.7,7.6,7.1,7.4,6.4,5.2,7.3,5,5,3.1,8.3,4.7,3.3,6.2,6.3,6.6,2.5,6.8,4.5,0.64,15.3
15.3,15.8,15.0,14.7,-0.3,8.6,7.9,5.7,6.4,8.1,6.9,5.7,4.7,9,5,4.1,6.4,7.5,8.0,6.5,6.9,6.8,3.8,4.9,6.6,1.33,18.6
12.0,12.5,11.2,11.5,-0.8,6.8,6.6,7.4,6.0,4.7,5.6,8.4,4.2,11,3,4.5,6.4,4.0,5.7,5.9,6.2,7.0,4.2,6.0,5.3,0.25,12.8
12.7,14.7,12.7,13.6,0.0,7.0,6.1,6.0,7.3,9.0,6.5,3.9,5.7,4,6,4.9,8.4,4.7,8.6,4.9,6.5,6.0,2.3,6.3,6.0,0.32,13.2
10.5,10.2,12.8,11.8,2.3,5.1,5.7,5.0,6.4,6.1,7.2,5.6,3.5,7,8,3.1,10.0,6.6,2.9,4.9,6.3,5.4,3.7,6.8,3.7,0.31,13.3
14.0,14.1,14.6,13.9,0.6,6.7,6.0,6.1,9.7,7.7,7.0,7.1,10.0,3,9,6.2,5.4,8.2,5.5,5.7,7.3,6.0,2.5,3.7,5.1,2.28,17.1
10.8,12.8,14.2,12.1,3.4,5.2,6.1,3.6,7.0,6.8,4.5,7.6,6.9,8,4,5.9,5.5,3.8,7.0,6.1,6.3,4.8,3.3,5.3,6.0,1.58,12.5
10.7,12.6,11.8,12.3,1.1,5.9,3.8,5.1,8.5,5.7,7.4,3.6,5.9,1,8,2.5,6.1,7.8,3.9,4.3,5.6,4.4,1.7,5.3,3.8,2.95,13.5
8.0,8.6,8.1,8.0,0.1,5.1,3.6,3.8,2.0,4.5,3.3,4.9,3.8,6,5,7.6,5.6,4.9,3.0,4.1,4.2,3.7,2.8,4.4,3.3,1.21,7.4
11.4,12.1,12.2,12.0,0.8,5.5,3.9,3.2,4.8,4.3,5.3,3.7,4.0,4,9,3.8,6.3,3.5,3.7,8.8,4.4,3.6,2.8,6.3,5.9,0.76,9.5
14.2,13.4,15.2,14.1,1.0,6.7,5.9,5.7,5.0,6.6,6.0,6.7,2.8,5,14,2.8,5.0,5.6,4.0,7.6,6.4,5.8,4.0,5.5,5.5,0.37,12.8
11.2,9.2,10.6,10.7,-0.6,6.5,4.5,5.1,4.1,4.4,4.5,3.4,2.0,3,3,5.7,3.2,3.1,5.1,3.2,4.1,4.8,1.5,4.8,3.7,0.83,8.3
12.7,11.5,11.5,12.1,-1.2,7.2,7.5,5.5,4.3,6.6,5.5,8.1,8.7,2,13,2.0,9.1,6.0,2.0,7.6,6.7,6.5,2.8,7.0,4.6,1.69,13.1
9.2,13.3,12.2,10.9,3.0,5.7,7.9,6.4,5.9,4.7,6.4,4.4,7.9,2,7,6.4,6.9,10.0,7.8,6.9,5.2,7.2,1.8,3.5,6.7,0.74,11.8
12.5,11.1,11.5,11.5,-1.0,4.8,4.8,4.6,2.7,5.3,2.0,2.7,4.9,8,0,2.0,5.2,7.2,3.0,5.7,3.3,4.7,2.7,5.3,4.1,0.78,13.1
14.9,14.8,17.6,16.6,2.7,5.5,9.0,7.4,6.4,4.8,7.6,5.1,7.3,6,16,3.0,6.8,4.8,2.0,4.6,5.8,8.2,4.7,6.3,3.1,1.69,13.5
12.8,13.1,13.3,12.4,0.5,4.9,4.2,5.0,3.5,4.4,4.0,4.7,5.7,4,16,8.5,8.9,7.4,4.3,3.7,4.4,4.6,4.0,4.3,3.6,0.37,9.8
11.4,12.0,11.5,11.2,0.1,7.3,6.4,8.0,4.8,3.3,6.5,7.4,6.7,7,10,3.7,4.5,3.2,4.1,6.3,5.7,7.2,4.0,5.9,4.9,1.43,12.9
14.3,15.8,14.8,14.6,0.5,7.3,8.0,10.0,7.2,7.0,7.5,5.3,4.5,7,10,3.7,6.6,3.3,5.1,4.8,6.6,9.0,4.0,6.5,4.5,1.27,16.3
15.0,15.2,14.8,14.8,-0.2,7.1,10.0,6.6,7.2,7.4,9.2,5.9,4.4,6,9,7.1,3.9,4.5,6.4,8.9,7.5,8.3,3.5,4.1,7.1,1.78,18.3
12.4,14.6,14.1,13.8,1.7,5.5,5.7,5.3,7.4,6.6,6.4,7.4,7.7,13,6,3.5,5.8,5.2,6.2,8.6,6.8,5.5,5.3,5.7,6.9,0.7,13.5
11.8,15.8,15.1,14.1,3.3,6.5,4.3,5.8,4.4,6.7,5.4,4.5,3.1,8,14,6.5,7.1,2.4,8.3,6.0,5.5,5.0,5.0,6.1,6.5,0.87,14.2
14.3,13.4,13.8,14.1,-0.5,7.3,8.1,6.6,5.4,7.6,4.0,5.6,5.5,6,7,7.4,3.9,4.5,3.5,8.0,5.7,7.4,3.2,4.0,5.5,0.98,12.7
11.2,10.5,11.7,11.3,0.5,8.3,5.2,7.7,7.0,9.2,5.6,5.8,5.2,4,15,6.0,5.6,4.8,6.4,5.1,6.9,6.4,3.8,4.9,5.2,1.35,13.0
11.8,11.1,11.5,12.1,-0.3,5.6,5.4,4.4,5.8,7.1,3.3,5.9,4.8,8,7,2.4,7.2,8.2,6.0,4.3,5.4,4.9,3.8,5.5,4.6,0.29,11.7
8.0,8.0,8.0,8.1,0.0,5.1,3.8,5.4,5.4,4.6,4.3,4.0,5.4,2,4,4.2,6.7,2.7,2.0,7.4,4.3,4.6,1.3,6.6,4.5,0.44,9.7
9.9,11.5,10.5,10.2,0.6,4.4,5.5,5.3,7.1,5.4,5.5,4.5,4.6,3,4,10.0,3.8,2.3,3.1,8.8,5.1,5.4,1.7,3.8,5.7,0.95,12.2
12.1,14.5,12.7,14.0,0.6,8.8,5.2,6.7,5.0,7.3,5.3,6.4,6.4,10,4,4.1,6.6,5.4,2.4,9.7,6.3,6.0,4.0,5.7,5.8,2.31,13.1
9.5,11.5,13.0,11.1,3.5,4.5,7.1,8.0,4.6,4.3,6.1,4.8,6.0,6,10,10.0,6.9,7.3,5.7,6.5,5.1,7.6,3.7,3.2,5.6,2.35,13.0
12.5,10.2,11.1,11.8,-1.4,8.1,6.7,5.7,6.8,6.2,6.1,4.4,9.2,4,2,8.4,6.2,6.1,5.7,7.7,5.6,6.2,1.7,3.9,6.2,0.73,14.0
11.6,12.0,12.9,12.6,1.3,5.8,5.4,3.3,5.3,6.0,5.7,7.6,3.7,6,4,6.1,7.9,5.7,5.6,6.5,6.4,4.4,2.7,5.4,5.6,0.94,13.0
12.7,13.0,15.9,14.7,3.2,6.1,8.1,7.4,7.9,7.5,3.7,7.2,6.3,9,15,5.5,5.1,4.4,4.6,8.9,6.1,7.8,5.5,5.1,6.4,0.61,14.9
11.2,12.3,10.8,11.2,-0.4,5.0,6.8,4.7,6.3,7.1,4.7,8.5,6.6,8,3,4.1,6.7,6.4,4.6,6.8,6.8,5.8,3.2,5.4,5.3,0.76,13.6
8.0,9.5,8.0,8.1,0.0,9.9,4.5,6.1,5.1,6.0,7.4,7.6,5.9,9,13,4.7,4.0,6.6,5.1,7.7,7.0,5.3,5.2,4.2,6.0,4.41,14.9
8.0,8.7,8.0,8.0,0.0,4.4,5.3,5.0,4.3,3.6,5.0,2.3,2.0,0,0,4.4,2.5,5.0,3.0,2.5,3.6,5.2,0.0,4.4,2.5,0.17,6.3
14.5,13.6,14.1,14.5,-0.4,6.3,6.5,6.2,4.2,6.8,3.9,6.1,7.7,8,14,4.9,7.3,3.2,6.4,5.4,5.6,6.4,5.0,6.4,5.4,0.86,13.1
17.6,17.7,14.9,16.4,-2.7,9.4,10.0,7.5,8.8,7.4,7.0,6.5,8.0,8,5,2.0,6.5,2.7,3.9,8.5,7.0,8.8,3.5,7.3,5.9,0.86,19.4
12.0,11.0,11.7,11.2,-0.3,3.2,4.2,3.0,2.0,5.4,5.3,2.0,2.1,3,0,3.0,4.5,7.3,2.2,6.1,4.2,3.6,1.0,4.7,4.0,0.61,6.2
13.3,12.8,14.4,13.9,1.1,8.1,7.1,3.2,9.2,8.9,7.0,7.1,8.0,11,14,7.1,4.6,2.0,6.1,8.6,7.7,5.2,6.0,5.2,6.8,5.11,18.9
8.0,8.0,9.2,8.0,1.2,4.7,4.4,5.4,4.7,4.8,4.4,5.8,7.1,6,6,2.4,6.9,8.7,3.3,5.3,5.0,4.9,3.0,5.3,4.0,0.14,8.0
14.6,14.1,13.9,14.5,-0.7,6.3,8.0,6.1,5.9,7.4,8.5,7.0,6.3,8,13,6.6,3.5,4.0,3.1,5.0,7.6,7.0,4.8,4.3,3.8,0.7,15.3
14.9,14.8,13.8,14.8,-1.1,8.9,6.4,9.0,7.8,6.9,6.7,5.2,6.7,2,4,2.0,8.0,5.4,6.5,6.4,6.3,7.7,1.3,6.9,5.9,1.1,16.6
10.0,12.1,12.2,12.2,2.2,5.4,5.1,5.9,5.9,5.0,4.9,4.8,7.7,5,5,6.5,6.6,6.6,3.5,5.7,4.9,5.5,2.5,4.5,4.3,0.12,11.3
17.2,15.3,16.8,16.6,-0.4,5.8,7.5,6.4,9.1,7.4,7.4,7.2,5.6,5,8,4.2,3.8,3.4,4.1,7.2,7.3,7.0,3.0,5.4,5.3,1.57,17.9
13.6,13.5,13.4,12.4,-0.2,5.3,4.2,6.9,7.2,6.3,7.8,3.2,8.0,7,1,7.9,6.0,4.3,4.2,3.7,5.8,5.6,2.5,4.6,3.6,1.48,11.3
10.5,10.1,11.6,10.2,1.1,4.7,3.4,5.8,4.6,4.6,4.8,5.2,5.8,6,7,5.0,10.0,5.7,2.2,4.4,4.9,4.6,3.2,6.4,3.1,0.72,7.2
17.3,16.5,18.4,17.1,1.1,7.2,8.6,7.3,6.0,7.9,8.1,7.6,6.1,8,16,2.0,8.6,2.9,5.9,6.8,7.9,8.0,5.3,7.9,5.9,0.85,19.6
14.7,14.5,14.0,13.5,-0.7,5.3,7.9,7.6,4.8,7.2,5.5,4.2,4.9,4,6,4.7,4.5,2.9,4.2,2.0,5.6,7.8,2.3,5.6,2.8,1.87,13.3
10.3,9.6,11.6,10.7,1.3,3.5,4.6,3.2,3.8,4.0,4.8,2.2,3.4,7,11,6.0,6.6,3.5,2.8,6.4,3.7,3.9,4.2,5.7,4.4,0.27,6.7
15.5,15.4,16.7,16.9,1.2,9.5,7.9,7.5,8.7,7.2,8.4,9.0,4.3,6,7,4.3,3.9,7.1,4.8,7.1,8.2,7.7,3.2,4.2,5.6,0.59,18.2
16.0,16.3,15.6,15.2,-0.4,5.8,5.3,6.7,5.0,6.7,4.9,5.6,6.3,3,15,6.2,3.5,5.8,6.9,6.4,5.7,6.0,3.5,3.8,6.1,0.42,13.4
13.9,16.2,13.8,14.5,-0.1,9.9,9.5,8.5,6.5,6.9,8.6,9.2,5.9,6,13,3.4,6.3,3.1,6.5,5.8,8.2,9.0,4.2,6.6,5.6,1.73,18.6
12.5,13.0,13.8,13.4,1.3,5.5,6.8,6.7,8.6,4.4,5.9,8.1,6.3,4,2,2.6,6.9,6.8,2.0,7.0,6.1,6.8,1.7,5.8,4.3,1.22,13.1
11.2,11.6,12.0,11.6,0.8,6.4,5.1,5.1,5.2,6.0,5.8,7.1,3.6,3,16,3.2,7.3,3.6,6.4,4.1,6.3,5.1,3.7,6.8,4.7,0.3,12.2
11.6,11.3,14.0,12.3,2.4,6.3,8.0,8.0,5.1,6.1,5.6,5.8,7.7,9,7,3.9,7.6,2.0,6.2,4.9,5.8,8.0,4.2,7.2,5.0,1.5,15.0
13.7,14.4,14.5,14.4,0.8,9.0,8.7,7.2,8.3,7.8,7.2,4.3,8.3,2,16,3.5,7.3,6.1,6.7,8.0,6.4,8.0,3.3,5.9,6.8,0.46,18.5
14.6,13.9,14.7,14.3,0.1,5.4,5.8,5.5,6.0,5.7,5.4,6.9,5.2,4,9,9.7,3.2,8.2,6.9,6.9,6.0,5.6,2.8,1.8,6.3,0.06,14.8
11.6,13.5,14.1,13.6,2.5,7.4,6.3,5.1,3.5,7.8,4.9,8.9,6.5,6,10,7.5,5.9,6.1,5.0,3.5,7.2,5.7,3.7,4.1,3.8,2.1,13.6
11.1,13.2,12.7,12.8,1.6,6.1,5.4,8.4,7.0,5.2,6.3,5.7,5.7,6,11,6.5,7.6,2.0,5.9,8.8,5.7,6.9,3.8,6.4,6.9,1.26,12.2
9.2,9.9,10.6,10.9,1.4,4.6,8.8,4.0,3.7,4.9,4.9,2.6,7.4,9,10,6.2,6.5,5.2,3.5,4.0,4.1,6.4,4.7,5.0,3.5,4.25,10.5
11.5,12.7,14.3,13.0,2.8,6.3,7.2,7.9,5.9,6.9,4.7,5.3,4.4,10,6,5.6,6.3,4.5,6.6,5.7,5.6,7.6,4.3,5.4,5.6,0.61,13.8
15.8,13.1,14.2,14.7,-1.6,8.7,7.0,4.6,5.9,5.2,9.2,6.2,6.0,2,11,5.5,6.7,5.7,5.6,9.5,6.9,5.8,2.5,5.2,7.1,2.26,14.6
12.3,13.4,12.9,13.7,0.6,8.6,9.0,8.4,7.8,6.8,6.7,6.5,6.5,3,14,4.7,7.1,2.9,3.3,3.0,6.7,8.7,3.3,6.5,2.9,0.19,19.7
13.8,14.9,15.8,15.0,2.0,6.8,9.5,7.5,3.3,8.2,8.8,3.9,7.0,8,11,4.7,2.8,4.1,7.6,3.3,7.0,8.5,4.5,4.7,4.8,5.01,17.6
13.8,13.0,14.0,12.8,0.2,4.8,6.2,8.2,5.1,5.8,4.3,5.9,6.7,4,7,2.0,8.0,2.2,4.7,6.8,5.3,7.2,2.5,7.9,5.4,1.78,13.2
14.1,14.6,14.3,14.4,0.2,7.3,5.9,5.2,7.7,5.6,7.0,5.3,5.1,3,9,4.2,5.8,5.4,4.6,2.0,6.0,5.6,2.5,5.4,2.9,1.03,14.3
12.2,13.8,13.0,13.0,0.8,8.0,8.9,5.8,8.9,8.5,7.2,9.8,6.5,8,20,4.1,7.6,2.0,4.8,2.7,8.5,7.4,6.0,7.2,3.4,1.61,17.8
13.1,13.9,15.8,15.3,2.7,7.3,6.2,5.8,4.2,5.5,5.5,6.3,7.4,7,7,3.5,2.0,5.9,4.3,8.2,5.8,6.0,3.5,4.2,5.9,1.24,13.6
15.0,14.9,15.9,16.2,0.9,6.4,6.9,10.0,8.8,8.0,8.2,8.5,9.5,6,17,3.3,9.5,3.1,6.4,6.1,8.2,8.4,4.8,7.7,5.7,2.1,19.3
13.0,13.1,12.3,12.6,-0.7,4.5,4.4,4.3,4.2,5.0,5.9,5.6,6.4,4,4,5.7,3.8,2.0,2.8,10.0,5.5,4.4,2.0,5.4,6.2,0.01,12.3
10.8,11.2,14.0,13.0,3.2,8.4,8.8,2.5,5.5,7.2,5.7,6.7,6.1,4,5,6.4,10.0,6.5,2.2,4.2,6.5,5.6,2.2,5.7,3.0,6.44,15.0
12.5,13.2,13.8,13.0,1.3,6.4,6.1,5.6,4.8,7.5,4.8,3.5,5.2,4,22,5.8,9.6,6.1,2.7,5.1,5.3,5.8,5.0,5.9,3.7,0.37,12.1
15.7,14.8,17.2,15.9,1.5,8.9,7.5,8.9,7.4,6.1,6.0,6.4,8.2,10,14,5.9,4.1,7.3,6.6,8.0,6.2,8.2,5.7,3.6,6.8,0.53,19.2
16.5,18.1,16.0,16.7,-0.5,6.4,7.3,5.5,8.4,7.8,7.7,8.7,7.2,4,13,6.1,7.8,2.0,5.3,7.5,8.1,6.4,3.5,6.6,6.0,1.16,17.3
11.2,10.3,10.0,10.1,-1.2,4.9,7.1,6.9,5.9,7.1,4.4,6.1,3.2,4,10,4.5,4.1,3.8,7.0,5.3,5.9,7.0,3.0,5.3,5.6,0.77,12.6
13.3,13.5,14.2,13.7,0.9,8.1,6.4,4.7,5.8,6.3,6.6,5.9,7.1,5,15,5.9,4.9,5.2,5.0,4.9,6.3,5.6,4.2,4.6,4.5,1.51,14.7
13.3,15.4,13.9,14.3,0.6,8.3,5.1,6.2,7.7,5.6,7.4,7.2,5.0,7,11,2.0,5.0,6.0,6.9,6.7,6.7,5.6,4.2,5.7,6.2,1.58,15.1
12.3,11.4,13.2,12.4,0.9,4.9,6.7,6.9,4.3,6.8,6.3,6.7,3.7,6,11,4.3,6.7,2.1,3.5,8.6,6.6,6.8,3.8,6.8,5.8,1.26,13.1
13.6,13.7,15.8,14.5,2.2,6.2,9.4,5.4,6.8,9.0,6.7,10.0,4.5,13,5,3.6,7.0,5.6,4.8,8.2,8.6,7.4,5.2,5.9,6.1,2.25,17.9
12.7,11.2,12.1,12.3,-0.6,6.3,7.9,6.2,7.3,7.4,7.3,6.3,5.6,7,12,8.1,3.8,3.9,5.0,4.7,7.0,7.0,4.3,3.9,4.4,0.5,13.5
10.6,10.2,11.3,11.0,0.7,4.1,4.4,6.5,5.5,5.5,4.5,3.5,3.3,6,4,6.1,6.4,2.0,4.0,3.3,4.5,5.4,2.7,6.1,3.3,0.9,9.4
9.5,10.4,11.8,10.3,2.3,5.5,8.2,6.8,5.1,6.7,4.8,6.1,2.5,5,11,2.3,5.7,3.5,4.6,4.7,5.9,7.5,3.5,6.6,4.3,1.47,14.0
14.1,15.2,16.5,14.8,2.4,5.1,6.9,5.1,3.5,5.6,6.1,7.2,5.6,4,0,6.1,2.8,6.0,3.4,3.6,6.3,6.0,1.3,3.6,3.2,1.45,14.3
15.0,14.8,14.8,13.9,-0.2,6.9,9.1,9.1,7.1,8.5,7.9,8.4,6.1,6,13,6.5,5.5,2.0,2.5,6.8,8.3,9.1,4.2,5.7,4.4,1.11,16.9
13.9,12.4,14.8,14.0,0.9,5.5,7.8,7.4,3.7,7.9,6.0,4.5,6.2,5,0,4.7,9.1,6.2,6.5,7.8,6.1,7.6,1.7,6.1,6.6,2.68,15.4
12.0,14.0,13.8,14.2,1.8,5.5,4.9,3.6,5.8,5.6,7.7,6.9,5.4,8,7,6.2,5.4,5.5,6.2,6.1,6.7,4.2,3.8,4.6,5.6,0.71,15.0
11.7,10.7,12.3,11.7,0.6,6.6,8.4,7.0,7.4,6.6,5.1,4.7,8.5,1,0,2.0,2.6,4.6,3.6,9.2,5.5,7.7,0.3,5.3,6.1,0.45,12.8
11.8,12.1,13.0,12.3,1.2,6.1,6.2,4.9,6.5,6.9,5.2,5.2,6.5,7,10,2.0,7.4,2.0,5.6,9.3,5.8,5.6,4.0,7.8,7.0,0.37,12.8
10.5,13.0,11.0,10.9,0.5,7.8,8.0,6.9,3.1,8.2,5.7,8.0,5.8,7,10,2.4,4.5,2.0,5.0,7.0,7.3,7.4,4.0,6.7,5.6,3.91,16.0
9.1,11.5,11.0,11.2,1.9,2.5,2.9,5.8,4.5,4.5,5.4,5.5,4.4,6,1,5.9,5.9,4.6,6.2,6.4,5.1,4.4,2.2,5.1,5.8,1.73,8.0
9.7,12.3,10.8,11.5,1.1,4.5,5.2,3.5,3.6,3.5,4.4,3.5,6.6,2,11,8.6,5.1,3.2,2.0,3.2,3.8,4.4,2.5,4.4,2.4,0.49,7.7
8.4,11.5,8.6,9.7,0.2,8.7,7.5,3.2,3.4,5.5,4.7,5.6,7.1,3,3,2.9,9.0,4.4,4.5,5.1,5.3,5.4,1.5,7.2,4.4,5.94,12.5
8.9,9.4,8.0,8.4,-0.9,3.6,6.5,6.1,4.3,2.9,3.5,3.2,2.0,2,0,4.1,5.0,7.3,3.3,7.2,3.2,6.3,0.7,4.5,5.0,1.46,6.2
10.8,11.3,12.5,11.7,1.7,8.0,8.7,8.1,5.4,6.9,3.0,10.0,4.9,5,11,5.0,4.1,4.4,5.5,5.1,6.6,8.4,3.5,4.9,4.8,1.61,15.1
12.1,12.1,13.6,13.2,1.5,7.9,7.5,6.2,5.3,6.5,7.5,6.9,5.1,9,0,3.9,5.3,4.3,8.1,9.0,7.0,6.8,3.0,5.7,7.9,1.07,14.8
15.2,15.0,14.9,15.0,-0.3,8.2,5.1,7.8,6.5,9.5,6.6,5.6,5.8,9,5,3.7,4.0,4.3,5.1,8.5,7.2,6.4,3.8,5.3,6.4,1.47,15.6
11.3,10.4,10.9,10.9,-0.4,4.4,4.4,3.4,2.9,5.2,2.0,5.9,3.3,8,1,4.9,5.0,7.5,5.2,6.3,4.4,3.9,2.8,4.2,5.3,0.42,6.7
11.9,12.7,14.6,14.1,2.7,6.8,5.3,5.8,5.6,7.2,4.2,7.6,5.7,4,1,7.7,9.0,7.7,4.5,3.5,6.3,5.6,1.5,4.5,3.6,0.32,12.5
15.9,16.3,16.3,16.1,0.4,8.0,7.4,6.4,5.4,7.7,6.4,9.2,7.6,0,7,7.0,8.4,5.7,7.4,5.7,7.8,6.9,1.2,5.2,5.9,0.98,15.8
11.8,14.1,13.1,13.9,1.3,8.1,5.7,6.2,5.6,6.9,5.5,9.7,8.0,6,3,4.8,9.9,5.1,6.9,7.7,7.4,6.0,2.5,6.7,6.7,1.01,16.2
9.7,12.8,12.2,11.2,2.5,5.1,6.2,6.5,7.4,6.2,7.3,7.1,5.5,7,9,8.3,6.9,5.5,4.4,4.1,6.9,6.4,3.8,4.4,3.9,0.68,13.8
14.8,15.4,16.2,15.7,1.4,6.1,7.6,5.8,9.1,8.1,8.5,7.4,4.9,10,5,5.5,6.8,7.5,5.1,6.6,8.0,6.7,4.2,4.6,5.4,1.73,19.3
13.8,15.1,15.3,14.8,1.5,5.0,6.3,6.1,3.5,7.2,7.2,6.4,4.8,7,9,7.1,4.4,5.8,6.2,7.7,6.9,6.2,3.8,3.8,6.4,1.24,15.3
12.5,11.0,12.6,11.6,0.1,6.5,6.1,6.8,7.3,7.3,3.5,6.1,5.5,5,14,3.2,6.6,8.0,3.9,5.1,5.6,6.4,4.0,5.1,4.2,0.19,14.8
14.9,16.4,15.2,15.6,0.3,7.3,6.3,8.7,8.1,6.5,5.7,5.7,4.1,11,12,3.7,5.8,4.2,5.4,4.4,6.0,7.5,5.7,6.0,4.4,0.81,13.8
11.4,13.2,14.6,13.3,3.2,4.4,6.2,3.7,7.7,5.5,4.8,7.2,7.2,2,6,3.9,7.2,2.5,4.0,2.2,5.8,5.0,1.7,6.9,2.8,2.44,11.7
10.8,10.9,12.2,12.0,1.4,7.2,2.9,6.4,6.3,5.4,4.7,5.8,3.9,5,3,5.0,3.9,3.8,5.5,5.0,5.3,4.6,2.2,5.0,4.8,2.74,12.4
10.8,11.5,12.5,11.5,1.7,5.6,3.2,6.7,3.9,4.7,5.6,7.3,6.7,3,8,5.2,6.0,3.9,4.6,7.4,5.9,5.0,2.3,5.6,5.6,1.9,13.0
10.5,13.1,13.6,12.7,3.1,6.4,6.6,3.7,7.2,8.5,5.4,7.5,3.8,7,6,5.5,3.3,8.1,3.9,4.6,7.1,5.2,3.3,3.2,3.9,1.81,15.3
15.9,16.4,15.7,16.2,-0.2,7.3,8.2,8.3,6.0,10.0,8.3,6.5,8.5,13,12,8.3,7.1,6.1,8.1,7.0,8.3,8.2,6.3,4.2,6.9,0.85,19.7
12.7,13.5,13.3,12.6,0.6,4.1,6.7,7.3,5.3,7.9,7.2,3.9,5.8,6,0,6.4,7.2,3.7,5.5,5.6,6.3,7.0,2.0,5.7,5.1,1.55,13.8
16.8,16.2,18.1,17.5,1.3,8.7,7.4,8.5,8.0,7.0,8.9,6.3,9.8,8,15,3.4,3.6,6.2,5.9,5.7,7.4,8.0,5.2,4.7,5.3,0.25,19.6
8.2,8.7,9.8,9.5,1.6,6.9,4.7,4.3,3.0,5.5,4.4,3.9,2.8,0,5,5.6,3.1,5.1,4.9,6.7,4.6,4.5,0.8,4.1,5.4,1.97,8.1
17.9,17.3,16.9,16.7,-1.0,8.2,8.5,8.1,5.5,9.5,10.0,8.0,6.6,7,22,7.4,4.2,7.9,2.7,10.0,9.2,8.3,6.0,3.0,6.1,1.46,19.4
11.4,11.5,12.4,12.2,1.0,3.7,5.1,5.8,6.1,5.6,7.2,4.9,5.1,9,13,6.7,5.5,4.4,8.8,7.7,5.9,5.4,5.2,4.8,7.5,0.86,12.3
13.3,14.8,15.6,14.6,2.3,8.2,8.5,4.1,9.4,7.8,6.8,7.8,6.3,6,12,7.7,3.7,2.0,5.4,5.0,7.5,6.3,4.0,4.7,4.8,4.16,16.0
12.5,10.5,13.5,12.7,1.0,4.5,6.8,6.3,7.8,6.0,5.8,5.5,5.5,5,7,4.0,8.5,4.6,2.0,9.9,5.8,6.6,2.8,6.6,5.8,1.43,13.9
13.2,17.2,15.1,14.8,1.9,5.4,7.7,5.9,7.3,8.7,8.3,7.0,5.9,10,5,3.5,6.9,4.2,7.6,8.2,8.0,6.8,4.2,6.4,7.3,0.91,15.2
13.7,14.6,13.9,14.8,0.2,6.6,7.0,5.3,7.7,7.3,7.9,6.7,5.8,6,13,3.5,7.2,2.2,3.7,5.3,7.3,6.2,4.2,7.2,4.2,0.76,15.0
11.4,15.1,14.7,14.0,3.3,6.8,9.4,9.8,7.0,5.6,4.8,8.7,3.0,10,7,4.2,3.2,6.1,7.1,4.6,6.4,9.6,4.5,4.3,5.3,1.85,14.3
13.8,13.2,14.4,13.5,0.6,5.0,7.0,7.6,6.3,7.0,7.4,4.7,7.3,2,13,3.0,8.2,7.9,5.1,8.0,6.4,7.3,2.8,5.8,6.1,0.94,13.0
12.9,14.6,16.3,14.2,3.4,7.8,7.5,5.8,8.6,9.4,7.7,10.0,10.0,10,13,5.1,7.6,2.4,2.8,7.2,9.0,6.6,5.5,6.7,4.8,1.04,18.9
13.8,14.6,14.5,13.3,0.7,7.3,7.4,6.4,3.5,6.6,5.1,5.3,6.3,10,10,5.7,4.7,7.0,5.4,4.3,5.7,6.9,5.0,4.0,4.4,2.49,13.3
16.5,16.4,14.2,15.4,-2.3,7.9,4.7,8.4,6.4,7.3,4.2,4.7,4.5,9,11,7.6,3.3,3.7,5.5,5.9,5.4,6.6,4.8,4.0,5.2,2.08,14.7
15.4,13.7,14.3,13.9,-1.1,8.2,6.7,3.9,5.7,6.5,6.0,6.0,4.5,1,4,2.0,5.9,4.9,7.3,5.2,6.2,5.3,1.0,6.3,5.6,2.44,14.0
10.7,11.6,13.4,11.7,2.7,9.1,7.1,6.3,6.1,5.4,6.5,10.0,7.1,4,4,3.1,5.2,4.7,6.1,4.5,7.3,6.7,2.0,5.8,4.8,1.41,14.4
12.8,14.4,14.3,13.5,1.5,7.9,7.0,6.5,5.4,6.7,8.5,7.7,6.9,6,4,6.5,5.3,4.9,2.8,8.2,7.6,6.8,2.7,4.6,5.3,0.82,14.9
16.4,18.5,17.0,16.4,0.6,8.0,7.8,5.7,8.1,8.9,9.1,8.6,7.0,11,16,4.8,5.2,5.6,7.9,8.4,8.9,6.8,6.3,4.9,7.5,0.97,19.3
12.3,11.2,12.0,11.0,-0.3,7.1,4.7,6.1,4.1,5.8,5.1,6.8,6.7,2,3,5.2,7.1,3.1,3.9,7.4,5.9,5.4,1.2,6.3,5.3,1.38,12.2
10.6,12.2,10.2,10.4,-0.4,6.8,5.2,7.4,4.7,7.1,6.5,4.9,2.6,3,4,7.6,2.0,7.6,8.2,7.4,6.2,6.3,1.7,2.3,7.1,1.23,12.9
10.0,10.3,11.2,10.5,1.2,5.9,5.4,7.1,3.7,4.8,6.1,5.5,6.2,0,8,3.4,8.2,6.3,3.7,3.6,5.5,6.2,1.3,6.2,3.3,1.49,10.0
8.0,9.3,8.5,8.4,0.5,4.6,3.0,3.8,5.4,4.0,4.4,4.3,4.7,1,3,4.2,7.2,7.1,3.5,3.7,4.2,3.4,0.8,5.3,3.3,0.8,7.2
14.3,15.8,15.1,14.8,0.8,6.5,9.9,10.0,6.8,8.6,6.7,9.7,5.4,4,8,3.0,6.7,3.2,4.0,9.4,8.3,10.0,2.7,6.8,6.4,2.74,17.4
9.2,9.6,11.0,10.0,1.8,4.9,2.8,2.7,4.8,6.4,5.4,5.8,3.6,10,5,2.0,5.7,2.8,3.9,6.0,5.9,2.8,4.2,7.0,4.6,1.1,12.8
12.1,11.5,11.8,12.2,-0.3,5.3,5.0,5.6,4.3,5.0,5.8,4.7,5.3,3,0,5.6,7.6,7.6,3.0,2.6,5.2,5.3,1.0,4.8,2.6,0.23,10.5
9.0,12.2,12.5,11.2,3.5,6.2,6.2,3.5,5.4,7.2,6.3,4.2,7.8,7,3,4.1,5.8,2.8,7.0,6.2,5.9,4.8,2.8,6.3,6.0,1.22,12.3
15.1,14.1,14.6,14.6,-0.5,5.7,7.2,6.2,8.4,5.8,6.0,6.4,5.7,6,14,3.5,5.5,5.3,2.4,7.3,6.1,6.7,4.3,5.6,4.6,1.07,13.9
13.2,12.2,13.5,13.0,0.3,7.3,5.6,5.5,4.0,5.9,3.4,6.8,4.9,6,6,3.1,8.1,7.0,6.7,7.2,5.4,5.6,3.0,6.0,6.4,1.36,14.6
12.3,11.7,11.5,12.3,-0.8,8.8,7.6,6.4,6.6,2.9,4.4,4.2,6.0,4,0,5.1,9.6,4.8,6.4,4.0,3.8,7.0,1.3,6.6,4.7,0.91,12.6
11.5,12.0,13.4,12.5,1.9,4.1,4.6,5.7,6.5,5.7,6.9,6.7,8.7,8,3,3.5,4.2,7.4,7.6,9.6,6.4,5.2,3.2,4.4,8.0,0.88,13.4
13.3,13.6,14.3,12.8,1.0,7.8,6.3,5.3,4.8,8.6,4.3,7.0,7.1,7,11,5.3,6.9,4.3,5.4,3.4,6.6,5.8,4.2,5.8,4.0,1.31,15.5
16.4,17.5,16.9,17.0,0.5,6.5,7.4,4.9,8.2,4.2,7.8,7.6,6.9,6,10,5.9,4.1,2.4,3.0,6.2,6.5,6.2,3.7,5.3,4.4,1.5,14.0
10.4,11.7,10.5,11.1,0.1,6.4,7.2,8.2,6.1,4.7,6.9,7.2,7.3,4,5,4.6,6.7,5.9,4.3,9.0,6.3,7.7,2.2,5.4,6.3,0.66,11.7
14.0,14.2,14.3,13.8,0.3,5.5,4.2,6.2,4.6,6.5,5.9,5.9,6.3,4,4,4.4,4.5,5.5,5.9,6.9,6.1,5.2,2.0,4.9,5.9,0.61,12.3
13.4,13.7,15.7,14.2,2.3,8.1,10.0,5.1,4.3,5.8,8.7,6.5,6.3,10,5,4.8,8.7,10.0,6.1,8.6,7.0,7.6,4.2,4.6,6.8,5.26,19.4
14.2,14.3,12.8,13.7,-1.4,6.8,5.5,6.9,6.3,6.0,7.0,5.2,3.4,7,10,4.9,5.8,3.1,5.8,4.0,6.1,6.2,4.0,5.9,4.4,0.31,14.1
13.8,14.3,12.6,13.2,-1.2,5.8,4.5,5.4,5.5,7.5,5.9,8.3,4.3,6,11,7.7,6.0,4.6,7.5,6.5,7.2,5.0,3.8,4.6,6.4,0.23,12.8
12.3,13.4,12.8,12.9,0.5,4.5,7.1,6.0,4.1,8.8,4.6,6.4,4.3,4,14,5.6,8.9,3.6,6.1,5.9,6.6,6.6,3.7,6.6,5.5,1.44,13.6
12.3,11.5,10.7,11.1,-1.6,5.6,5.4,6.6,3.6,6.2,6.9,7.9,6.5,11,2,7.4,4.5,4.9,5.1,3.5,7.0,6.0,4.0,4.1,3.9,1.17,11.8
17.3,15.0,15.3,15.7,-2.0,6.6,7.8,9.5,8.8,7.4,9.8,8.6,8.8,7,18,5.6,7.8,4.2,2.4,8.7,8.6,8.6,5.3,6.0,5.4,1.19,19.8
12.2,13.4,11.8,13.2,-0.4,7.9,7.8,5.2,3.1,5.9,5.3,7.7,6.7,7,9,2.2,5.0,3.2,3.8,4.7,6.3,6.5,3.8,6.5,3.9,3.98,15.4
14.5,15.3,16.8,16.0,2.3,3.6,4.0,5.5,5.9,6.1,4.1,7.0,3.7,5,7,4.1,8.0,6.0,3.9,4.4,5.7,4.8,2.8,6.0,3.8,0.94,12.2
14.6,14.6,15.2,14.6,0.6,8.8,5.3,6.1,6.3,7.8,7.1,5.5,9.5,13,14,4.6,9.5,4.4,2.0,7.4,6.8,5.7,6.7,6.8,4.5,1.72,16.9
12.9,11.2,11.6,12.7,-1.3,6.4,5.1,6.3,6.0,7.9,4.9,6.0,4.8,4,4,6.9,5.3,7.8,2.5,5.4,6.3,5.7,2.0,3.5,3.7,0.26,11.7
12.4,12.4,15.4,13.9,3.0,5.9,6.7,4.6,4.4,6.4,5.4,3.5,6.0,4,0,9.2,2.0,4.0,3.9,5.7,5.1,5.6,1.3,2.9,4.5,0.9,10.2
11.7,10.9,12.7,11.1,1.0,3.4,5.5,5.8,6.0,6.3,7.5,5.5,5.8,6,11,4.1,4.7,8.8,4.6,5.4,6.4,5.6,3.8,3.9,4.6,1.08,12.8
16.5,15.1,15.3,15.6,-1.2,7.7,10.0,7.0,6.0,7.8,5.1,8.5,7.6,6,13,4.6,10.0,5.2,6.8,9.6,7.1,8.5,4.2,6.7,7.6,2.17,18.8
11.3,12.6,13.7,12.5,2.4,7.9,8.0,5.8,5.7,9.9,8.1,4.8,6.8,6,6,6.6,4.9,7.5,4.6,4.2,7.6,6.9,3.0,3.6,4.0,1.21,13.6
11.4,11.8,11.7,11.9,0.3,5.3,6.3,8.0,6.1,6.6,5.3,6.4,4.5,12,10,5.1,9.0,5.3,5.2,4.8,6.1,7.2,5.7,6.2,4.6,0.97,12.0
11.2,12.8,13.2,12.8,2.0,5.2,7.0,9.6,6.1,5.8,7.0,4.3,8.0,7,12,8.2,4.9,3.4,4.2,7.0,5.7,8.3,4.3,4.4,5.2,2.7,14.0
15.3,14.2,13.3,13.7,-2.0,6.8,8.0,7.6,7.4,7.4,8.1,8.8,4.5,8,3,2.0,5.2,4.2,5.7,4.7,8.1,7.8,3.2,6.3,4.7,0.19,17.3
14.0,12.7,15.2,13.1,1.2,6.3,6.6,5.7,4.2,5.4,7.1,5.2,4.3,4,8,6.4,7.4,2.3,5.8,3.9,5.9,6.2,2.7,6.2,4.4,0.85,13.4
10.4,10.7,11.0,10.9,0.6,5.2,5.8,3.4,4.6,3.5,6.1,4.6,7.8,10,0,6.4,7.1,4.8,7.7,6.1,4.7,4.6,3.3,5.3,6.3,0.79,13.0
14.8,17.0,16.1,15.7,1.3,8.8,6.9,5.5,5.5,7.6,7.4,5.0,7.5,12,9,7.0,7.7,5.2,4.4,8.1,6.7,6.2,5.5,5.2,5.9,1.83,16.1
14.4,15.7,15.4,15.7,1.0,7.5,6.2,6.8,6.3,9.6,7.7,6.4,10.0,10,8,4.8,6.3,4.9,5.9,8.5,7.9,6.5,4.7,5.5,6.7,0.26,17.2
10.7,11.2,13.2,11.4,2.5,5.3,3.2,4.5,7.6,4.1,5.1,3.2,5.7,7,9,6.9,7.7,7.8,6.4,5.9,4.1,3.8,3.8,4.3,5.6,2.56,12.2
11.1,11.9,13.6,11.8,2.5,4.5,7.6,4.8,5.0,6.3,3.9,5.2,8.4,5,2,4.6,7.6,4.8,2.1,4.5,5.1,6.2,2.0,6.1,3.1,1.54,12.9
13.6,13.6,15.3,13.7,1.7,7.3,6.9,8.5,4.1,5.9,5.0,7.8,3.3,7,6,3.4,8.1,2.0,9.0,6.6,6.2,7.7,3.3,7.6,7.0,2.6,14.4
8.0,8.5,10.2,9.1,2.2,5.4,4.8,4.6,5.3,5.4,4.6,4.4,2.5,2,0,3.6,4.4,10.0,6.4,6.2,4.8,4.7,0.7,3.6,5.8,0.11,8.6
15.8,14.3,15.0,15.2,-0.8,5.1,6.6,5.8,7.6,5.9,5.0,4.3,7.1,2,10,2.3,7.7,3.7,2.0,6.3,5.1,6.2,2.3,7.2,4.0,0.87,12.6
12.5,12.7,14.4,13.4,1.9,3.5,5.3,4.9,3.7,4.9,5.3,6.4,3.3,2,7,4.2,5.0,6.9,5.7,8.3,5.5,5.1,1.8,4.6,6.5,0.59,13.5
14.0,14.3,13.8,13.5,-0.2,6.9,5.1,7.7,8.9,5.3,8.4,6.3,5.6,7,8,5.6,5.7,2.0,3.9,4.0,6.7,6.4,3.7,6.0,3.6,1.91,13.5
11.8,12.2,14.1,12.8,2.3,5.5,5.4,5.0,5.8,4.8,6.6,8.1,7.2,1,0,4.8,5.5,5.6,3.8,4.2,6.5,5.2,0.3,5.0,3.7,0.08,11.4
8.8,8.2,9.5,8.3,0.7,4.6,5.9,3.2,5.5,5.6,3.8,5.1,4.9,2,6,6.1,3.6,3.9,4.5,6.9,4.8,4.6,1.7,4.5,5.3,1.08,6.5
13.6,15.4,14.6,14.8,1.0,9.0,5.0,3.7,8.2,8.0,7.1,6.6,6.0,6,16,7.4,2.9,2.0,7.1,3.2,7.2,4.4,4.7,4.5,4.6,4.81,13.9
11.3,11.6,13.0,11.9,1.7,5.7,2.4,5.2,6.7,5.4,5.1,6.7,4.7,8,6,4.2,8.0,4.6,3.7,4.6,5.7,3.8,3.7,6.4,3.8,2.55,11.4
9.5,12.3,12.5,11.7,3.0,4.1,4.1,3.6,4.1,6.1,4.8,4.4,4.9,2,8,10.0,4.3,5.3,3.2,3.7,5.1,3.8,2.0,3.0,3.2,0.05,8.3
15.6,14.4,13.9,15.8,-1.7,7.0,9.9,10.0,9.4,8.3,8.7,7.9,8.4,12,8,5.9,6.1,4.2,6.7,4.0,8.3,10.0,5.3,5.3,4.8,1.49,19.9
15.2,16.0,17.0,16.1,1.8,6.7,4.9,9.3,6.7,6.8,6.4,9.0,5.5,9,9,4.4,4.9,5.4,6.4,6.0,7.4,7.1,4.5,5.0,5.7,2.46,15.7
12.4,12.2,12.1,12.1,-0.3,5.7,4.0,3.3,6.7,5.6,4.6,3.1,5.8,2,0,4.9,5.3,4.7,2.5,6.9,4.4,3.6,0.7,5.2,4.5,1.81,10.8
19.3,19.5,19.1,19.5,-0.2,8.5,8.7,6.0,9.3,8.8,9.6,9.2,9.2,11,15,2.4,5.6,4.7,9.3,7.3,9.2,7.4,6.2,6.2,7.5,1.59,19.7
11.9,11.0,12.1,12.5,0.2,8.7,9.8,5.6,4.1,5.9,7.1,6.1,5.7,5,9,4.9,8.3,5.3,3.8,7.6,6.4,7.7,3.2,6.0,5.4,5.27,13.9
17.1,17.2,16.3,16.1,-0.8,8.8,6.5,6.3,8.5,8.3,5.2,7.4,7.5,7,5,2.0,5.4,4.6,7.8,9.2,7.0,6.4,3.2,6.3,7.8,1.28,19.1
11.7,10.0,11.5,10.8,-0.2,5.9,4.3,6.0,5.2,7.0,5.1,5.1,6.4,5,4,7.6,8.9,4.7,5.7,5.1,5.7,5.2,2.3,5.5,4.9,0.46,12.6
13.1,14.5,13.4,14.2,0.3,6.9,8.2,6.6,7.1,7.9,6.5,7.6,7.8,8,11,2.0,8.4,3.0,6.8,10.0,7.3,7.4,4.5,7.8,7.8,0.36,17.7
13.2,13.6,14.1,13.6,0.9,6.6,7.8,6.2,5.8,6.3,5.3,5.9,7.2,5,12,5.2,5.1,6.2,3.7,5.2,5.8,7.0,3.7,4.6,4.1,0.56,13.1
16.1,16.9,16.8,16.0,0.7,6.1,6.5,8.2,6.6,7.9,8.1,6.4,5.1,5,16,2.5,6.8,4.3,2.1,6.0,7.5,7.4,4.3,6.7,3.9,0.64,16.2
17.0,18.8,18.6,16.8,1.6,6.2,3.9,4.0,7.8,6.7,5.8,4.8,4.8,3,6,3.8,6.8,4.4,4.7,4.3,5.8,4.0,2.0,6.2,4.1,2.65,12.1
13.9,12.5,13.1,13.7,-0.8,7.7,7.6,8.0,4.1,7.0,5.1,4.2,5.7,7,3,3.7,7.7,5.9,5.3,7.3,5.4,7.8,2.8,6.0,5.9,2.54,15.5
10.8,10.8,11.4,11.4,0.6,6.2,7.2,4.9,3.0,5.9,5.8,5.2,4.6,5,9,8.8,7.7,5.4,3.1,5.4,5.6,6.1,3.2,4.5,4.0,2.47,13.6
14.1,15.2,15.5,15.0,1.4,6.2,9.3,9.6,3.1,7.2,7.4,6.0,3.7,8,17,2.7,6.5,3.5,7.0,6.1,6.9,9.4,5.5,6.8,6.0,6.97,15.3
11.2,8.6,10.8,9.6,-0.4,2.7,6.3,7.5,6.7,3.7,5.1,5.5,2.0,5,0,7.1,4.0,7.7,4.4,5.1,4.8,6.9,1.7,3.1,4.4,3.39,10.7
11.1,13.7,13.1,13.0,2.0,7.4,7.0,5.3,4.1,5.7,5.0,8.3,7.4,5,2,7.5,7.0,2.8,3.1,5.3,6.3,6.2,2.0,5.6,3.9,1.76,12.0
10.3,12.9,13.4,12.1,3.1,7.0,6.1,4.5,6.0,3.6,6.6,5.3,3.6,8,11,2.0,5.6,3.0,6.1,6.3,5.2,5.3,4.5,6.9,5.7,0.8,13.6
15.7,14.4,12.7,13.9,-3.0,7.4,10.0,4.6,5.9,5.0,8.6,5.2,8.7,10,9,3.7,2.0,6.3,6.4,5.3,6.3,7.3,4.8,4.0,5.3,4.03,14.9
13.6,15.4,14.5,15.2,0.9,4.8,6.3,7.5,4.6,4.7,7.1,5.5,7.4,10,6,7.8,6.8,8.4,3.8,5.4,5.8,6.9,4.3,3.5,4.3,1.4,14.7
10.6,13.4,12.8,12.2,2.2,7.9,5.3,5.6,6.8,7.3,7.5,6.1,5.1,9,8,2.5,4.6,3.9,7.2,7.9,7.0,5.4,4.3,6.1,7.0,1.07,12.6
12.8,12.3,12.5,13.3,-0.3,5.2,8.1,6.7,5.0,5.8,4.9,6.3,6.3,7,11,7.6,5.0,6.0,9.0,5.0,5.7,7.4,4.2,3.8,6.2,1.57,11.5
16.2,15.5,14.8,15.4,-1.4,6.7,5.2,9.8,5.9,5.7,6.9,7.7,7.1,13,9,4.8,6.2,2.5,3.2,7.1,6.8,7.5,5.8,6.3,4.9,3.09,15.7
8.0,8.0,8.0,8.0,0.0,2.7,2.0,2.7,4.1,4.5,3.9,5.0,2.4,4,3,5.7,2.5,3.7,3.4,3.0,4.5,2.4,1.8,4.4,2.9,0.58,6.1
10.7,11.8,11.9,11.0,1.2,3.8,6.3,3.8,6.6,7.2,6.1,7.1,5.7,6,10,5.3,6.1,7.3,5.5,4.9,6.8,5.0,3.7,4.5,4.7,1.77,12.6
9.3,8.6,9.1,10.3,-0.2,7.9,6.4,6.2,4.2,7.0,6.7,5.7,4.4,12,7,5.7,5.4,5.8,9.4,3.5,6.5,6.3,5.2,4.6,5.7,1.73,13.4
11.5,14.2,14.6,14.2,3.1,6.9,5.0,6.6,6.2,5.0,4.1,7.8,6.0,0,11,3.5,4.1,7.6,2.9,9.0,5.6,5.8,1.8,4.3,5.7,0.52,10.0
14.7,15.8,16.6,15.5,1.9,7.9,9.4,6.1,9.5,8.4,8.6,7.2,6.2,7,20,4.0,6.5,6.8,4.0,9.5,8.1,7.8,5.7,5.2,6.4,1.91,18.9
15.5,14.2,15.2,15.1,-0.3,5.2,4.9,5.7,3.2,7.1,4.0,6.0,5.5,9,3,5.9,2.9,2.0,3.0,6.9,5.7,5.3,3.5,5.0,4.7,0.88,12.5
10.5,10.1,10.7,10.7,0.2,6.2,6.7,8.2,6.4,6.1,4.9,8.1,5.9,9,2,5.3,6.2,2.6,7.5,10.0,6.4,7.4,3.3,6.1,8.1,0.62,14.3
13.0,12.7,13.3,12.7,0.3,6.4,6.4,3.9,5.6,6.9,9.2,7.3,6.5,14,10,5.6,6.9,5.5,3.8,7.7,7.8,5.2,6.3,5.3,5.4,1.04,15.0
12.5,14.3,13.5,13.4,1.0,4.4,4.8,5.9,6.5,5.7,5.2,2.7,8.1,6,1,3.7,6.4,2.0,3.1,5.4,4.5,5.4,2.2,6.9,4.0,0.7,12.1
14.2,13.0,15.3,13.9,1.1,6.5,6.8,5.5,4.1,5.0,7.5,6.5,5.9,5,3,6.1,7.5,2.8,5.6,6.9,6.3,6.2,2.2,6.2,5.8,1.11,14.9
14.7,13.9,14.1,14.7,-0.6,7.2,8.1,6.7,8.9,8.1,8.9,7.9,8.3,6,0,5.1,8.2,7.7,5.9,8.9,8.3,7.4,2.0,5.1,6.9,0.71,15.5
11.0,11.2,10.5,10.2,-0.5,7.3,8.7,6.6,2.8,8.3,3.0,3.9,6.3,6,5,2.0,5.7,4.0,6.8,4.0,5.1,7.6,2.8,6.6,4.8,4.77,12.1
14.5,14.7,15.4,14.9,0.9,6.4,7.1,6.2,5.3,5.3,7.5,7.1,8.0,10,8,4.0,7.9,6.4,5.1,3.6,6.6,6.6,4.7,5.8,3.9,0.41,13.3
13.9,13.9,14.6,14.6,0.7,4.7,3.5,4.7,6.7,7.8,7.3,6.9,5.7,11,6,3.2,5.9,4.9,5.6,6.9,7.3,4.1,4.7,5.9,5.8,1.32,14.5
14.5,13.0,10.3,12.3,-4.2,6.1,5.6,4.6,4.0,4.7,7.5,7.0,6.4,5,13,3.5,4.5,3.8,4.4,4.4,6.4,5.1,3.8,5.7,4.0,0.68,11.3
10.2,10.6,11.2,11.0,1.0,5.6,6.0,7.6,4.0,6.1,4.4,4.8,5.5,6,13,4.2,5.1,2.0,2.2,2.0,5.1,6.8,4.2,6.3,1.9,1.64,12.1
13.5,14.9,15.0,14.0,1.5,8.5,8.0,6.7,6.4,8.5,8.3,7.8,2.0,5,18,6.1,6.6,5.4,4.8,3.7,8.2,7.4,4.7,5.0,3.8,0.76,14.7
13.8,12.9,14.4,13.5,0.6,8.9,7.3,7.8,6.4,6.5,6.0,6.9,4.8,5,9,3.6,8.1,7.8,5.4,5.7,6.5,7.6,3.2,5.6,5.1,0.82,15.6
9.2,11.6,12.3,11.7,3.1,9.2,8.9,7.1,6.5,7.3,8.3,9.3,7.5,10,15,5.2,6.2,3.5,4.6,6.5,8.3,8.0,5.8,5.8,5.2,1.32,16.3
13.6,16.0,14.5,15.1,0.9,7.1,8.4,8.4,8.3,5.8,7.5,10.0,7.9,12,12,4.7,5.2,4.9,2.7,6.9,7.8,8.4,6.0,5.2,4.6,0.3,18.0
12.2,11.4,12.2,11.6,0.0,8.3,7.8,4.8,4.5,5.0,6.5,7.6,3.4,3,8,3.7,8.4,2.1,2.4,9.5,6.4,6.3,2.3,7.5,5.8,2.93,11.5
11.6,13.6,12.7,12.9,1.1,5.9,4.8,3.9,5.4,3.2,5.3,5.8,5.5,5,4,4.7,3.1,3.9,4.4,5.0,4.8,4.4,2.3,4.8,4.3,0.56,10.4
8.0,8.9,9.6,9.0,1.6,8.3,6.4,6.8,4.7,6.7,3.8,9.0,6.5,5,0,6.8,4.7,5.7,6.6,6.4,6.5,6.6,1.7,4.1,5.9,1.64,12.8
13.2,15.6,14.2,13.8,1.0,6.1,7.8,7.9,4.7,7.7,2.8,7.2,6.2,9,11,5.2,7.7,6.4,8.4,3.0,5.9,7.8,4.8,5.4,5.0,1.75,14.6
10.2,12.5,10.6,11.1,0.4,6.1,5.7,4.6,5.3,6.2,6.5,5.0,7.1,5,13,6.1,9.1,6.1,4.6,5.9,5.9,5.2,3.8,5.6,4.9,0.31,13.7
12.4,12.0,12.8,13.2,0.4,6.7,5.3,5.0,4.9,6.7,5.8,6.0,6.8,1,1,7.6,6.8,2.0,3.5,6.6,6.2,5.2,0.5,5.7,4.8,0.52,13.3
17.7,16.6,16.7,16.1,-1.0,8.2,7.2,7.1,6.4,7.7,8.2,8.6,7.2,11,11,5.4,6.9,3.8,5.1,4.1,8.2,7.2,5.5,5.9,4.2,0.41,18.6
10.8,10.4,11.2,11.1,0.4,7.0,4.4,7.4,6.8,6.2,5.0,6.3,4.4,4,11,2.0,5.2,3.3,2.4,3.6,5.8,5.9,3.2,6.6,2.8,1.38,10.4
13.5,14.0,13.4,13.8,-0.1,5.9,6.8,6.5,5.1,6.3,8.4,4.4,7.3,5,6,5.6,6.9,4.5,6.4,6.8,6.4,6.6,2.7,5.6,6.1,0.42,12.8
8.4,10.4,9.9,10.3,1.5,7.5,3.7,3.6,4.3,3.7,6.1,4.3,6.3,7,13,3.9,6.1,4.9,8.9,4.7,4.7,3.6,4.5,5.8,6.1,2.55,12.3
13.9,13.8,14.8,14.7,0.9,7.4,4.5,5.8,5.8,7.5,5.7,5.7,3.9,7,7,8.6,4.6,7.1,3.6,5.8,6.3,5.2,3.5,3.0,4.4,1.06,13.7
12.6,13.8,14.4,12.8,1.8,6.8,9.5,6.2,6.5,6.6,7.3,7.4,6.8,8,7,5.6,5.6,5.5,3.0,7.4,7.1,7.8,3.8,4.8,5.0,1.73,15.6
10.8,11.4,11.1,11.2,0.3,7.7,6.0,4.6,4.2,5.4,6.2,7.4,4.6,2,15,3.7,4.6,7.7,7.2,10.0,6.3,5.3,3.2,4.4,8.0,1.88,15.0
11.6,12.8,13.4,13.1,1.8,6.2,7.1,6.1,5.6,6.3,6.7,6.7,4.8,8,4,6.0,6.1,3.5,5.8,5.7,6.6,6.6,3.3,5.5,5.3,0.29,14.8
9.0,8.9,9.7,9.3,0.7,9.3,4.3,5.3,5.0,4.1,4.6,4.9,4.8,0,4,5.3,6.2,2.2,5.5,9.3,4.5,4.8,0.7,6.2,6.9,3.82,13.0
13.4,13.3,12.6,13.2,-0.8,3.0,6.5,5.4,5.4,4.9,6.2,8.4,6.0,8,4,2.0,8.9,7.9,8.0,2.1,6.5,6.0,3.3,6.3,4.4,1.64,13.4
13.1,13.7,12.2,13.3,-0.9,7.8,6.0,5.8,7.3,7.1,6.2,5.2,6.9,10,3,6.6,5.1,5.8,2.6,6.5,6.2,5.9,3.8,4.2,4.3,0.72,15.2
14.2,15.5,15.1,15.6,0.9,4.6,4.9,8.5,6.3,7.2,5.3,8.3,5.7,3,9,4.1,5.8,3.4,2.5,5.6,6.9,6.7,2.5,6.1,3.8,2.37,15.0
12.2,10.7,13.7,13.2,1.5,5.7,7.7,5.0,7.4,6.4,8.2,6.7,5.1,6,5,8.0,8.1,6.0,4.4,4.7,7.1,6.4,2.8,4.7,4.2,1.28,12.3
10.0,10.5,10.9,10.5,0.9,6.2,7.8,5.9,5.6,6.3,4.8,7.7,5.1,9,10,4.8,9.2,6.7,5.0,7.2,6.3,6.8,4.7,5.9,5.7,0.72,13.2
11.8,11.2,13.4,12.5,1.6,8.9,6.9,6.4,9.1,6.2,6.8,6.1,8.0,5,1,7.7,7.0,5.1,4.6,5.9,6.4,6.6,1.8,4.7,4.9,1.42,15.4
13.5,13.2,13.8,13.4,0.3,5.4,7.5,5.0,4.8,6.2,5.1,5.8,2.0,8,2,5.9,5.5,3.6,9.6,2.0,5.7,6.2,3.0,5.3,5.0,1.16,13.0
13.9,12.9,14.4,14.2,0.5,8.1,8.9,6.1,4.5,5.9,6.6,6.2,5.5,0,8,6.9,5.1,4.1,4.4,2.9,6.2,7.5,1.3,4.7,3.3,2.96,13.6
15.0,13.5,14.6,14.8,-0.4,4.9,7.4,6.0,6.6,4.6,4.7,5.5,8.3,9,15,4.0,2.7,5.6,3.9,7.4,4.9,6.7,5.5,4.4,5.3,0.83,13.6
14.2,15.5,15.4,14.4,1.2,7.9,6.8,5.8,7.7,5.3,7.0,6.2,6.5,6,9,5.8,4.3,5.5,5.1,2.7,6.2,6.3,3.5,4.3,3.5,0.69,12.8
10.0,11.5,11.4,11.8,1.4,5.3,6.1,4.2,3.0,6.9,8.1,7.7,7.4,4,4,2.0,6.0,7.5,6.5,7.1,7.6,5.2,2.0,5.5,6.3,1.36,11.8
13.7,12.7,12.5,13.1,-1.2,6.3,7.0,5.4,5.2,8.0,5.0,4.2,2.7,8,1,4.8,5.6,4.5,3.4,6.1,5.7,6.2,2.8,5.4,4.5,0.52,12.9
18.2,18.4,18.8,18.0,0.6,7.9,7.9,8.7,6.4,9.1,9.5,7.0,5.6,13,8,2.0,7.6,2.7,5.7,6.6,8.5,8.3,5.7,7.6,5.7,0.69,19.5
9.9,8.8,8.3,9.1,-1.6,6.0,4.0,3.8,4.2,6.1,3.8,3.2,5.1,5,4,3.4,5.0,10.0,5.8,4.7,4.4,3.9,2.3,3.9,4.8,0.77,7.1
16.6,17.5,17.8,15.6,1.2,9.2,8.3,7.4,6.9,7.9,9.3,7.2,9.4,12,0,2.8,5.1,5.1,7.7,7.7,8.1,7.8,4.0,5.7,7.1,0.77,17.7
12.4,12.5,13.1,12.7,0.7,7.2,6.1,6.4,8.1,8.7,9.1,6.2,4.4,2,3,6.3,6.7,6.6,5.5,3.8,8.0,6.2,1.2,4.6,4.2,0.6,14.3
11.1,11.3,11.6,11.0,0.5,4.3,5.3,6.0,5.0,8.1,5.3,6.6,4.8,7,3,4.9,10.0,6.2,9.3,5.7,6.7,5.6,2.8,6.3,6.7,0.37,11.5
8.0,10.4,9.2,9.5,1.2,3.3,4.2,4.8,6.1,2.2,2.4,4.2,4.8,3,3,5.8,4.8,5.8,7.7,2.6,2.9,4.5,1.5,4.4,4.5,1.03,6.8
14.2,15.8,14.4,14.4,0.2,6.7,9.5,7.1,6.6,8.3,8.9,8.0,5.0,6,11,4.2,6.7,4.2,3.1,7.1,8.4,8.3,3.8,6.1,4.8,1.4,18.5
10.1,11.2,11.9,11.9,1.8,3.1,4.5,4.2,6.8,6.0,6.1,6.2,6.4,0,4,7.3,7.4,2.0,2.0,7.0,6.1,4.4,0.7,6.0,4.3,1.81,12.1
9.5,10.6,10.9,11.0,1.4,7.9,7.2,4.0,6.0,5.8,6.7,6.3,2.0,7,10,5.1,4.9,2.9,6.4,6.2,6.3,5.6,4.0,5.6,5.8,2.19,13.1
11.0,12.4,12.1,11.3,1.1,5.2,6.6,6.7,7.8,6.2,5.1,6.3,6.1,7,7,5.8,8.0,5.8,7.2,6.7,5.9,6.6,3.5,5.5,6.4,0.85,11.1
11.6,14.9,14.1,14.2,2.5,6.4,7.8,7.4,3.7,6.9,5.5,6.3,4.7,10,7,3.8,3.3,2.0,4.7,4.8,6.2,7.6,4.5,5.8,4.4,2.56,14.8
12.0,13.8,13.9,12.8,1.9,8.8,5.9,7.3,4.3,6.1,8.1,8.8,5.7,10,12,7.1,5.4,5.1,4.2,6.1,7.7,6.6,5.3,4.4,4.8,2.78,15.1
14.1,14.9,18.5,16.1,4.4,7.8,6.2,8.9,10.0,8.4,8.5,10.0,8.5,6,14,6.8,6.0,5.9,4.4,6.5,9.0,7.6,4.3,4.4,5.1,1.97,19.7
11.5,14.8,13.5,13.4,2.0,5.6,7.3,5.9,4.7,8.0,4.7,7.3,6.8,10,1,4.9,6.3,6.6,2.8,5.5,6.7,6.6,3.5,4.9,3.9,0.87,14.2
11.3,11.5,12.6,12.2,1.3,5.2,5.8,4.2,3.9,5.7,6.2,5.6,5.2,9,6,4.1,2.2,6.4,6.7,3.9,5.8,5.0,4.0,3.9,4.7,0.58,10.8
13.3,14.8,15.2,14.6,1.9,6.1,8.9,5.5,5.3,8.3,7.9,8.0,8.3,7,14,2.0,8.7,6.7,4.8,5.7,8.1,7.2,4.7,6.7,4.8,2.09,17.2
9.9,10.9,12.7,11.0,2.8,4.6,3.3,2.3,5.7,3.8,3.7,2.6,2.0,3,9,4.0,6.1,8.7,4.4,2.6,3.4,2.8,2.5,4.5,3.1,1.66,6.6
10.8,9.4,10.4,10.2,-0.4,6.3,7.8,8.1,4.1,7.3,8.5,6.7,6.6,4,10,2.0,8.1,7.1,2.0,2.9,7.5,8.0,3.0,6.3,2.3,2.51,14.8
16.9,16.2,17.1,17.5,0.2,5.8,7.8,5.2,5.8,5.1,5.5,5.2,4.8,10,7,3.2,8.9,5.4,6.9,4.6,5.3,6.5,4.5,6.8,5.2,0.97,13.6
8.9,8.9,9.8,10.5,0.9,5.0,5.7,6.9,4.8,5.2,5.4,6.2,6.8,1,9,5.9,4.5,4.9,5.8,6.8,5.6,6.3,1.8,4.6,5.8,0.68,11.6
11.8,13.9,14.1,13.8,2.3,6.5,7.1,5.8,7.6,6.5,7.3,5.3,7.1,8,12,4.9,2.0,5.2,2.4,6.5,6.4,6.4,4.7,4.0,4.2,0.45,14.1
12.1,10.5,11.8,11.9,-0.3,6.8,7.2,5.2,5.1,5.3,6.6,5.9,7.3,5,9,9.5,8.1,4.4,5.6,3.7,5.9,6.2,3.2,4.7,4.2,0.88,14.5
13.9,13.9,16.8,14.9,2.9,6.4,6.0,4.9,6.9,6.1,5.2,4.2,8.9,4,10,4.1,5.6,7.1,5.3,5.5,5.2,5.4,3.0,4.8,5.0,0.54,15.5
12.5,13.0,14.9,13.2,2.4,5.9,7.1,5.0,3.8,6.7,6.4,4.5,7.6,1,7,4.2,3.9,6.2,4.1,7.3,5.9,6.0,1.5,4.5,5.4,1.46,13.4
10.4,8.4,10.3,10.8,-0.1,5.7,7.9,7.5,8.9,5.9,5.1,6.0,5.2,5,0,7.3,6.8,4.4,2.0,4.8,5.7,7.7,1.7,5.0,3.2,1.34,11.6
13.9,15.5,14.5,14.8,0.6,6.3,6.6,4.5,5.5,7.5,7.4,5.1,6.1,3,7,2.0,10.0,7.6,3.8,3.3,6.7,5.6,2.2,6.8,3.2,0.66,14.0
12.6,11.1,13.7,13.3,1.1,6.9,5.0,9.4,6.1,6.1,6.8,7.9,7.2,7,5,2.0,5.9,4.4,5.8,10.0,6.9,7.2,3.2,6.5,7.4,2.62,14.8
15.0,15.9,17.4,16.0,2.4,7.0,7.0,6.0,9.6,7.9,7.7,6.2,7.3,13,7,5.9,8.1,2.8,4.6,6.4,7.3,6.5,5.5,6.5,5.1,1.78,18.0
9.6,11.5,11.8,11.5,2.2,7.7,4.2,7.0,4.8,5.7,5.0,6.7,7.0,6,15,4.6,4.2,5.0,4.5,3.7,5.8,5.6,4.5,4.9,3.7,2.14,13.6
10.5,12.3,11.6,11.8,1.1,5.9,7.4,5.2,7.9,6.6,5.4,4.5,2.1,11,11,4.9,2.8,3.5,7.5,6.0,5.5,6.3,5.5,4.8,6.1,1.2,11.6
14.9,15.7,16.0,15.7,1.1,5.6,7.2,5.3,4.9,7.6,7.2,6.5,8.7,3,0,3.2,7.6,6.9,4.7,5.7,7.1,6.2,1.0,5.8,4.8,0.76,13.0
10.0,14.2,12.2,12.4,2.2,5.7,4.6,3.0,5.8,5.7,4.2,3.0,5.1,1,1,5.9,6.6,3.6,2.0,2.3,4.3,3.8,0.5,5.7,2.0,1.27,9.8
14.7,16.5,17.1,16.3,2.4,8.1,6.4,7.4,6.4,9.5,7.9,7.2,4.9,5,9,2.9,5.7,4.4,5.5,7.1,8.2,6.9,3.2,6.1,5.8,0.52,19.2
12.9,14.2,13.0,13.3,0.1,4.9,6.0,4.8,4.1,7.2,5.8,5.6,5.1,7,6,5.0,9.2,6.7,5.5,8.2,6.2,5.4,3.3,5.8,6.4,0.46,15.7
12.3,10.9,11.5,11.6,-0.8,6.0,4.7,2.7,5.7,6.4,4.0,6.5,2.0,12,8,3.0,2.6,3.8,2.9,5.0,5.6,3.7,5.3,5.3,3.7,1.67,10.8
13.8,13.4,14.5,13.3,0.7,5.2,6.6,6.2,6.8,6.6,6.2,6.8,4.3,1,2,4.6,3.8,5.8,6.4,2.0,6.5,6.4,0.7,4.5,3.7,0.38,13.8
11.9,14.7,13.0,13.3,1.1,7.4,6.3,4.8,3.5,5.1,6.3,4.3,5.6,7,12,9.1,5.0,3.1,2.0,6.5,5.2,5.6,4.3,4.3,4.1,2.19,13.0
13.2,12.9,12.2,13.1,-1.0,7.3,9.3,9.5,6.2,7.9,9.7,6.9,9.2,5,10,3.8,5.7,5.3,5.3,7.7,8.2,9.4,3.3,5.5,6.1,1.91,17.2
16.2,15.9,16.1,15.7,-0.1,8.5,6.6,8.4,8.6,6.4,6.7,6.1,7.4,7,8,4.4,8.9,5.9,2.7,5.4,6.4,7.5,3.7,6.2,3.8,0.68,16.9
12.6,13.2,12.3,12.3,-0.3,6.3,5.2,9.1,7.3,9.8,6.8,8.1,6.9,3,9,4.4,6.3,4.8,4.8,5.2,8.2,7.2,2.5,5.7,4.6,2.06,15.8
14.1,13.2,14.6,13.9,0.5,5.6,4.0,4.1,4.3,5.1,3.8,7.0,3.5,7,4,5.7,5.4,5.3,5.8,9.8,5.3,4.0,3.0,4.8,7.3,0.41,10.6
10.6,10.1,12.6,12.0,2.0,8.2,6.6,6.3,5.0,7.4,7.2,4.4,4.9,6,0,5.9,3.8,5.9,4.8,4.8,6.3,6.4,2.0,4.0,4.4,1.3,14.2
13.1,13.6,13.7,13.4,0.6,6.1,5.5,2.1,8.9,6.5,6.8,7.3,4.8,9,8,5.5,7.9,4.4,4.6,3.8,6.9,3.8,4.3,6.0,3.8,5.85,13.7
14.9,14.9,14.3,14.0,-0.6,5.4,5.8,5.3,3.2,4.7,7.8,4.8,4.6,6,6,5.7,3.9,6.8,4.9,5.9,5.8,5.6,3.0,3.8,5.0,1.03,12.7
12.4,11.7,12.6,12.9,0.2,7.5,6.1,6.3,5.9,4.5,7.8,6.0,5.6,1,4,4.6,3.8,7.7,5.3,7.2,6.1,6.2,1.0,3.8,5.8,0.39,14.4
11.3,12.6,12.4,12.0,1.1,6.4,6.8,5.4,2.7,6.4,5.8,5.4,4.8,8,11,5.5,5.0,3.4,5.9,6.5,5.9,6.1,4.5,5.4,5.7,2.56,10.9
15.0,15.6,16.0,15.0,1.0,5.6,5.6,5.8,7.8,8.1,5.6,8.5,5.4,0,11,4.6,6.2,8.5,6.3,2.0,7.4,5.7,1.8,4.4,3.6,0.86,13.3
12.2,11.9,13.4,13.9,1.2,4.0,6.0,6.1,5.8,5.7,6.5,4.9,5.0,1,19,2.0,4.7,4.4,7.8,4.7,5.7,6.0,3.5,6.1,5.6,0.74,13.8
15.2,14.5,15.6,15.3,0.4,6.8,8.5,3.0,7.0,5.7,7.2,8.3,7.1,5,14,9.9,7.6,8.7,5.9,8.8,7.1,5.8,4.0,3.0,6.9,4.12,17.2
8.3,9.5,11.0,9.9,2.7,7.1,5.5,6.1,10.0,5.8,7.2,4.4,5.3,3,4,6.5,5.4,4.5,2.0,6.5,5.8,5.8,1.7,4.8,4.1,2.99,12.9
10.8,11.7,12.6,11.9,1.8,5.7,7.3,6.9,5.0,5.7,7.5,4.8,3.8,10,4,3.0,7.9,6.4,6.8,3.7,6.0,7.1,4.0,6.2,4.7,0.85,14.5
13.5,14.2,16.2,14.9,2.7,6.7,7.1,8.1,8.7,5.9,6.1,6.4,6.2,6,6,5.4,6.9,6.4,7.7,8.5,6.1,7.6,3.0,5.0,7.5,0.63,14.3
14.8,13.5,14.0,14.2,-0.8,5.9,6.9,6.7,5.3,7.4,4.7,6.4,6.0,10,5,2.3,9.2,4.2,9.9,8.0,6.2,6.8,4.2,7.6,8.1,0.41,14.4
13.4,15.5,12.8,14.0,-0.6,3.9,5.0,5.7,5.3,6.3,7.8,2.3,3.5,4,8,4.1,5.2,5.2,7.8,5.4,5.5,5.4,2.7,5.3,6.0,0.45,13.5
13.5,13.8,14.4,13.9,0.9,5.6,8.0,7.6,10.0,5.5,6.9,7.7,5.1,7,1,2.1,7.5,7.9,4.0,7.7,6.7,7.8,2.5,5.8,5.5,2.44,13.6
13.3,11.8,13.0,12.4,-0.3,5.8,7.7,2.0,4.2,5.5,4.4,2.0,5.6,5,8,5.4,2.4,4.7,4.5,9.0,4.0,4.8,3.0,4.1,6.4,4.39,8.8
11.7,13.3,14.7,13.3,3.0,3.9,6.9,5.6,3.9,7.7,7.3,6.4,4.6,8,9,2.0,10.0,4.1,4.7,4.2,7.1,6.2,4.2,8.0,4.1,1.59,15.1
13.4,13.6,14.4,13.1,1.0,6.8,5.1,4.8,6.2,6.1,6.3,7.9,4.1,5,10,5.8,7.4,2.7,4.2,7.0,6.8,4.9,3.3,6.3,5.2,0.66,13.6
11.6,11.5,12.2,11.5,0.6,5.0,6.6,6.0,5.6,6.7,7.9,9.2,5.6,5,3,6.3,5.5,8.1,4.8,9.9,7.9,6.3,2.2,3.7,7.0,0.34,14.0
10.8,10.1,11.2,10.3,0.4,6.8,7.3,2.4,6.0,6.6,3.6,5.3,6.6,5,8,3.5,5.4,4.1,7.3,7.0,5.2,4.8,3.0,5.9,6.5,3.68,12.4
9.7,10.3,11.0,10.9,1.3,7.7,6.0,8.2,5.8,7.3,6.1,4.6,9.0,2,15,5.2,5.6,7.3,2.1,4.7,6.0,7.1,3.2,4.4,3.2,1.09,14.7
11.2,9.6,9.5,10.2,-1.7,5.4,5.4,4.8,8.6,5.6,7.4,7.1,6.3,5,2,3.5,9.0,4.0,2.6,6.0,6.7,5.1,2.0,7.2,4.1,2.23,11.0
15.6,16.2,17.1,16.7,1.5,7.1,7.7,7.2,7.4,9.0,7.7,8.1,8.3,6,5,5.8,7.8,7.2,7.8,9.1,8.3,7.4,2.8,4.9,7.8,0.05,16.3
8.0,8.3,9.1,8.0,1.1,3.1,5.7,4.2,2.1,4.7,6.2,3.4,4.6,5,7,4.4,4.5,7.1,6.6,2.8,4.8,5.0,2.8,4.3,4.1,1.79,6.4
12.5,12.6,14.3,13.5,1.8,5.4,8.1,8.4,6.5,6.6,5.4,5.9,5.5,7,5,6.4,4.0,4.4,4.0,6.3,6.0,8.2,3.2,4.4,4.8,1.48,15.7
9.7,11.3,11.9,10.9,2.2,8.6,7.5,3.2,4.5,6.0,7.6,5.2,7.0,10,7,2.0,8.1,3.5,8.2,5.5,6.3,5.4,4.5,7.5,6.2,4.77,13.7
13.1,15.7,14.4,14.4,1.3,6.9,7.4,7.5,6.7,7.4,8.9,7.1,7.1,8,18,2.5,7.9,3.4,7.7,5.6,7.8,7.4,5.7,7.3,6.0,0.11,18.4
10.4,10.3,10.1,10.0,-0.3,6.5,5.0,5.9,2.6,5.2,2.4,4.8,5.0,2,0,3.4,6.7,4.1,3.4,5.4,4.1,5.4,0.7,6.4,4.1,2.2,7.5
8.0,8.2,9.2,8.5,1.2,3.3,3.5,4.0,7.4,3.6,4.0,3.5,2.9,4,11,6.1,5.3,7.6,2.0,4.7,3.7,3.8,3.2,3.9,3.2,2.77,7.2
13.7,12.5,13.6,13.7,-0.1,6.6,7.0,4.1,4.2,5.4,5.6,5.1,6.2,7,5,6.3,5.3,5.4,2.0,6.9,5.4,5.6,3.2,4.5,4.3,1.78,11.9
18.1,19.5,18.4,18.5,0.3,7.0,9.9,6.8,8.5,9.7,6.2,8.8,7.4,4,6,4.9,9.5,2.4,4.7,9.2,8.2,8.4,2.3,7.4,6.6,1.57,19.8
8.0,8.0,8.5,8.0,0.5,5.0,5.1,3.5,3.5,4.5,3.9,2.2,4.6,1,7,4.7,8.6,4.9,5.3,2.4,3.5,4.3,1.5,6.3,3.4,0.6,7.1
10.5,12.3,12.4,11.5,1.9,5.8,5.8,4.7,3.7,7.6,7.1,5.5,5.7,4,8,2.0,7.1,4.8,6.3,6.0,6.7,5.2,2.7,6.8,5.6,0.76,13.0
12.1,12.7,12.2,12.1,0.1,5.5,5.6,5.2,5.6,6.8,5.2,3.4,5.1,6,7,5.3,7.5,2.0,3.8,5.6,5.1,5.4,3.2,6.7,4.4,0.03,11.8
13.6,14.0,13.6,14.2,0.0,6.9,8.4,7.9,6.1,4.8,6.2,6.0,6.4,7,4,6.7,6.3,4.7,4.4,6.2,5.7,8.2,3.0,5.0,4.9,0.79,12.6
12.4,11.5,11.4,11.7,-1.0,5.5,5.7,4.8,6.4,6.0,6.2,3.3,5.1,6,8,10.0,3.5,6.5,4.7,5.8,5.2,5.2,3.3,2.3,4.9,0.33,12.6
10.3,10.3,12.5,12.0,2.2,4.1,7.2,4.7,2.0,7.0,5.7,6.8,3.1,0,0,4.4,4.1,4.9,4.3,3.8,6.5,6.0,0.0,4.9,3.7,3.44,11.9
10.6,12.1,12.3,11.8,1.7,7.8,7.3,7.0,4.1,5.5,5.8,4.8,3.4,2,10,3.6,8.1,5.4,5.5,9.0,5.4,7.2,2.3,6.4,6.8,2.08,14.9
10.1,10.9,10.8,10.3,0.7,4.9,5.9,5.6,7.2,6.8,6.9,3.7,6.2,5,14,5.7,8.2,6.0,4.9,9.6,5.8,5.8,4.0,5.5,6.8,0.7,13.3
16.7,15.7,17.4,16.7,0.7,8.1,5.7,4.8,5.1,7.4,5.2,6.5,6.0,6,1,4.2,8.1,4.1,2.2,7.5,6.4,5.2,2.2,6.6,4.7,1.68,16.6
8.8,9.8,10.2,9.9,1.4,7.6,6.6,5.8,6.0,4.3,6.2,8.3,3.2,6,6,7.6,6.6,6.5,4.5,7.1,6.3,6.2,3.0,4.2,5.4,0.49,13.3
14.4,14.2,14.7,14.2,0.3,4.5,5.1,4.5,2.5,5.1,6.5,5.8,5.0,3,1,3.9,7.5,8.2,4.2,5.5,5.8,4.8,1.2,5.1,4.5,0.97,9.1
15.1,16.2,16.0,15.7,0.9,9.0,9.8,8.3,7.8,6.6,6.7,4.5,6.7,11,3,4.2,6.2,2.0,7.4,8.4,5.9,9.0,4.2,6.7,7.3,0.57,16.9
12.9,14.6,15.8,14.6,2.9,7.5,5.8,4.9,7.6,5.5,5.8,4.7,5.5,0,0,6.6,7.2,4.2,3.6,2.0,5.3,5.4,0.0,5.5,2.5,1.31,14.9
14.6,12.8,15.7,14.3,1.1,5.9,9.7,7.7,7.2,6.8,7.4,5.9,6.6,7,3,5.5,5.7,9.6,5.5,6.1,6.7,8.7,2.8,3.5,5.3,1.87,14.6
12.4,12.8,12.6,13.3,0.2,8.7,7.4,6.2,7.8,4.7,6.9,9.6,8.3,9,8,7.2,4.2,5.3,6.3,5.1,7.1,6.8,4.3,3.9,5.2,0.81,15.1
14.9,15.9,15.8,15.7,0.9,6.3,8.3,5.5,9.4,7.0,8.4,6.1,9.0,10,16,3.7,7.9,4.7,5.4,7.0,7.2,6.9,6.0,6.5,5.8,2.41,17.8
14.8,16.0,15.5,15.2,0.7,7.6,7.3,5.5,5.2,10.0,7.8,6.4,7.5,10,4,7.0,8.7,4.2,2.4,8.9,8.1,6.4,4.0,5.8,5.4,1.12,18.7
12.0,11.4,12.1,12.0,0.1,5.1,5.7,7.8,3.6,6.1,2.3,7.2,4.9,7,7,2.1,10.0,7.8,6.4,5.4,5.2,6.8,3.5,6.7,5.4,2.27,10.2
13.2,16.9,16.6,14.9,3.4,8.5,8.3,6.9,8.3,6.7,8.9,7.6,7.2,6,11,2.0,6.8,2.9,7.1,5.9,7.7,7.6,3.8,7.3,5.9,0.41,17.6
11.6,9.8,12.0,11.5,0.4,7.9,7.7,7.4,7.6,8.1,8.8,7.6,6.5,3,16,7.5,4.1,6.8,5.4,3.3,8.2,7.6,3.7,3.3,3.9,0.03,13.8
11.9,10.1,10.3,10.6,-1.6,7.2,4.6,2.9,4.1,4.7,7.2,4.6,5.1,0,9,5.2,5.2,4.6,4.7,5.4,5.5,3.8,1.5,5.1,4.7,2.47,11.7
10.6,11.6,12.5,11.7,1.9,7.0,8.5,10.0,4.7,6.0,2.2,6.2,6.4,5,11,6.8,5.8,3.5,2.0,7.4,4.8,9.2,3.5,5.2,4.5,3.83,14.3
18.0,17.1,17.8,17.3,-0.2,7.9,8.7,8.8,6.2,6.9,8.4,9.5,5.0,6,14,4.7,6.7,4.2,7.4,5.3,8.3,8.8,4.3,5.9,5.7,1.08,19.1
10.6,10.7,12.3,11.8,1.7,4.0,7.1,5.5,3.1,6.6,5.6,5.9,6.0,9,3,5.0,6.8,4.9,7.8,2.0,6.0,6.3,3.5,5.6,4.2,2.31,13.3
8.7,10.9,12.2,10.5,3.5,5.1,6.5,5.8,4.0,8.4,5.3,8.0,7.0,6,6,2.3,6.7,3.9,3.0,10.0,7.2,6.2,3.0,6.8,6.2,0.85,14.8
12.1,13.5,13.8,13.2,1.7,8.5,5.1,6.9,3.6,5.1,6.2,6.5,5.1,3,13,5.0,7.3,7.3,7.5,6.5,5.9,6.0,3.2,5.0,6.4,3.41,13.0
14.2,15.8,15.9,15.8,1.7,4.4,6.9,7.3,5.6,4.4,6.4,5.1,6.1,3,0,7.6,6.4,3.5,7.3,5.7,5.3,7.1,1.0,5.1,5.9,1.3,14.7
12.0,14.8,13.2,14.5,1.2,5.7,6.9,6.4,6.4,7.9,7.1,6.4,4.5,12,5,5.1,2.1,5.2,2.9,8.8,7.1,6.6,4.8,3.9,5.6,0.18,14.4
8.2,9.3,9.9,9.7,1.7,6.5,3.2,4.7,5.2,6.8,5.0,6.2,2.9,4,0,6.8,6.0,6.4,3.5,5.5,6.0,4.0,1.3,4.3,4.2,1.4,9.2
9.7,9.0,11.8,10.5,2.1,6.8,7.5,6.8,5.0,4.2,5.0,7.1,6.3,4,9,6.3,6.2,5.3,2.3,8.6,5.4,7.2,2.8,4.9,5.3,0.86,13.8
8.0,9.0,9.8,9.6,1.8,5.7,5.8,2.0,3.4,5.0,3.8,4.3,3.3,4,2,3.6,6.4,6.9,3.9,7.4,4.4,3.9,1.7,5.3,5.3,2.57,7.7
8.0,10.1,8.5,10.0,0.5,5.5,3.8,3.9,4.5,5.0,3.8,2.1,2.0,9,8,7.2,4.9,4.5,5.0,2.6,3.6,3.8,4.3,4.4,3.4,0.46,8.4
9.2,11.6,11.4,11.5,2.2,8.4,5.2,3.6,3.4,5.6,4.3,3.8,4.3,5,8,4.4,6.4,6.2,2.5,6.9,4.6,4.4,3.0,5.3,4.5,4.01,13.9
14.1,14.1,15.2,14.1,1.1,7.0,6.2,7.0,7.5,5.0,4.8,4.2,4.6,8,1,4.4,7.0,6.3,5.8,9.4,4.7,6.6,2.8,5.4,7.1,0.22,14.2
16.7,16.3,16.5,15.8,-0.2,7.3,6.4,4.9,7.8,7.5,6.0,5.4,7.1,9,1,9.2,5.7,6.9,6.2,4.0,6.3,5.6,3.2,3.2,4.6,1.21,13.5
14.4,13.8,13.9,14.3,-0.5,6.2,6.7,4.2,5.3,7.3,8.6,6.2,6.7,2,9,6.0,7.4,2.0,6.6,4.4,7.4,5.4,2.2,6.5,4.9,0.91,15.6
12.0,13.2,13.0,13.2,1.0,7.2,6.4,4.8,5.1,6.8,5.6,4.2,4.7,4,4,3.7,6.1,6.0,5.9,4.4,5.5,5.6,2.0,5.5,4.7,0.95,13.7
11.3,12.5,12.0,12.0,0.7,6.3,7.1,6.5,8.0,6.1,5.7,7.8,5.3,9,6,5.0,6.4,6.7,2.8,7.9,6.5,6.8,4.0,4.9,5.1,0.44,14.7
17.7,17.9,17.8,18.0,0.1,7.7,6.5,7.3,7.1,7.4,6.5,6.1,9.4,6,16,4.5,2.0,3.8,5.7,7.5,6.7,6.9,4.7,4.6,6.1,0.19,19.3
10.5,10.5,10.3,11.6,-0.2,6.9,4.1,3.6,6.1,2.9,5.6,3.7,6.8,6,10,8.6,3.7,4.1,5.3,2.0,4.1,3.8,3.7,3.7,3.2,1.87,11.4
13.3,11.4,13.2,12.3,-0.1,7.8,3.1,3.6,5.8,6.4,7.8,6.4,4.4,4,17,5.0,4.0,3.6,7.9,6.7,6.9,3.4,4.2,5.1,6.6,3.51,14.2
13.0,14.3,14.9,13.6,1.9,9.0,8.0,6.4,8.6,8.5,9.0,7.8,8.0,5,7,9.3,6.5,2.9,5.2,5.7,8.4,7.2,2.8,4.8,5.0,0.98,14.8
13.5,16.4,14.2,15.1,0.7,9.4,7.4,5.9,7.3,6.3,7.4,9.7,6.5,5,7,2.2,8.5,6.1,6.3,6.2,7.8,6.6,2.8,6.7,5.7,1.56,16.4
9.4,11.5,11.7,10.4,2.3,5.9,6.1,4.1,5.2,3.0,4.8,5.4,5.8,6,7,5.5,5.3,9.9,2.3,3.5,4.4,5.1,3.2,3.3,2.7,0.61,8.3
15.6,17.0,17.0,16.8,1.4,5.5,6.2,6.8,7.7,8.2,6.8,9.4,6.7,8,8,3.1,7.8,3.6,3.4,7.3,8.1,6.5,4.0,7.0,5.1,0.65,17.5
14.7,15.7,18.1,16.8,3.4,10.0,8.5,8.4,6.6,9.2,7.7,6.4,9.4,9,9,3.4,7.7,3.7,3.6,9.1,7.8,8.4,4.5,6.9,6.0,1.45,20.0
11.4,11.8,12.1,11.8,0.7,7.2,6.3,6.9,4.7,5.4,6.6,8.7,3.9,12,6,4.2,6.1,5.1,4.0,4.5,6.9,6.6,5.0,5.6,3.9,0.93,12.4
12.4,13.6,12.6,12.2,0.2,4.6,4.9,5.4,6.3,5.2,5.1,2.9,4.9,10,14,3.9,6.8,2.0,8.5,2.3,4.4,5.2,5.7,7.0,4.7,0.42,11.0
12.2,14.5,14.5,13.9,2.3,7.5,4.6,5.6,6.1,6.9,6.2,5.6,7.9,1,11,8.4,6.5,3.6,4.3,5.4,6.2,5.1,2.2,4.8,4.5,1.09,14.0
8.9,10.4,10.3,10.6,1.4,4.9,8.5,5.8,3.7,6.1,6.0,6.7,2.2,4,11,7.9,5.7,4.9,5.6,7.3,6.3,7.2,3.2,4.3,6.0,3.12,13.0
15.0,16.7,17.4,16.1,2.4,8.1,9.1,6.2,9.5,8.5,6.3,4.8,6.6,14,17,5.5,6.9,3.1,6.5,5.6,6.5,7.6,7.5,6.1,5.5,1.63,16.3
12.1,11.3,11.8,12.4,-0.3,4.7,5.9,3.5,7.3,9.2,6.1,4.9,5.3,4,12,4.1,8.5,7.4,2.8,3.1,6.7,4.7,3.3,5.7,2.7,1.99,13.5
12.0,11.9,12.5,12.5,0.5,5.4,7.1,7.6,5.8,4.5,3.8,4.7,7.0,12,3,3.7,6.8,2.4,4.1,7.4,4.3,7.4,4.5,6.9,5.4,0.82,13.6
15.9,14.1,15.8,15.1,-0.1,8.0,6.4,7.8,5.8,8.5,7.5,6.3,8.1,6,13,6.3,6.5,6.7,6.5,9.0,7.4,7.1,4.2,4.5,7.2,0.86,15.5
14.1,16.1,15.6,15.7,1.5,8.8,6.2,9.8,6.9,7.6,10.0,9.0,7.9,7,14,5.3,4.7,7.7,6.3,6.5,8.9,8.0,4.7,3.9,5.9,2.08,16.7
10.3,12.5,12.8,11.9,2.5,6.9,8.8,9.3,6.6,8.1,5.6,6.2,6.3,8,11,4.7,8.5,5.8,2.0,2.9,6.6,9.0,4.5,6.0,2.3,1.37,13.7
15.8,14.9,16.4,15.0,0.6,6.6,4.8,4.7,2.9,7.8,7.2,6.0,6.4,6,8,5.9,3.6,4.6,6.4,5.6,7.0,4.8,3.3,4.4,5.5,1.71,15.2
9.8,10.4,12.3,11.2,2.5,3.2,5.6,5.0,8.7,6.0,6.8,2.0,5.0,7,10,6.9,2.8,5.6,3.6,6.0,4.9,5.3,4.0,3.4,4.5,3.93,12.1
14.4,15.3,14.1,15.3,-0.3,5.9,6.3,9.4,4.3,7.0,7.5,6.5,6.1,10,7,4.8,6.6,4.2,3.8,4.3,7.0,7.8,4.5,5.9,3.7,3.41,12.8
12.3,11.4,12.2,11.8,-0.1,7.3,8.7,6.0,5.9,6.1,6.0,7.3,8.3,8,4,3.4,4.5,2.0,5.8,7.2,6.5,7.4,3.3,6.4,6.0,1.3,14.0
15.0,13.6,15.4,14.3,0.4,6.6,8.2,6.8,6.3,6.2,4.7,4.4,5.2,7,6,2.2,8.1,2.9,8.2,4.5,5.1,7.5,3.3,7.7,5.7,0.53,15.5
8.0,8.4,8.0,8.1,0.0,4.2,2.0,2.0,7.1,5.1,4.4,4.0,3.5,8,7,6.2,2.4,5.5,3.4,4.8,4.5,2.0,3.8,3.6,3.8,4.38,6.6
18.1,17.5,19.1,18.2,1.0,7.3,7.6,7.2,6.6,6.6,7.5,7.4,6.7,10,6,9.0,8.0,2.9,7.8,6.1,7.2,7.4,4.3,5.4,6.3,0.13,17.1
8.6,9.5,11.7,10.9,3.1,6.0,6.4,8.7,8.2,7.1,5.8,7.4,7.4,4,4,2.8,7.4,4.2,2.1,7.1,6.8,7.6,2.0,6.8,4.4,1.32,13.4
9.3,9.6,10.1,10.8,0.8,4.7,4.3,6.2,4.9,4.6,4.4,3.5,4.8,9,8,7.8,5.7,6.3,4.3,5.0,4.2,5.2,4.3,3.9,4.3,0.51,7.9
13.0,12.6,15.0,14.0,2.0,7.5,8.6,6.3,5.4,5.2,7.7,6.3,8.6,9,11,3.2,2.6,5.0,4.7,6.3,6.4,7.4,4.8,4.8,5.1,1.46,18.0
12.0,13.2,13.5,13.0,1.5,8.7,5.0,5.7,6.3,6.2,7.0,5.9,7.8,6,11,4.0,3.0,7.0,5.7,4.6,6.4,5.4,3.8,4.0,4.7,1.94,14.8
12.4,14.3,15.0,14.2,2.6,4.0,6.3,4.6,5.9,7.2,7.0,8.2,7.2,1,3,6.7,6.5,5.5,4.6,6.2,7.5,5.4,0.8,4.8,5.0,0.88,14.8
13.4,14.8,14.2,14.7,0.8,5.6,7.0,4.6,3.9,5.9,5.9,7.4,4.3,2,10,4.5,5.5,5.7,2.3,5.4,6.4,5.8,2.3,5.1,3.7,1.36,13.3
15.6,17.1,17.0,16.6,1.4,6.0,8.0,3.8,6.9,4.3,7.4,6.8,9.0,11,6,5.3,7.5,3.4,3.6,4.7,6.2,5.9,4.7,6.3,3.8,2.38,15.8
10.9,11.5,9.3,10.4,-1.6,6.7,6.6,5.8,5.8,7.9,5.9,7.5,8.1,11,3,5.5,5.9,2.4,2.0,6.3,7.1,6.2,4.2,6.0,4.0,0.18,13.5
8.0,10.8,9.8,11.3,1.8,5.3,4.8,7.1,5.6,5.4,5.8,2.0,5.0,5,3,4.1,5.4,4.5,2.0,6.0,4.4,5.9,2.2,5.6,3.8,0.73,9.7
15.5,15.3,15.3,14.9,-0.2,8.4,6.1,6.3,5.9,6.8,5.3,7.1,3.7,1,14,6.8,2.0,3.6,5.8,5.2,6.4,6.2,2.7,3.9,5.0,1.01,13.1
10.6,9.4,12.0,10.8,1.4,9.3,7.7,8.2,5.0,6.2,6.6,4.9,3.8,3,7,4.8,7.5,4.6,4.6,7.9,5.9,8.0,2.2,6.0,5.9,2.5,14.6
15.2,15.2,14.5,14.0,-0.7,5.8,6.9,7.9,7.3,7.4,4.7,8.9,6.6,2,19,2.2,4.9,2.8,5.6,6.7,7.0,7.4,3.8,6.6,5.7,0.59,14.8
12.2,12.1,13.4,13.2,1.2,6.6,5.3,5.3,4.9,8.7,6.0,4.9,5.0,2,0,3.2,5.3,6.6,8.6,3.6,6.5,5.3,0.7,5.2,5.4,0.41,14.2
15.0,15.1,15.8,15.7,0.8,8.0,6.2,6.0,2.0,6.9,8.2,6.2,4.4,13,3,2.0,4.5,3.3,5.1,9.2,7.1,6.1,4.8,6.4,6.7,4.81,17.7
9.7,10.5,10.5,11.0,0.8,5.0,4.1,4.5,5.6,7.9,4.6,6.5,3.2,11,13,5.3,3.1,4.4,6.0,7.2,6.3,4.3,5.8,4.5,6.1,0.31,12.3
13.8,11.2,12.7,12.6,-1.1,8.5,9.5,4.5,5.9,8.1,7.0,8.1,6.2,4,17,7.2,8.9,4.7,5.7,8.5,7.7,7.0,4.2,5.7,6.6,3.98,17.4
8.0,9.5,10.1,9.5,2.1,5.9,7.2,5.8,6.2,5.2,3.1,5.3,6.1,6,3,3.0,7.3,7.3,10.2,6.6,4.5,6.5,2.5,5.7,7.6,0.31,12.9
17.7,17.6,17.4,17.4,-0.3,6.9,8.2,3.3,10.0,10.0,6.4,8.4,9.6,5,12,5.6,8.0,8.1,2.0,2.4,8.3,5.8,3.7,4.8,2.0,6.02,19.4
14.0,14.2,15.3,14.4,1.3,5.9,5.7,6.7,8.9,6.7,4.8,6.7,6.6,6,11,5.9,5.6,8.7,3.5,8.0,6.1,6.2,3.8,3.7,5.5,1.61,13.1
13.7,13.7,15.6,15.1,1.9,6.2,6.8,7.0,6.4,8.3,7.4,7.6,6.2,12,9,3.2,3.2,2.2,6.8,6.6,7.8,6.9,5.5,5.9,6.1,0.1,16.9
9.0,11.6,10.4,9.8,1.4,6.3,6.4,5.4,3.2,4.7,5.3,4.3,5.4,7,6,8.5,9.3,4.6,2.8,5.9,4.8,5.9,3.3,5.4,4.1,1.66,9.2
9.5,10.8,11.3,10.3,1.8,8.8,8.8,7.5,6.7,5.5,6.1,6.8,6.4,8,8,4.5,6.7,3.9,6.0,7.0,6.1,8.2,4.0,6.1,6.0,0.8,13.5
9.5,13.2,10.7,10.8,1.2,4.9,3.8,4.6,3.6,4.7,4.0,6.3,5.6,3,0,9.6,5.7,6.1,3.9,8.7,5.0,4.2,1.0,3.3,6.0,0.29,7.8
11.4,11.6,13.1,12.3,1.7,7.3,8.6,9.0,7.0,9.0,6.5,5.2,6.5,10,8,2.0,5.5,5.5,7.0,5.3,6.9,8.8,4.7,6.0,5.6,0.71,15.8
12.5,13.6,12.7,12.7,0.2,7.2,7.1,7.4,5.2,6.7,7.6,5.6,8.0,8,9,4.3,2.5,3.7,3.1,5.3,6.6,7.2,4.2,4.8,3.9,0.79,15.4
12.2,13.2,13.1,12.5,0.9,8.3,6.5,5.1,6.4,6.7,6.8,6.5,7.5,7,9,4.6,8.1,3.6,5.5,4.5,6.7,5.8,3.8,6.6,4.5,1.3,14.6
14.2,14.6,14.7,14.9,0.5,9.3,9.8,6.9,5.6,9.5,7.2,6.0,7.2,7,2,4.5,4.5,2.7,6.6,4.6,7.6,8.4,2.7,5.8,5.0,2.97,18.0
13.4,14.3,12.6,13.0,-0.8,7.1,7.2,3.3,8.3,6.9,8.5,4.5,6.4,8,13,6.2,7.2,2.0,5.6,4.4,6.6,5.2,4.8,6.3,4.5,3.58,16.1
11.8,12.9,13.7,13.3,1.9,7.0,7.0,4.8,5.0,7.2,8.8,7.8,7.5,7,9,10.0,7.4,2.4,5.4,2.5,7.9,5.9,3.8,5.0,3.5,1.11,14.2
12.3,12.8,11.9,13.1,-0.4,8.0,7.5,6.0,7.4,8.2,5.4,3.8,5.4,5,4,5.7,6.8,6.6,7.7,7.2,5.8,6.8,2.3,4.8,6.8,0.55,15.8
10.9,8.4,11.6,11.5,0.7,3.4,2.8,5.4,2.4,4.6,5.4,4.2,2.4,2,13,5.6,6.4,8.3,2.0,9.0,4.7,4.1,2.8,4.2,5.3,1.33,8.7
13.1,15.2,13.8,14.8,0.7,8.2,7.0,5.0,7.1,7.0,10.0,7.3,3.8,3,7,2.8,8.4,7.7,5.3,10.0,8.1,6.0,2.2,6.0,7.2,1.33,14.1
9.8,9.0,11.1,10.2,1.3,6.9,3.9,2.5,2.7,5.4,4.9,4.8,3.3,1,3,2.0,4.1,7.2,2.0,3.4,5.0,3.2,0.8,5.0,2.5,3.09,8.0
11.5,11.3,12.9,11.8,1.4,6.8,3.5,2.2,5.2,4.8,5.3,4.6,6.1,4,9,7.7,6.0,3.2,5.8,4.9,4.9,2.8,2.8,5.0,4.9,3.01,10.1
19.4,18.5,19.0,19.4,-0.4,6.8,7.7,6.8,9.1,9.4,8.0,6.5,6.9,7,20,3.3,6.1,2.3,4.4,9.4,8.0,7.2,5.7,6.8,6.5,0.88,19.7
10.6,11.1,12.0,11.4,1.4,4.1,6.0,9.0,5.6,6.0,7.0,6.8,6.4,4,11,10.0,2.8,2.0,2.0,6.9,6.6,7.5,3.2,3.6,4.3,3.16,14.2
10.3,11.5,12.1,11.1,1.8,7.4,7.8,6.4,4.1,5.7,7.2,4.9,5.3,4,12,6.7,6.5,3.8,6.5,6.3,5.9,7.1,3.3,5.3,5.9,2.06,13.8
10.6,10.4,11.4,10.4,0.8,3.2,2.9,5.4,4.7,2.4,2.7,4.5,3.4,4,0,6.4,7.6,5.6,3.3,4.3,3.2,4.2,1.3,5.2,3.5,1.07,6.7
15.2,16.1,16.0,15.5,0.8,6.5,5.2,4.4,4.2,5.6,6.0,6.1,4.2,9,8,5.9,8.4,3.1,5.5,8.1,5.9,4.8,4.3,6.5,6.3,0.82,12.8
12.2,13.1,12.9,12.0,0.7,8.1,6.4,3.4,4.9,5.2,3.2,6.1,5.6,6,5,5.9,9.2,5.9,7.6,3.7,4.8,4.9,2.8,5.8,5.0,3.04,12.7
15.8,15.3,15.4,15.6,-0.4,5.6,4.7,4.1,6.1,5.9,6.0,5.3,5.7,6,11,3.7,2.8,6.3,5.7,6.9,5.7,4.4,3.8,4.3,5.8,0.6,13.5
15.0,13.4,14.2,13.8,-0.8,6.4,6.1,6.2,8.3,7.6,5.6,9.3,7.0,4,13,2.0,9.0,4.0,5.5,6.9,7.5,6.2,3.5,7.7,5.7,0.81,15.1
11.9,13.1,12.1,12.2,0.2,7.1,4.6,3.2,6.0,4.7,6.9,6.9,6.6,6,16,3.8,6.4,2.3,5.0,6.2,6.2,3.9,4.7,6.8,5.2,2.15,14.4
13.6,13.3,12.1,12.4,-1.5,5.4,8.3,5.0,6.3,4.8,4.9,6.4,6.2,10,0,4.8,9.0,7.6,3.1,7.8,5.4,6.6,3.3,5.5,5.2,1.62,15.6
14.5,15.2,14.8,14.5,0.3,5.8,6.4,5.4,7.2,5.9,6.0,6.8,3.9,9,6,3.6,5.4,5.0,4.7,6.2,6.2,5.9,4.0,5.6,5.1,0.46,14.7
10.8,9.8,11.3,10.7,0.5,6.0,5.9,3.6,5.4,6.5,6.9,4.7,7.2,8,13,2.6,4.9,9.0,8.5,4.7,6.0,4.8,4.8,4.4,5.9,0.93,12.1
11.6,13.6,14.4,13.2,2.8,6.2,7.7,2.9,6.9,6.9,5.6,5.7,5.9,9,2,3.5,3.9,5.2,4.3,6.2,6.1,5.3,3.3,5.1,4.9,3.33,14.0
18.1,17.7,18.1,17.6,0.0,8.6,6.9,7.6,8.7,7.0,5.3,10.0,7.2,9,14,6.6,7.8,5.0,5.4,3.6,7.4,7.2,5.3,5.4,4.0,0.55,17.9
