grade_t1,grade_t2,grade_t3,avg_grade,comprehension_textuelle,inference,true_false_justification,communicative_intent,thesis_identification,argument_identification,concession_opposition,essay_structure,language_accuracy,historical_text,argumentative_text,reference_tracking,lexical_analysis,critical_reasoning,coherence_cohesion,bac_exams_practiced,confidence,essays_per_week,texts_analyzed_per_week,stress,filiere,comprehension_score,argumentation_score,writing_score,text_type_score,practice_intensity,bac_score
14.5,15.1,15.7,15.1,7.9,8.2,7.8,6.8,7.7,5.7,8.2,6.5,6.5,6.9,7.7,5.6,5.1,6.1,4.3,9,5,2,2,4,1,7.67,7.2,6.47,7.34,3.6,14.2
10.9,13.5,12.8,12.4,7.6,6.9,5.9,6.2,7.1,5.6,5.8,6.3,5.2,6.0,6.7,3.8,3.3,5.2,4.5,4,4,3,0,2,0,6.67,6.15,5.74,6.32,1.6,12.1
14.4,15.6,15.3,15.1,6.5,7.5,6.9,6.9,7.2,7.1,7.5,7.5,6.2,6.2,7.6,5.0,5.3,5.3,4.4,9,5,2,1,5,0,6.96,7.28,6.85,6.9,3.6,14.5
17.3,16.3,16.3,16.6,9.2,8.3,8.8,8.6,8.3,10.0,8.8,9.2,9.1,8.6,7.8,3.8,4.9,5.3,5.9,9,3,3,1,5,1,8.72,9.04,9.16,8.19,3.6,16.3
11.1,11.3,10.7,11.0,5.7,6.6,6.0,4.8,5.3,6.6,5.7,4.9,6.0,6.7,5.8,6.7,6.4,5.0,7.0,3,3,2,3,4,1,5.8,5.87,5.45,6.24,1.2,10.7
10.4,12.1,12.2,11.6,5.8,6.4,5.8,6.3,5.5,5.1,5.1,6.7,6.5,5.3,6.7,7.0,8.0,5.0,7.8,7,5,1,1,5,1,6.09,5.21,6.57,6.0,2.8,11.8
15.4,16.2,15.4,15.7,8.5,9.5,9.4,8.9,10.0,9.3,9.1,6.4,9.4,9.6,8.1,6.8,7.1,5.7,5.6,10,4,1,1,5,1,9.04,9.46,7.93,8.87,4.0,17.0
15.5,14.0,15.7,15.1,7.0,8.1,8.3,7.1,8.6,6.4,7.6,7.1,7.9,8.0,5.9,4.1,5.0,2.8,5.1,10,5,0,3,5,0,7.64,7.55,7.47,6.94,4.0,15.2
12.3,11.8,11.8,12.0,5.8,6.5,5.9,6.3,4.7,6.7,6.2,5.4,6.3,5.3,5.6,6.5,9.1,6.9,7.4,4,1,2,3,4,0,6.12,5.86,5.84,5.46,1.6,11.5
14.2,14.4,15.5,14.7,6.7,6.9,8.3,8.0,6.3,6.9,6.9,7.9,7.3,7.2,7.2,6.2,6.2,4.2,5.8,7,3,3,2,3,0,7.5,6.69,7.57,7.21,2.8,14.3
11.9,12.6,14.4,13.0,6.0,6.7,5.0,4.7,6.2,5.7,6.8,5.8,4.9,6.9,5.9,7.5,6.2,7.7,5.6,13,4,4,0,3,1,5.6,6.23,5.34,6.41,5.2,12.9
11.4,11.8,14.5,12.6,5.8,5.9,5.7,5.3,6.2,6.9,5.1,4.5,6.6,6.3,6.3,7.6,6.7,9.1,7.1,9,2,1,1,3,2,5.66,6.07,5.59,6.31,3.6,11.9
14.5,16.2,15.6,15.4,6.7,8.3,6.4,6.3,7.3,5.8,8.2,6.0,6.4,6.9,7.3,5.5,7.2,6.5,6.2,10,4,5,2,4,0,6.92,7.12,6.18,7.09,4.0,14.6
9.6,9.0,10.8,9.8,3.0,3.1,3.0,3.0,3.4,3.0,2.2,3.8,3.0,3.5,3.8,7.3,8.4,7.2,7.6,7,3,3,1,3,0,3.04,2.89,3.4,3.64,2.8,10.2
9.0,10.8,10.2,10.0,3.5,5.1,3.9,4.5,3.8,3.4,4.3,3.8,3.8,4.0,4.7,6.9,6.4,5.5,6.3,9,1,5,0,3,0,4.25,3.84,3.81,4.36,3.6,10.2
11.5,11.7,10.6,11.3,6.2,5.8,5.6,5.5,5.9,6.5,6.0,5.1,4.9,5.3,4.6,4.0,5.1,5.2,6.1,7,3,3,0,4,2,5.77,6.15,5.03,4.95,2.8,10.9
11.9,11.4,11.7,11.7,5.3,4.5,6.0,4.8,5.0,3.8,4.3,4.5,4.6,3.5,5.3,10.0,9.0,10.0,8.3,9,3,3,0,3,1,5.17,4.39,4.6,4.42,3.6,10.5
14.7,12.6,14.3,13.9,6.3,6.6,7.4,5.6,5.2,4.7,7.3,7.6,7.2,8.4,7.4,6.4,5.4,6.0,5.6,10,2,0,2,4,0,6.48,5.74,7.42,7.91,4.0,13.8
9.0,10.7,11.8,10.5,5.2,4.9,4.4,5.6,5.0,4.8,6.2,4.7,5.4,5.2,4.3,3.1,7.1,3.4,7.9,6,4,1,0,5,2,5.03,5.3,5.04,4.76,2.4,11.0
9.7,9.0,9.5,9.4,4.9,4.7,5.7,3.5,3.7,4.8,2.6,4.3,3.7,4.7,3.3,7.8,7.5,8.1,8.4,6,3,0,0,4,2,4.69,3.71,3.98,3.99,2.4,9.0
16.3,16.5,16.7,16.5,7.5,9.1,9.6,8.7,8.8,9.7,9.1,10.0,8.3,8.7,8.2,6.0,8.4,7.4,4.0,1,3,3,5,4,0,8.72,9.2,9.15,8.42,0.4,16.2
11.2,11.4,13.1,11.9,6.5,5.8,6.6,6.4,8.5,5.8,4.2,4.9,7.0,5.6,5.7,6.5,5.0,5.0,6.0,10,5,2,3,4,2,6.31,6.17,5.95,5.67,4.0,12.4
10.7,13.5,14.0,12.7,6.1,6.6,6.4,7.6,6.9,6.3,5.8,4.9,7.0,6.5,7.1,8.6,8.4,9.2,7.2,5,4,4,1,4,0,6.68,6.33,5.97,6.8,2.0,13.2
10.3,10.1,12.2,10.9,4.8,5.9,3.7,3.4,4.1,5.3,5.7,5.1,6.0,3.2,3.9,6.4,5.6,6.0,4.6,13,3,2,0,3,0,4.44,5.02,5.55,3.59,5.2,10.9
12.4,12.2,12.0,12.2,5.1,6.9,5.4,3.6,6.4,4.2,5.2,5.1,6.6,7.3,5.1,6.6,6.7,5.5,2.4,13,4,4,2,5,0,5.26,5.28,5.85,6.18,5.2,12.5
11.7,14.5,14.3,13.5,5.4,7.0,7.4,6.8,7.1,6.4,5.7,6.4,7.6,5.8,6.2,6.5,6.6,5.4,6.0,11,5,1,0,3,2,6.65,6.38,6.98,6.02,4.4,13.3
10.9,11.0,9.7,10.5,3.6,4.8,6.1,6.0,5.1,4.9,4.6,4.1,3.7,4.1,5.6,7.3,7.9,8.6,6.5,9,1,1,1,2,1,5.14,4.88,3.87,4.8,3.6,10.2
15.0,14.4,15.4,14.9,7.1,7.1,8.1,7.9,7.5,7.4,8.7,6.8,7.7,6.8,7.1,3.7,2.6,3.3,3.8,7,3,2,1,5,0,7.58,7.9,7.25,6.91,2.8,14.3
10.6,9.3,11.4,10.4,5.8,6.0,5.3,5.7,7.2,5.2,4.1,7.0,5.6,6.5,5.5,3.1,2.0,2.0,2.0,6,4,2,2,3,2,5.7,5.52,6.3,5.99,2.4,10.6
10.0,12.2,12.3,11.5,5.4,5.3,5.3,5.7,5.2,6.1,5.2,6.8,5.6,6.1,6.0,4.3,5.4,3.1,5.2,9,3,2,2,3,0,5.44,5.49,6.2,6.03,3.6,11.9
10.2,11.4,11.5,11.0,6.0,5.4,5.7,6.2,6.0,3.6,6.8,6.4,5.7,4.7,6.5,4.1,2.2,4.8,3.1,8,4,4,3,1,1,5.83,5.46,6.05,5.62,3.2,11.0
16.3,14.2,16.7,15.7,8.1,8.1,8.0,8.6,8.5,8.8,10.0,8.0,10.0,10.0,8.8,5.8,4.8,6.0,6.9,6,5,0,2,2,1,8.22,9.1,9.0,9.38,2.4,16.1
14.7,14.8,15.9,15.1,6.4,6.8,6.7,6.8,6.9,6.8,6.4,5.4,6.9,7.0,7.4,8.3,7.3,6.8,8.2,10,5,2,2,3,0,6.68,6.72,6.16,7.2,4.0,14.5
9.0,9.0,11.3,9.8,4.1,5.4,4.8,5.3,4.2,4.1,3.9,2.4,4.2,5.3,5.1,5.9,3.7,4.2,5.4,9,3,4,2,2,0,4.88,4.08,3.28,5.18,3.6,10.0
13.1,12.9,15.4,13.8,7.3,7.4,7.4,8.5,7.4,7.8,9.4,7.0,8.3,8.2,7.6,3.2,5.5,3.3,3.5,7,3,0,0,4,2,7.64,8.2,7.67,7.93,2.8,14.2
11.0,11.2,11.6,11.3,4.7,5.8,3.6,6.6,4.4,5.0,5.9,5.5,4.2,6.3,6.4,6.9,7.3,5.0,8.1,10,5,5,2,5,0,5.16,5.13,4.84,6.38,4.0,12.2
12.7,11.6,14.5,12.9,6.2,6.0,7.2,7.1,7.6,6.5,7.4,7.3,7.0,8.3,6.1,6.3,5.7,6.9,5.7,8,4,5,0,3,1,6.61,7.16,7.13,7.21,3.2,13.5
9.6,10.2,9.2,9.7,3.3,3.0,3.2,3.2,4.3,3.7,2.9,3.4,3.3,3.1,3.3,4.2,2.5,2.0,2.1,6,3,0,0,5,1,3.17,3.63,3.34,3.2,2.4,10.6
9.2,9.5,9.2,9.3,5.2,4.7,3.7,4.5,3.5,3.7,4.5,4.5,4.3,5.6,3.6,6.7,4.9,6.5,7.1,7,4,2,4,3,1,4.51,3.91,4.41,4.64,2.8,10.4
13.4,15.0,15.4,14.6,6.4,7.5,4.8,5.6,6.8,6.6,6.7,6.2,7.4,7.1,7.5,6.2,6.4,6.9,9.5,10,3,2,2,3,0,6.07,6.71,6.79,7.26,4.0,14.0
15.0,15.2,14.8,15.0,8.2,8.8,7.6,7.1,7.0,8.1,7.9,7.8,6.8,8.0,8.8,7.7,8.2,8.0,7.2,5,3,4,3,3,0,7.92,7.67,7.28,8.37,2.0,15.5
15.2,14.0,15.0,14.7,6.0,6.4,8.0,6.5,5.8,6.9,7.9,7.4,8.3,5.6,7.9,5.2,7.4,7.8,7.6,9,5,3,4,4,0,6.72,6.85,7.88,6.75,3.6,14.6
10.1,11.0,14.0,11.7,6.7,7.1,7.5,6.0,6.2,5.9,7.0,4.9,4.9,6.2,7.2,7.2,9.5,9.8,7.6,5,3,3,4,4,2,6.81,6.35,4.87,6.7,2.0,12.4
12.9,11.8,13.2,12.6,7.1,6.0,5.7,6.2,5.8,6.2,5.2,6.3,5.6,5.5,5.9,5.3,3.9,6.8,6.4,8,2,4,1,4,0,6.24,5.74,5.94,5.69,3.2,12.2
9.0,10.5,10.1,9.9,3.0,4.2,3.9,3.7,6.2,4.9,5.4,5.1,4.6,4.9,4.0,6.2,7.0,7.2,7.1,4,3,1,3,5,0,3.68,5.49,4.85,4.44,1.6,9.3
12.0,12.0,11.1,11.7,4.9,6.0,5.7,6.2,5.8,3.8,5.7,5.0,5.9,6.2,4.3,5.0,4.8,5.8,6.2,7,4,4,1,4,2,5.71,5.07,5.47,5.21,2.8,10.6
11.1,10.6,11.5,11.1,6.2,6.3,5.1,5.8,4.7,6.7,6.4,6.4,5.7,4.4,7.2,4.4,6.0,6.0,5.4,5,2,3,3,4,1,5.85,5.93,6.08,5.8,2.0,10.9
18.2,18.1,18.2,18.2,7.9,7.0,8.3,8.1,7.6,7.8,9.3,10.0,8.0,8.1,8.4,7.5,8.2,7.3,7.6,16,4,3,1,5,0,7.83,8.24,9.02,8.24,6.4,18.2
11.8,13.0,12.5,12.4,7.3,8.0,7.6,6.8,7.8,7.4,6.1,6.9,7.3,7.8,6.7,4.4,2.7,4.7,2.7,2,4,4,2,3,2,7.42,7.1,7.13,7.24,0.8,12.4
12.1,9.6,11.1,10.9,3.4,4.8,4.7,4.0,5.5,4.8,3.8,4.2,3.7,3.7,4.8,5.3,3.6,6.4,4.8,8,5,3,3,3,1,4.23,4.72,3.94,4.25,3.2,10.5
13.7,14.5,14.9,14.4,7.0,6.5,6.9,7.6,5.7,5.9,6.6,6.3,8.1,7.5,6.3,8.0,9.0,8.4,7.0,9,3,1,1,4,0,7.02,6.06,7.21,6.9,3.6,14.2
14.0,15.1,13.4,14.2,5.8,6.2,5.8,5.3,4.4,5.4,4.7,6.1,6.6,6.2,6.2,8.7,7.9,9.4,6.4,11,5,2,4,4,0,5.78,4.81,6.34,6.19,4.4,13.0
10.1,11.9,9.9,10.6,6.3,5.8,4.9,5.0,7.0,5.3,5.8,5.9,6.2,5.7,5.4,5.9,6.5,3.9,5.0,8,3,2,2,3,1,5.51,6.0,6.04,5.54,3.2,11.2
14.4,14.9,16.0,15.1,7.6,7.6,6.8,7.2,7.7,6.8,9.4,7.6,6.6,7.2,7.9,6.5,7.6,6.1,6.8,6,4,0,0,3,1,7.31,7.98,7.12,7.55,2.4,14.2
17.4,17.2,17.2,17.3,8.3,7.7,7.9,7.1,7.4,9.4,6.6,7.1,8.0,7.2,8.0,6.2,6.7,7.4,6.0,11,3,5,1,4,0,7.73,7.79,7.56,7.6,4.4,16.0
13.9,16.0,15.5,15.1,7.6,7.4,8.2,7.3,8.3,7.2,7.9,8.1,7.7,7.1,6.9,6.8,6.5,8.5,8.7,7,2,1,0,4,0,7.63,7.8,7.87,7.0,2.8,15.2
11.6,11.4,12.9,12.0,4.9,5.2,5.9,4.9,3.1,4.8,5.8,6.6,4.4,5.7,5.3,6.0,5.8,7.4,6.2,10,4,3,1,3,0,5.23,4.56,5.5,5.52,4.0,11.6
11.7,11.8,13.1,12.2,5.7,6.9,5.5,6.6,6.0,6.2,6.1,6.4,6.3,6.0,6.8,8.7,7.5,7.5,7.3,10,3,3,4,5,1,6.18,6.12,6.38,6.41,4.0,12.9
15.0,15.0,15.9,15.3,7.3,7.4,8.0,7.2,7.3,6.0,6.9,7.9,6.6,6.9,7.0,9.7,10.0,8.1,9.2,8,3,0,2,5,0,7.47,6.73,7.21,6.94,3.2,15.1
17.1,14.8,14.7,15.5,7.7,7.7,7.8,8.1,8.7,7.6,6.9,7.8,8.5,7.7,8.5,8.3,7.6,6.7,5.9,7,3,5,2,4,0,7.81,7.76,8.12,8.09,2.8,15.7
9.3,10.4,11.4,10.4,6.0,6.3,5.8,6.4,5.0,6.0,6.0,6.5,4.9,5.6,5.0,5.8,7.6,4.5,6.2,3,4,4,1,4,1,6.11,5.66,5.69,5.31,1.2,10.7
12.9,12.4,13.5,12.9,7.7,4.2,5.7,6.1,6.3,6.0,5.6,6.5,7.6,7.0,6.2,8.4,7.7,6.0,7.2,13,3,3,1,5,1,5.93,5.95,7.03,6.58,5.2,13.2
9.4,10.3,11.4,10.4,5.5,5.6,3.1,5.1,4.1,4.8,3.1,4.0,4.1,4.6,4.4,5.3,4.7,6.4,3.9,7,3,1,4,2,1,4.84,3.98,4.05,4.5,2.8,10.7
9.9,9.2,12.4,10.5,4.5,3.5,5.3,4.6,4.9,4.3,5.7,5.0,4.9,3.8,5.2,10.0,9.1,9.9,10.0,7,1,1,4,3,0,4.48,4.95,4.94,4.5,2.8,10.5
16.4,15.7,16.8,16.3,8.6,7.5,8.2,7.9,7.0,6.5,8.5,6.8,8.4,8.2,7.7,6.2,6.5,6.6,5.4,12,4,2,1,4,0,8.04,7.33,7.59,7.99,4.8,16.3
14.9,16.1,15.8,15.6,8.2,7.8,8.3,8.1,8.2,8.8,8.6,8.0,8.1,8.4,9.0,6.3,4.7,3.9,5.7,5,3,2,4,5,0,8.12,8.53,8.02,8.7,2.0,15.7
12.9,12.4,11.9,12.4,5.0,5.5,6.4,4.7,5.6,7.8,6.6,6.6,7.1,6.4,7.2,6.2,4.4,4.4,5.9,7,3,3,0,1,2,5.39,6.66,6.82,6.78,2.8,11.8
15.6,16.0,15.0,15.5,7.3,8.8,8.4,7.9,8.5,8.0,8.9,8.3,7.0,9.1,8.5,7.5,7.4,6.4,8.6,7,2,5,2,5,1,8.1,8.47,7.65,8.81,2.8,15.6
12.2,13.7,14.8,13.6,5.7,6.7,5.9,8.0,7.7,7.2,7.2,6.0,8.2,7.0,7.2,7.5,8.9,8.5,7.3,6,3,3,0,4,0,6.61,7.39,7.09,7.13,2.4,14.0
11.8,12.1,12.9,12.3,5.3,5.8,5.2,6.2,5.3,6.1,6.3,6.5,5.5,5.7,4.8,6.5,3.2,4.7,4.9,9,4,4,2,3,0,5.6,5.9,6.01,5.28,3.6,12.0
14.4,15.1,14.0,14.5,7.1,7.0,7.6,7.7,7.1,6.0,6.8,7.6,6.6,6.2,7.0,6.7,8.1,5.8,7.8,6,4,3,1,3,1,7.35,6.63,7.06,6.63,2.4,13.4
16.2,15.6,17.4,16.4,10.0,9.1,7.9,9.7,7.6,10.0,9.9,8.2,8.6,8.7,8.4,2.4,2.8,3.8,4.4,7,5,2,3,3,1,9.18,9.17,8.37,8.54,2.8,16.2
13.3,14.9,14.7,14.3,6.7,6.5,6.7,6.5,6.2,6.6,6.7,5.1,7.1,6.9,6.2,8.4,4.9,5.6,5.7,11,1,4,3,5,0,6.58,6.51,6.08,6.54,4.4,13.5
16.1,15.6,17.5,16.4,8.7,7.9,7.9,9.0,8.8,10.0,9.0,8.7,8.4,7.8,8.6,6.2,7.9,8.2,5.9,10,5,2,0,5,2,8.38,9.27,8.55,8.17,4.0,16.9
9.0,9.0,10.0,9.3,3.6,3.7,3.3,3.0,5.1,3.0,2.0,2.6,3.0,3.1,3.0,8.7,9.3,7.8,6.5,4,3,4,2,4,1,3.4,3.37,2.8,3.07,1.6,9.0
14.3,14.7,17.0,15.3,6.2,7.4,7.7,7.5,6.8,9.2,8.0,7.8,7.6,7.8,6.4,6.0,6.1,3.4,5.0,11,5,2,0,5,1,7.2,8.0,7.7,7.08,4.4,14.8
9.4,12.3,12.1,11.3,6.8,5.5,5.5,7.1,7.8,7.3,6.0,6.3,5.7,6.7,6.2,3.5,4.9,2.0,4.0,9,3,1,2,5,2,6.22,7.01,6.0,6.41,3.6,12.3
12.7,11.7,13.8,12.7,6.6,5.8,6.9,6.9,6.8,6.5,5.5,4.2,7.5,6.8,6.2,3.6,6.7,4.6,5.8,11,4,4,1,4,1,6.53,6.29,5.88,6.48,4.4,12.7
12.0,11.2,12.1,11.8,5.6,7.7,6.1,6.5,6.9,6.8,6.0,6.3,6.2,6.9,5.7,4.2,4.6,3.4,4.4,4,3,3,3,4,1,6.49,6.56,6.24,6.28,1.6,11.5
9.0,9.4,10.3,9.6,4.3,4.1,3.0,3.2,4.9,3.3,2.7,3.2,4.2,4.6,3.5,6.2,7.8,6.6,9.3,7,3,4,2,4,2,3.66,3.64,3.71,4.04,2.8,9.0
13.7,13.1,13.9,13.6,6.4,5.9,6.3,6.2,6.5,7.1,7.9,6.7,6.3,5.5,7.5,8.0,8.7,9.5,7.6,7,5,5,1,4,0,6.2,7.16,6.54,6.49,2.8,14.0
15.6,16.6,16.4,16.2,6.7,6.8,7.8,7.5,7.3,7.1,8.1,6.4,6.2,7.1,7.8,6.7,7.7,7.1,7.6,12,4,0,2,2,0,7.21,7.53,6.33,7.44,4.8,15.7
16.9,17.6,16.6,17.0,9.2,8.5,8.0,7.7,8.7,7.1,10.0,10.0,8.7,8.8,9.9,7.6,7.1,7.8,7.3,7,5,3,3,4,2,8.34,8.61,9.36,9.32,2.8,16.6
11.9,13.5,11.5,12.3,7.3,7.2,5.8,4.1,6.7,4.8,4.7,4.0,6.3,5.0,6.0,4.7,5.5,7.6,7.0,14,4,2,3,2,1,6.09,5.42,5.18,5.49,5.6,12.4
11.2,10.4,12.8,11.5,5.4,5.6,5.6,4.9,6.2,5.1,5.3,6.5,5.1,6.0,6.1,7.5,5.5,6.5,4.4,7,4,3,0,5,2,5.36,5.55,5.8,6.03,2.8,11.2
9.0,10.0,10.9,10.0,5.9,6.0,6.2,4.9,5.2,6.0,4.7,5.5,6.7,7.4,5.2,5.6,3.4,4.7,5.7,3,2,4,1,5,0,5.77,5.32,6.12,6.31,1.2,10.7
13.5,14.8,14.8,14.4,7.6,8.6,8.0,7.5,6.8,7.8,7.3,8.6,8.7,7.9,7.4,7.0,5.7,4.5,3.5,9,5,2,4,3,1,7.91,7.32,8.67,7.64,3.6,15.0
14.3,14.2,14.4,14.3,6.4,7.2,6.7,6.9,6.8,8.0,6.3,7.1,7.7,7.3,5.1,3.4,2.0,4.5,3.4,13,4,3,3,3,0,6.8,7.02,7.4,6.21,5.2,14.4
10.5,10.9,13.2,11.5,6.3,5.5,5.1,5.4,5.1,4.1,6.7,6.7,5.3,5.8,6.5,5.5,6.4,6.8,6.8,6,4,3,1,4,1,5.58,5.3,6.03,6.15,2.4,11.2
12.0,14.8,15.6,14.1,6.7,7.1,7.3,8.3,7.2,7.4,7.0,6.9,6.4,6.8,8.3,6.2,6.8,6.1,5.4,5,3,1,0,4,0,7.35,7.19,6.66,7.56,2.0,14.1
12.7,13.5,13.2,13.1,6.7,6.6,5.9,6.9,7.6,5.2,7.5,5.7,6.2,5.4,6.3,6.9,6.6,6.3,6.1,6,4,4,4,3,0,6.52,6.78,5.91,5.81,2.4,12.9
13.6,14.6,16.6,14.9,7.6,7.9,5.9,8.2,7.6,8.6,8.4,9.2,8.1,7.5,7.8,5.0,7.8,6.7,7.0,5,5,3,1,4,0,7.4,8.19,8.67,7.62,2.0,15.4
12.8,9.6,10.2,10.9,5.8,6.0,5.8,5.9,5.4,5.4,7.3,5.3,5.9,4.5,4.9,7.2,4.3,5.0,5.7,5,3,5,3,3,1,5.84,6.02,5.61,4.7,2.0,10.6
9.2,10.8,12.8,10.9,6.2,6.0,6.6,5.2,6.1,6.3,4.8,6.2,4.3,7.2,6.3,4.1,5.9,4.6,4.2,6,3,2,1,2,0,6.03,5.74,5.24,6.74,2.4,11.9
13.8,13.4,14.4,13.9,6.6,6.4,4.3,6.6,6.6,5.2,6.9,7.0,5.9,5.8,6.7,4.3,6.8,7.6,6.2,15,3,1,2,1,0,5.99,6.24,6.46,6.27,6.0,14.2
9.0,10.1,10.1,9.7,3.9,4.2,3.6,4.3,3.0,5.3,5.2,3.4,4.4,4.1,3.1,8.4,5.4,6.4,9.7,7,4,3,4,2,0,4.01,4.52,3.9,3.57,2.8,9.3
14.6,14.3,13.6,14.2,6.8,7.0,7.4,7.4,6.5,7.8,6.2,7.5,6.7,7.6,7.2,3.8,7.0,2.7,5.4,9,2,0,1,5,0,7.14,6.8,7.1,7.4,3.6,14.2
12.4,14.1,13.3,13.3,6.2,5.5,8.3,6.1,7.1,7.4,7.7,6.4,7.9,6.1,6.7,5.5,6.1,5.1,7.3,10,2,5,4,5,2,6.54,7.37,7.14,6.4,4.0,13.3
14.2,12.2,14.3,13.6,6.2,7.1,6.5,5.4,7.5,6.4,6.8,6.4,6.8,6.0,6.6,4.6,5.5,7.3,6.8,10,3,0,2,4,0,6.32,6.88,6.62,6.28,4.0,13.7
13.0,12.9,13.3,13.1,6.4,6.4,5.6,6.7,5.8,6.6,6.0,6.2,7.2,6.2,6.5,6.7,3.5,5.2,5.1,7,4,4,3,4,0,6.29,6.11,6.7,6.33,2.8,12.7
9.0,9.2,9.0,9.1,4.9,5.1,4.2,4.6,3.0,3.8,3.7,3.0,4.2,5.1,4.2,3.8,4.9,5.0,2.7,9,3,3,4,2,2,4.72,3.51,3.62,4.67,3.6,9.0
9.5,11.8,10.4,10.6,5.2,3.8,6.8,5.2,6.4,6.6,5.3,5.2,6.6,6.2,5.8,6.4,6.2,5.8,5.7,6,1,2,5,4,1,5.28,6.07,5.89,6.01,2.4,10.7
11.6,12.0,13.2,12.3,6.6,7.4,5.5,5.4,5.5,7.3,7.6,7.2,7.3,6.2,5.8,5.2,4.4,4.8,3.8,7,5,0,1,2,1,6.24,6.8,7.25,6.0,2.8,12.4
10.9,11.1,12.2,11.4,6.2,5.2,4.7,6.1,4.3,6.2,5.3,6.1,6.3,5.4,6.0,6.9,6.2,5.7,4.6,9,5,3,2,4,1,5.57,5.27,6.22,5.66,3.6,11.5
11.0,13.1,12.7,12.3,6.5,7.0,5.9,5.4,5.8,5.7,6.9,6.2,5.4,6.5,6.6,4.6,5.3,5.0,3.5,7,3,3,3,5,2,6.23,6.11,5.79,6.54,2.8,11.7
14.3,13.9,14.8,14.3,8.4,6.4,6.4,8.3,7.0,7.4,6.5,7.3,6.9,7.2,7.3,5.9,7.2,6.9,5.6,5,4,2,0,3,0,7.37,6.94,7.11,7.25,2.0,14.1
16.8,17.3,16.8,17.0,8.8,9.8,9.4,8.7,8.8,8.3,8.7,9.1,9.1,8.6,8.4,8.2,7.1,8.1,9.0,9,4,5,1,5,2,9.16,8.62,9.06,8.52,3.6,17.1
11.3,12.8,12.6,12.2,5.9,6.0,7.9,7.2,5.0,7.2,7.6,8.0,7.2,6.8,6.5,4.9,4.6,4.1,5.5,5,3,2,2,1,2,6.76,6.61,7.57,6.65,2.0,12.4
11.6,11.5,13.9,12.3,5.6,6.4,7.1,6.7,7.6,7.2,5.8,6.7,7.4,6.1,7.5,6.0,4.4,6.4,7.9,8,3,2,0,3,1,6.46,6.89,7.07,6.83,3.2,13.0
10.9,12.2,11.9,11.7,7.4,7.7,6.2,6.8,7.4,4.9,6.1,6.6,5.7,6.4,6.4,5.1,5.3,4.9,5.3,5,4,3,2,2,1,7.05,6.12,6.16,6.43,2.0,12.2
9.9,9.0,9.7,9.5,4.1,3.5,3.4,3.2,4.1,3.0,3.6,4.7,3.7,3.3,4.1,8.2,6.6,7.8,6.6,12,3,1,4,3,1,3.56,3.6,4.16,3.68,4.8,10.1
11.6,12.2,12.6,12.1,6.4,6.6,5.4,6.3,5.6,6.2,6.5,5.8,4.8,8.2,7.7,5.1,4.3,2.0,2.2,6,3,5,3,3,0,6.19,6.11,5.3,7.97,2.4,12.3
16.1,14.2,15.2,15.2,6.8,7.2,7.2,6.6,6.4,6.3,6.4,8.0,7.7,6.6,7.3,5.5,8.0,5.9,5.0,9,5,2,2,3,0,6.95,6.41,7.87,6.94,3.6,14.5
14.9,14.9,14.4,14.7,8.7,9.8,9.4,8.8,9.5,8.5,9.8,8.1,9.1,8.5,9.6,6.9,3.7,4.3,3.4,1,4,0,4,4,2,9.2,9.28,8.61,9.04,0.4,15.4
12.9,13.8,13.5,13.4,7.9,6.3,6.1,6.7,6.7,6.5,6.8,7.7,6.3,6.1,5.9,6.5,6.8,7.2,4.8,9,4,2,3,3,1,6.76,6.66,6.97,5.99,3.6,13.2
11.7,14.1,14.9,13.6,7.0,7.2,9.2,6.6,7.5,7.2,7.5,6.6,6.7,7.3,5.2,4.5,4.0,3.4,4.3,8,3,3,0,4,0,7.51,7.39,6.66,6.24,3.2,14.0
11.7,12.5,14.6,12.9,6.5,8.1,6.7,6.3,5.9,6.3,5.7,6.2,7.4,7.6,6.3,8.3,9.0,7.4,6.2,10,4,3,2,5,1,6.9,5.94,6.8,6.97,4.0,13.5
9.0,9.0,9.1,9.0,5.3,4.7,4.2,4.1,4.8,4.1,4.5,3.0,3.0,4.3,4.5,7.1,4.4,6.2,5.1,10,3,3,5,4,1,4.56,4.49,3.02,4.43,4.0,9.4
14.6,16.4,16.4,15.8,8.6,8.4,7.9,6.4,8.6,9.1,9.2,7.8,8.2,7.1,8.5,5.4,6.0,5.5,6.6,5,4,0,1,3,0,7.81,8.93,8.0,7.8,2.0,15.6
13.9,15.9,17.2,15.7,7.8,8.4,8.4,7.5,8.8,9.0,8.3,6.7,7.5,8.2,7.5,5.3,6.2,5.9,5.5,12,4,2,2,3,1,8.02,8.7,7.12,7.86,4.8,15.9
11.8,12.2,14.5,12.8,7.1,8.5,7.8,9.4,8.3,7.3,6.6,7.1,7.3,6.7,7.5,3.4,5.4,5.0,7.0,3,4,4,2,5,1,8.18,7.38,7.23,7.09,1.2,13.5
10.7,10.1,10.7,10.5,5.5,6.0,4.1,5.7,5.8,4.6,5.4,5.0,6.5,4.8,3.9,6.4,5.4,5.7,5.0,6,3,0,2,4,0,5.31,5.28,5.76,4.36,2.4,10.5
14.3,15.6,14.3,14.7,9.9,9.1,9.2,8.6,8.7,9.0,7.0,9.5,7.9,8.4,7.9,5.2,4.4,4.1,5.3,6,4,4,1,4,2,9.2,8.23,8.68,8.19,2.4,15.7
9.6,9.0,10.8,9.8,5.3,3.6,3.9,4.2,5.5,4.1,4.4,4.6,5.0,4.3,4.7,6.3,6.3,5.6,6.3,8,5,0,2,2,0,4.27,4.69,4.8,4.54,3.2,10.1
16.0,15.3,17.7,16.3,8.5,8.5,8.7,7.4,7.7,7.3,8.9,7.7,7.7,7.9,8.6,7.6,9.6,10.0,8.0,4,4,4,0,4,0,8.28,7.96,7.66,8.22,1.6,15.9
18.0,18.4,18.8,18.4,9.1,8.7,10.0,9.9,8.8,10.0,8.7,8.5,10.0,9.0,9.4,2.8,2.9,5.7,5.7,8,2,2,0,3,0,9.43,9.18,9.26,9.23,3.2,17.6
9.8,12.2,11.1,11.0,4.3,5.2,4.7,4.2,6.1,3.5,4.3,4.2,4.5,4.8,5.2,8.1,7.8,8.9,8.6,7,4,3,0,5,1,4.61,4.66,4.35,5.03,2.8,10.0
12.7,13.1,13.4,13.1,5.6,5.1,6.5,6.4,6.2,6.7,6.3,7.3,5.1,5.6,6.3,9.7,8.9,8.7,7.3,6,2,1,2,5,0,5.92,6.39,6.17,5.98,2.4,12.8
13.1,11.4,13.8,12.8,6.7,6.6,6.7,7.2,6.3,6.7,5.4,6.0,7.5,6.8,6.1,4.2,5.0,3.2,4.6,5,5,0,5,2,0,6.79,6.14,6.76,6.42,2.0,12.6
12.3,12.2,13.1,12.5,6.5,6.0,6.3,6.2,5.4,5.4,5.2,7.2,6.1,5.8,6.0,4.3,5.1,4.2,4.1,12,4,1,3,4,2,6.27,5.34,6.66,5.91,4.8,12.4
10.9,10.5,9.5,10.3,3.0,4.4,4.5,4.5,4.4,4.1,4.7,4.0,3.0,4.5,3.7,4.9,6.4,7.5,6.2,14,3,1,4,3,0,4.1,4.39,3.48,4.07,5.6,10.4
10.5,13.8,14.3,12.9,7.7,6.9,6.0,6.6,7.0,6.6,6.1,6.6,6.2,7.2,7.2,5.6,5.0,4.3,5.8,10,2,2,1,4,1,6.8,6.55,6.39,7.2,4.0,13.1
10.0,11.3,10.4,10.6,4.8,6.0,4.5,5.4,5.1,3.5,4.7,5.9,5.2,5.2,5.0,8.4,9.4,9.8,9.1,7,3,3,2,5,1,5.17,4.43,5.54,5.1,2.8,10.6
13.6,15.2,14.6,14.5,6.9,7.5,7.9,7.6,7.5,8.4,7.8,8.4,7.9,7.5,7.4,5.3,6.2,6.8,7.9,3,5,3,3,4,2,7.5,7.89,8.12,7.47,1.2,14.0
10.1,10.7,11.8,10.9,4.4,4.9,4.9,4.9,6.5,5.2,5.5,5.0,4.6,4.0,4.6,4.0,4.4,6.6,3.3,4,1,4,2,3,1,4.78,5.7,4.8,4.29,1.6,10.7
17.8,18.2,18.1,18.0,7.7,9.5,8.5,8.4,9.7,9.2,9.0,8.5,6.5,8.9,9.3,3.9,4.8,3.9,4.2,14,4,3,3,3,0,8.53,9.3,7.48,9.09,5.6,18.2
11.0,10.2,11.6,10.9,5.9,6.2,4.7,5.4,5.5,6.1,5.1,5.3,5.7,5.7,6.8,8.0,7.0,6.5,6.7,6,5,3,5,5,0,5.53,5.54,5.51,6.22,2.4,11.9
12.4,11.2,13.0,12.2,6.1,5.2,6.3,7.1,6.8,5.2,6.3,6.3,5.0,6.5,5.3,3.8,4.5,4.8,5.7,10,3,2,3,4,2,6.16,6.09,5.68,5.92,4.0,12.1
13.8,13.6,14.4,13.9,6.8,8.1,9.2,6.9,6.9,8.1,7.6,8.5,6.1,7.2,7.5,5.7,5.5,7.5,4.4,10,3,2,1,4,2,7.74,7.54,7.31,7.36,4.0,14.8
9.8,9.7,10.8,10.1,3.7,5.1,3.9,3.6,5.0,4.4,5.0,4.7,3.0,4.2,4.8,7.4,8.8,5.6,7.8,10,4,2,2,3,0,4.11,4.81,3.83,4.5,4.0,10.5
14.3,12.4,14.8,13.8,6.6,6.6,6.9,7.0,8.3,7.5,6.4,7.4,7.5,6.4,7.4,4.2,2.1,3.2,4.6,9,4,4,1,3,1,6.76,7.42,7.45,6.92,3.6,13.4
18.1,16.3,19.0,17.8,9.6,9.4,9.4,8.5,8.3,6.8,8.3,9.9,8.6,8.8,8.1,7.7,6.3,6.0,5.2,9,3,1,2,5,0,9.25,7.79,9.25,8.45,3.6,17.3
9.8,11.1,9.2,10.0,3.9,4.0,4.0,4.2,3.4,4.0,3.3,4.4,3.9,4.8,3.0,5.1,6.0,5.5,4.5,5,1,0,1,4,2,4.03,3.57,4.17,3.91,2.0,10.1
12.1,11.5,13.5,12.4,5.7,6.9,7.1,6.9,6.3,6.3,6.7,7.1,7.9,6.5,7.7,6.4,5.3,7.0,6.6,8,4,3,2,4,2,6.66,6.43,7.47,7.11,3.2,13.2
10.9,12.8,14.5,12.7,6.7,6.8,6.1,6.7,6.0,7.2,6.2,5.5,7.4,7.5,7.4,5.9,7.2,7.8,8.0,6,5,1,1,4,2,6.59,6.5,6.46,7.47,2.4,13.0
13.7,15.1,14.5,14.4,7.5,7.7,8.0,8.7,7.0,8.0,6.8,5.3,9.0,7.8,6.5,7.5,6.1,5.1,5.6,10,2,4,3,5,2,7.96,7.29,7.14,7.11,4.0,14.3
10.4,10.1,11.5,10.7,3.0,3.9,4.5,3.5,4.3,4.1,4.9,5.0,3.5,4.6,4.2,6.6,6.7,4.2,6.7,11,3,4,3,3,2,3.73,4.43,4.26,4.39,4.4,10.4
9.1,11.5,11.5,10.7,4.5,3.5,5.2,3.9,3.4,3.9,4.7,4.4,4.5,4.4,5.6,4.5,2.8,7.5,7.1,9,3,0,3,3,0,4.29,4.01,4.46,4.99,3.6,10.3
13.8,13.8,14.3,14.0,7.1,8.4,8.1,7.2,7.3,7.2,7.9,6.8,6.0,7.8,8.3,4.9,5.1,2.8,4.0,8,5,1,0,4,2,7.71,7.47,6.4,8.05,3.2,14.3
12.9,15.3,14.5,14.2,7.4,6.4,8.8,5.8,7.7,6.2,6.6,7.2,6.8,7.2,7.6,6.6,5.6,5.3,5.8,9,3,2,0,4,1,7.08,6.83,6.96,7.39,3.6,13.7
11.7,12.5,14.8,13.0,8.2,6.2,7.3,6.8,6.1,7.5,7.2,6.8,6.7,8.5,6.8,9.1,9.5,9.9,9.3,5,5,3,1,4,2,7.1,6.97,6.75,7.61,2.0,13.9
13.8,15.4,15.4,14.9,7.8,5.5,7.2,8.2,8.2,6.7,7.5,8.0,7.5,6.4,7.1,4.3,5.4,4.3,4.1,12,2,2,1,5,1,7.19,7.47,7.78,6.75,4.8,14.2
10.5,9.8,9.8,10.0,5.3,5.0,5.6,5.5,5.9,3.2,5.8,5.6,5.5,5.8,5.4,4.1,4.0,4.8,4.3,5,5,3,4,3,0,5.36,4.96,5.54,5.62,2.0,10.6
12.8,14.4,14.6,13.9,6.1,5.9,6.6,7.0,7.7,6.5,6.2,6.2,7.3,6.5,7.6,5.0,5.4,5.2,3.2,10,4,3,1,2,1,6.4,6.8,6.76,7.06,4.0,13.1
15.1,13.6,15.0,14.6,8.7,8.1,7.2,6.1,6.4,6.1,7.1,7.8,7.5,6.3,6.3,6.5,6.7,8.2,8.0,9,4,2,2,5,1,7.52,6.53,7.67,6.33,3.6,14.0
11.8,13.6,12.2,12.5,5.5,6.1,5.2,5.0,6.1,4.1,5.7,5.2,7.2,5.4,4.9,8.5,4.6,6.3,6.3,14,3,0,1,4,0,5.46,5.32,6.19,5.14,5.6,12.6
17.7,19.0,19.0,18.6,9.3,8.8,9.4,9.0,8.4,8.3,9.3,9.8,9.0,9.4,10.0,4.5,6.9,7.3,5.9,11,4,4,2,4,0,9.14,8.68,9.41,9.7,4.4,18.6
15.9,13.7,15.4,15.0,7.2,8.8,8.1,7.0,7.9,7.3,5.5,6.8,6.5,9.3,7.2,6.2,3.8,2.5,3.6,10,3,1,0,4,1,7.78,6.92,6.62,8.22,4.0,14.2
9.9,12.5,11.2,11.2,4.9,5.4,4.0,5.6,4.9,5.8,4.8,4.1,4.9,4.6,5.7,6.0,5.3,6.9,6.6,14,1,4,4,4,0,4.97,5.16,4.52,5.13,5.6,11.6
14.1,15.2,15.0,14.8,7.4,7.3,8.3,7.9,7.9,7.7,9.3,7.6,6.8,6.7,7.0,4.0,3.3,2.8,2.9,10,3,2,2,3,0,7.7,8.31,7.2,6.85,4.0,15.2
10.6,9.4,11.2,10.4,4.6,3.3,6.0,4.3,4.1,4.6,4.7,5.0,6.2,5.2,5.0,7.0,6.5,7.6,6.1,8,5,3,0,5,0,4.54,4.47,5.64,5.11,3.2,10.7
15.1,15.0,14.7,14.9,7.3,9.3,7.6,7.9,7.0,8.0,7.1,8.1,7.5,6.2,7.0,6.7,7.3,7.4,8.2,7,4,4,2,5,2,8.01,7.37,7.78,6.63,2.8,14.5
15.7,14.4,16.0,15.4,8.2,7.3,6.8,8.6,8.7,7.9,8.5,8.0,7.8,8.2,8.2,5.0,4.7,3.5,4.9,10,4,4,3,4,1,7.7,8.37,7.89,8.21,4.0,15.3
9.0,9.0,10.8,9.6,4.9,4.1,4.8,6.1,4.5,4.7,5.5,3.6,4.9,5.3,4.2,2.0,2.4,4.4,3.7,6,4,2,2,4,0,4.98,4.91,4.25,4.76,2.4,9.6
16.7,14.8,16.3,15.9,7.4,8.7,8.9,9.1,8.3,7.0,8.9,7.6,8.5,8.5,7.6,7.6,7.6,9.3,6.6,8,2,1,2,2,1,8.5,8.08,8.04,8.05,3.2,15.6
13.3,13.6,13.8,13.6,7.2,8.8,7.1,6.4,6.0,5.7,6.1,7.8,7.0,7.8,6.1,4.2,5.0,5.7,8.1,7,5,4,2,2,1,7.38,5.95,7.41,6.96,2.8,13.3
15.4,15.8,17.9,16.4,7.6,8.7,7.0,7.2,8.4,7.4,8.3,7.5,7.2,7.4,8.2,6.5,9.6,6.7,9.4,12,4,2,0,3,0,7.61,8.05,7.34,7.8,4.8,16.7
16.2,16.3,17.8,16.8,10.0,9.7,9.0,8.5,8.4,9.5,9.8,9.1,10.0,9.2,9.8,5.6,5.7,5.3,6.5,4,4,1,0,3,0,9.3,9.22,9.56,9.54,1.6,17.4
12.0,11.5,12.3,11.9,4.3,6.5,6.7,6.0,6.6,6.1,6.0,7.0,5.4,5.6,4.9,6.1,6.8,5.8,5.0,11,4,5,1,5,1,5.88,6.22,6.23,5.26,4.4,12.4
14.2,11.9,13.9,13.3,6.1,6.0,5.8,5.7,5.9,5.0,5.6,4.7,5.4,4.6,6.3,7.4,6.7,6.6,6.5,10,5,1,3,5,0,5.89,5.52,5.06,5.44,4.0,12.5
10.5,11.2,9.4,10.4,6.0,5.7,5.0,5.9,4.6,4.4,6.0,3.8,5.7,5.4,6.9,4.9,4.2,5.4,4.1,8,5,0,4,4,1,5.65,5.0,4.73,6.15,3.2,10.8
12.7,11.9,11.7,12.1,3.8,5.5,5.0,5.2,5.7,5.8,6.0,5.1,4.0,4.4,5.3,5.5,6.0,4.2,7.5,8,4,0,2,4,0,4.89,5.83,4.55,4.85,3.2,11.1
13.8,14.2,13.6,13.9,6.1,6.5,6.1,6.2,6.6,5.3,5.5,5.9,6.8,6.1,5.9,5.8,5.3,5.8,5.7,13,3,3,2,3,0,6.22,5.8,6.36,6.01,5.2,13.4
12.0,13.8,13.6,13.1,6.8,7.0,6.4,7.1,6.6,7.6,7.7,6.1,6.2,6.3,9.0,4.1,4.6,3.7,3.2,11,4,3,2,5,2,6.8,7.29,6.15,7.65,4.4,13.8
14.8,13.8,14.6,14.4,5.9,6.4,8.0,6.3,6.1,6.1,6.9,6.8,7.6,7.3,6.0,7.4,7.9,5.7,6.0,9,4,2,0,3,0,6.67,6.36,7.17,6.65,3.6,13.9
12.9,14.1,15.2,14.1,7.2,7.5,7.5,9.2,6.2,7.1,7.8,8.2,7.0,9.0,7.8,6.4,6.0,4.9,6.7,6,3,2,0,2,1,7.86,7.04,7.58,8.38,2.4,14.3
10.6,12.1,11.5,11.4,5.7,5.3,7.4,5.4,6.8,5.3,6.6,6.5,7.1,5.6,6.6,5.8,7.0,5.5,7.4,2,3,2,0,4,0,5.96,6.24,6.79,6.13,0.8,11.7
17.1,18.3,16.7,17.4,9.9,8.6,9.7,8.8,7.4,8.3,8.6,9.0,9.6,7.4,9.6,3.3,3.2,2.0,5.7,11,3,3,0,5,0,9.27,8.09,9.26,8.5,4.4,17.3
13.4,13.8,13.4,13.5,6.8,5.4,6.8,7.5,6.2,6.9,7.1,7.7,6.8,6.0,6.4,7.7,8.0,7.7,9.1,7,4,0,1,5,0,6.62,6.71,7.26,6.19,2.8,13.9
19.0,19.0,19.0,19.0,10.0,8.7,9.2,9.5,9.3,9.9,9.4,9.2,9.7,9.5,9.2,6.8,6.6,6.4,7.1,15,3,5,2,1,0,9.36,9.54,9.45,9.33,6.0,19.0
14.8,13.7,16.8,15.1,7.9,7.6,7.7,7.3,8.0,8.2,6.5,7.7,7.3,7.6,6.8,7.1,7.8,8.0,4.2,6,3,1,3,5,0,7.63,7.58,7.47,7.18,2.4,14.8
10.3,11.7,11.4,11.1,4.4,6.2,5.2,5.0,5.0,5.6,4.9,4.8,4.8,4.9,5.0,5.8,5.2,4.7,5.8,8,4,5,6,3,0,5.19,5.17,4.75,4.94,3.2,10.9
11.7,10.7,9.9,10.8,4.5,5.5,4.3,4.8,4.6,4.0,5.0,4.1,6.1,4.8,4.2,4.1,4.1,3.2,3.4,5,4,1,3,1,1,4.77,4.56,5.1,4.47,2.0,10.5
13.8,13.9,15.2,14.3,7.6,6.1,7.5,8.2,7.8,7.0,8.2,6.7,6.7,7.5,7.3,8.9,8.0,10.0,9.1,10,2,4,2,5,1,7.33,7.66,6.68,7.37,4.0,14.8
10.0,12.5,10.2,10.9,5.3,5.5,5.3,4.6,6.4,5.5,6.6,5.7,5.3,6.9,5.8,5.9,6.0,6.9,6.0,5,3,1,2,5,0,5.18,6.21,5.53,6.33,2.0,11.5
14.0,12.9,14.8,13.9,8.1,8.2,8.4,8.6,7.8,8.6,6.9,7.9,8.1,6.2,6.5,5.0,5.6,5.8,3.6,4,5,0,0,4,2,8.34,7.78,8.0,6.36,1.6,14.0
13.9,12.4,14.1,13.5,7.0,6.5,6.9,6.2,7.6,6.3,9.2,9.3,6.6,7.0,8.1,6.1,4.6,6.1,7.2,5,4,4,1,4,0,6.67,7.68,7.95,7.52,2.0,14.4
13.2,14.3,13.0,13.5,6.1,6.2,6.5,6.2,5.2,7.1,6.6,5.7,5.6,6.5,6.0,6.8,9.9,8.3,8.4,9,3,4,2,5,0,6.27,6.29,5.69,6.29,3.6,13.5
11.4,11.5,12.5,11.8,5.7,5.6,5.4,4.9,5.8,5.9,6.3,4.9,4.1,4.6,4.3,4.2,5.7,5.7,6.6,10,5,2,1,5,1,5.42,6.01,4.46,4.46,4.0,11.2
9.7,9.3,10.8,9.9,4.5,3.5,4.0,4.6,4.7,5.7,4.1,4.2,3.8,5.4,4.1,7.2,5.9,7.7,8.9,10,2,3,1,5,0,4.19,4.84,4.01,4.77,4.0,10.4
13.2,12.1,13.0,12.8,5.6,5.9,6.2,4.7,5.0,5.5,6.3,6.2,5.8,5.4,5.9,8.1,7.8,8.0,8.2,4,5,3,0,4,0,5.61,5.59,5.98,5.63,1.6,11.8
15.5,16.8,17.2,16.5,8.6,6.9,7.5,8.1,7.6,8.4,8.5,8.0,8.0,7.8,6.6,3.7,4.4,3.8,4.0,11,3,4,0,5,0,7.75,8.13,8.0,7.16,4.4,15.7
12.8,14.0,14.2,13.7,6.1,6.4,7.4,8.2,6.8,8.6,7.8,8.0,7.6,7.2,7.1,4.8,4.9,6.5,4.9,9,1,2,3,5,2,7.03,7.74,7.78,7.13,3.6,13.8
10.5,12.6,10.9,11.3,5.1,4.9,3.7,3.7,4.5,4.1,5.5,2.4,5.1,4.2,3.9,7.9,8.4,7.3,7.5,6,3,3,1,2,1,4.32,4.71,3.75,4.06,2.4,10.4
12.9,12.7,14.8,13.5,7.2,5.6,6.8,6.9,7.0,5.5,7.5,4.6,6.6,5.5,8.0,3.5,3.7,3.6,3.1,12,3,2,1,5,0,6.64,6.67,5.61,6.71,4.8,13.5
14.0,12.4,14.5,13.6,6.9,7.4,8.4,6.6,8.2,5.6,6.8,6.6,6.9,6.8,7.4,4.7,6.1,7.2,6.8,8,4,2,4,4,0,7.32,6.87,6.78,7.11,3.2,14.4
9.0,9.2,11.9,10.0,5.4,5.2,4.5,5.5,6.0,5.7,4.7,6.2,5.6,5.9,4.9,4.9,4.3,4.9,4.5,7,4,4,3,3,2,5.13,5.5,5.87,5.39,2.8,10.5
10.3,9.7,10.7,10.2,5.9,7.1,6.3,6.7,5.7,5.2,7.0,5.3,7.7,6.5,6.2,6.4,5.2,3.9,7.4,5,5,1,2,4,1,6.49,5.97,6.54,6.35,2.0,11.8
14.2,15.5,13.8,14.5,7.2,6.7,6.9,6.1,7.1,6.3,7.3,3.9,6.7,6.0,6.5,4.4,7.3,6.0,7.8,10,3,1,5,2,0,6.77,6.9,5.28,6.25,4.0,13.6
9.4,11.1,11.7,10.7,4.7,5.7,4.9,5.1,5.8,5.1,4.6,5.3,4.4,5.4,5.2,4.6,4.0,6.3,5.5,9,3,3,2,4,0,5.11,5.2,4.85,5.32,3.6,11.1
13.7,16.0,13.8,14.5,6.7,7.1,7.3,8.3,7.3,7.2,7.9,7.3,6.2,6.8,7.0,6.4,5.3,6.1,2.0,8,2,3,1,5,0,7.34,7.47,6.75,6.91,3.2,14.3
13.6,13.5,14.6,13.9,8.1,7.0,7.7,7.2,8.2,7.7,8.5,6.4,6.2,7.0,7.2,4.2,4.4,3.2,5.6,9,1,1,4,3,1,7.5,8.13,6.27,7.09,3.6,13.8
16.7,15.0,16.4,16.0,7.6,8.2,8.6,8.6,9.7,8.3,7.4,7.2,8.7,8.2,8.2,6.8,9.8,8.3,8.5,7,4,2,4,4,2,8.26,8.48,7.95,8.2,2.8,15.8
14.2,13.6,15.1,14.3,7.1,8.5,8.9,7.2,8.9,9.1,7.4,7.2,8.5,8.6,7.7,7.4,8.0,9.8,8.0,2,2,5,4,5,0,7.9,8.47,7.88,8.14,0.8,15.2
9.3,9.0,9.0,9.1,3.3,4.5,4.7,3.8,4.6,3.7,4.3,4.5,4.9,6.1,4.2,4.0,2.5,3.5,3.9,4,4,1,3,4,0,4.07,4.21,4.71,5.15,1.6,9.0
10.0,11.4,10.4,10.6,5.5,5.1,4.9,5.4,5.9,4.6,5.3,4.5,5.0,5.7,3.6,7.2,8.5,8.1,7.9,7,4,3,1,3,2,5.25,5.27,4.76,4.65,2.8,10.6
10.7,13.2,12.6,12.2,6.4,6.8,7.7,8.3,7.4,6.7,6.9,7.7,8.4,8.1,8.0,5.0,5.7,7.0,6.0,4,3,3,3,4,1,7.3,6.97,8.06,8.02,1.6,13.4
13.4,12.5,15.7,13.9,8.5,6.8,8.6,7.5,7.3,7.9,8.4,4.7,6.9,6.9,7.5,6.2,7.7,6.1,4.6,6,4,2,0,4,1,7.86,7.86,5.79,7.2,2.4,13.9
13.5,14.7,14.4,14.2,5.8,6.3,7.2,7.1,7.0,8.0,7.6,6.5,8.0,6.6,6.7,7.4,4.6,5.2,4.8,9,3,5,0,4,0,6.58,7.53,7.27,6.64,3.6,14.1
16.6,17.5,16.1,16.7,10.0,10.0,8.8,9.5,10.0,9.9,9.5,8.5,9.5,9.5,10.0,4.7,6.2,4.1,5.4,4,3,3,4,5,1,9.58,9.8,8.98,9.77,1.6,16.7
13.6,14.2,15.1,14.3,7.5,6.5,8.1,6.5,6.7,8.3,6.2,7.1,6.9,7.4,7.4,8.5,9.8,7.8,8.1,10,4,2,5,4,1,7.15,7.07,7.0,7.42,4.0,14.7
14.7,15.1,16.4,15.4,8.1,7.7,8.1,8.6,9.4,7.3,7.2,7.7,8.7,7.4,7.5,7.6,5.8,4.9,6.8,7,4,3,2,5,0,8.15,7.95,8.2,7.46,2.8,15.7
16.1,13.9,15.2,15.1,7.5,7.4,6.4,8.5,8.3,9.3,8.2,8.6,8.3,7.8,8.5,6.7,4.0,5.0,4.5,11,2,3,1,4,2,7.48,8.58,8.45,8.17,4.4,15.4
12.2,13.6,13.2,13.0,7.8,8.1,8.1,7.2,6.4,8.7,5.8,5.8,7.8,7.8,7.8,4.3,3.6,4.4,3.1,4,4,3,1,3,2,7.77,6.94,6.78,7.76,1.6,13.0
10.8,12.8,14.7,12.8,6.0,5.8,5.7,5.7,6.3,6.6,6.8,6.1,6.1,6.3,6.3,2.7,4.7,6.0,4.2,16,3,4,1,4,1,5.79,6.59,6.08,6.29,6.4,13.2
14.5,12.1,14.1,13.6,8.4,8.5,7.6,7.8,6.0,9.1,7.5,8.1,7.6,8.0,7.3,4.0,4.1,4.2,3.8,8,4,2,3,4,1,8.08,7.51,7.87,7.67,3.2,14.5
12.0,10.3,11.6,11.3,5.4,4.9,5.6,5.0,5.8,4.0,7.9,7.0,7.3,5.5,5.7,7.1,5.4,5.3,7.5,5,4,2,0,4,0,5.22,5.93,7.13,5.6,2.0,11.6
13.2,13.3,11.7,12.7,6.2,6.3,6.3,6.1,6.9,5.7,8.0,5.7,7.1,5.8,6.0,4.1,5.8,5.4,2.2,8,4,1,2,2,0,6.24,6.86,6.4,5.88,3.2,12.8
10.4,11.2,13.5,11.7,5.5,5.2,6.3,7.2,5.3,5.2,5.6,6.1,6.4,5.4,6.2,7.3,4.5,5.3,5.4,4,5,0,0,3,0,6.05,5.37,6.21,5.79,1.6,11.5
12.3,11.8,13.8,12.6,6.6,8.1,6.3,6.4,6.7,7.2,6.5,5.0,6.7,5.8,5.3,8.9,6.3,6.8,6.7,8,4,0,2,3,1,6.87,6.82,5.86,5.54,3.2,12.8
18.4,18.4,18.9,18.6,9.7,8.7,9.9,9.2,10.0,8.7,10.0,7.3,10.0,10.0,9.2,8.4,8.9,7.6,6.1,9,1,4,0,3,0,9.37,9.55,8.67,9.6,3.6,18.4
10.8,9.5,10.2,10.2,3.0,3.9,3.5,3.2,3.3,4.3,5.1,4.5,4.1,3.7,4.9,7.0,3.7,7.4,6.9,9,3,3,5,4,2,3.42,4.22,4.29,4.31,3.6,10.3
15.5,14.9,15.4,15.3,6.6,8.0,8.0,8.1,6.7,8.6,6.2,7.5,7.6,7.4,7.0,6.2,5.7,6.0,6.4,10,5,3,2,1,0,7.66,7.18,7.54,7.18,4.0,15.5
10.6,10.1,10.6,10.4,4.6,4.4,4.5,4.0,5.3,4.6,2.7,5.1,3.8,3.4,3.7,6.3,10.0,8.8,9.3,6,1,3,2,5,1,4.36,4.19,4.49,3.54,2.4,10.3
10.5,13.2,12.6,12.1,5.9,5.7,5.1,5.3,7.4,6.0,5.3,4.6,5.7,7.8,5.5,6.3,6.8,8.4,7.7,7,4,4,7,3,1,5.51,6.23,5.14,6.66,2.8,11.7
12.5,16.8,14.9,14.7,8.0,8.0,8.9,9.1,8.1,7.3,8.6,8.6,5.6,7.4,7.3,6.7,4.4,4.1,5.0,9,4,2,1,3,1,8.5,8.03,7.1,7.33,3.6,15.3
13.0,10.6,12.5,12.0,6.6,6.6,6.2,7.6,7.4,5.9,7.0,8.3,6.8,6.3,5.1,3.1,3.8,2.6,3.4,7,4,4,3,4,2,6.76,6.77,7.52,5.67,2.8,12.4
9.9,11.2,12.5,11.2,5.1,4.8,5.4,4.5,6.0,5.9,5.7,5.3,4.5,5.2,4.7,6.4,6.5,5.0,8.8,11,4,2,0,3,2,4.95,5.86,4.88,4.95,4.4,11.3
9.9,9.3,12.4,10.5,5.0,6.1,5.7,4.1,4.8,6.1,4.5,5.7,6.7,5.8,5.5,6.2,7.4,7.6,7.0,2,4,5,1,5,0,5.24,5.12,6.19,5.68,0.8,10.6
17.4,16.1,18.0,17.2,7.0,9.1,8.8,8.2,7.1,7.5,5.7,7.5,7.5,8.2,7.5,6.8,5.7,5.2,5.8,17,4,3,2,2,0,8.27,6.76,7.53,7.84,6.8,17.1
12.1,10.9,12.6,11.9,5.5,5.0,5.2,4.9,6.4,5.1,6.1,4.0,4.5,6.7,5.3,8.1,5.4,8.0,6.4,12,5,2,1,4,0,5.18,5.85,4.22,5.99,4.8,12.6
13.2,12.2,13.4,12.9,6.1,5.9,6.6,7.4,8.2,5.2,6.2,8.0,6.8,7.2,6.9,4.6,7.1,5.7,3.6,8,4,3,2,5,1,6.49,6.51,7.41,7.02,3.2,13.0
13.7,10.6,12.5,12.3,6.9,6.5,6.6,5.2,7.0,5.7,5.0,6.0,5.7,5.8,7.3,5.9,6.0,5.3,3.7,3,3,3,0,4,0,6.28,5.89,5.88,6.56,1.2,11.7
11.2,12.0,11.4,11.5,4.3,7.3,5.3,6.1,4.8,7.1,5.6,6.0,5.9,5.3,5.4,2.3,3.7,3.0,2.4,9,4,1,1,3,1,5.78,5.84,5.94,5.37,3.6,11.1
17.2,17.6,19.0,17.9,10.0,8.9,10.0,8.7,10.0,8.5,10.0,8.1,9.7,9.7,9.1,6.3,5.0,5.8,6.7,9,4,3,0,4,0,9.4,9.49,8.91,9.41,3.6,18.4
12.6,12.7,14.4,13.2,7.8,8.6,6.3,8.0,7.0,7.6,7.4,6.4,8.2,8.9,7.3,8.0,8.7,5.8,8.2,6,5,2,4,4,1,7.67,7.33,7.3,8.08,2.4,14.5
9.2,9.0,10.8,9.7,3.6,4.6,3.0,3.5,3.2,4.3,3.1,4.8,3.0,3.0,3.9,5.9,4.8,7.8,6.0,6,3,0,2,5,1,3.69,3.52,3.88,3.43,2.4,9.0
13.0,13.2,13.8,13.3,7.5,6.4,6.0,6.1,7.1,5.8,6.7,6.5,6.8,7.6,7.8,6.4,6.4,6.6,5.1,10,3,5,1,5,1,6.5,6.49,6.64,7.69,4.0,13.4
9.0,10.7,10.9,10.2,6.7,5.9,6.2,5.2,6.8,5.7,5.2,6.8,4.4,5.6,5.1,7.8,3.9,5.1,6.5,3,5,3,0,3,1,5.99,5.87,5.62,5.35,1.2,10.9
16.3,16.1,16.6,16.3,8.5,8.9,9.0,8.3,8.5,8.5,6.7,7.7,8.3,8.4,7.8,5.5,5.5,7.2,5.6,4,4,4,8,5,0,8.66,7.9,8.02,8.11,1.6,15.6
11.3,12.2,10.8,11.4,4.0,5.0,5.2,5.4,5.6,5.3,4.7,3.7,5.7,5.2,5.5,4.0,6.4,6.4,5.9,10,3,3,1,1,0,4.92,5.23,4.69,5.39,4.0,11.1
11.6,11.8,12.7,12.0,5.4,6.2,6.2,6.7,6.7,8.6,6.7,7.1,6.7,5.7,5.6,4.2,4.1,4.5,4.6,6,4,2,3,1,1,6.14,7.36,6.93,5.69,2.4,12.1
17.5,16.0,17.4,17.0,6.8,6.9,7.3,8.6,7.3,5.9,7.5,6.7,7.3,7.8,7.3,6.4,7.1,7.4,7.8,12,5,3,2,5,0,7.4,6.91,6.99,7.53,4.8,15.8
16.0,15.3,15.0,15.4,7.8,7.1,8.6,6.7,8.2,8.6,7.9,8.4,8.1,8.3,6.8,5.9,6.8,8.0,8.7,9,5,3,1,3,2,7.56,8.27,8.28,7.51,3.6,15.5
9.0,11.0,12.0,10.7,5.1,4.2,4.1,5.8,3.0,4.6,3.9,4.7,6.0,5.4,3.5,4.1,5.8,5.5,4.4,9,4,5,1,2,2,4.8,3.82,5.35,4.42,3.6,10.5
12.5,10.5,11.3,11.4,5.5,5.1,6.2,6.1,5.8,6.6,5.9,4.6,5.8,6.0,6.3,5.8,6.1,5.9,5.4,10,3,2,4,3,2,5.72,6.08,5.19,6.12,4.0,11.8
11.7,12.5,13.1,12.4,5.9,5.8,6.5,5.2,6.0,6.1,4.0,5.9,5.9,5.4,5.5,5.9,6.7,8.2,6.8,6,5,4,1,4,0,5.84,5.39,5.92,5.44,2.4,11.9
12.6,11.5,10.9,11.7,5.0,5.0,5.9,4.6,4.6,4.9,5.7,7.5,4.7,4.4,5.7,7.5,7.0,7.3,6.6,9,4,5,1,4,1,5.11,5.07,6.07,5.05,3.6,11.2
18.2,16.9,19.0,18.0,8.7,9.3,9.3,9.0,9.5,9.3,10.0,9.6,8.5,9.7,9.1,3.0,2.0,4.2,6.8,7,5,3,2,4,0,9.08,9.6,9.02,9.43,2.8,17.8
14.8,16.8,14.8,15.5,6.1,6.0,7.8,7.8,6.9,5.6,5.9,7.1,7.2,7.4,6.4,7.3,6.0,8.9,8.2,12,3,5,2,3,0,6.93,6.16,7.12,6.91,4.8,14.8
10.2,9.1,10.5,9.9,4.0,4.8,3.0,4.5,6.0,5.1,4.1,5.6,5.5,3.9,4.6,6.0,5.5,5.2,4.7,8,2,2,0,4,0,4.08,5.08,5.53,4.25,3.2,10.3
14.6,16.6,16.0,15.7,6.9,8.5,8.4,8.9,9.1,8.1,8.1,8.1,7.7,7.5,7.0,4.7,4.7,5.8,4.4,10,4,5,2,5,0,8.17,8.46,7.87,7.26,4.0,16.3
17.2,17.3,16.8,17.1,8.8,8.1,9.0,8.5,9.1,10.0,10.0,9.7,9.3,9.2,10.0,8.7,10.0,9.8,7.1,6,3,3,1,5,0,8.61,9.71,9.5,9.59,2.4,18.2
15.9,16.7,15.8,16.1,8.8,8.3,6.8,8.0,7.9,8.9,7.7,7.1,7.7,7.0,7.1,6.8,7.4,5.7,5.4,11,4,0,3,3,0,7.98,8.17,7.39,7.06,4.4,16.2
9.0,12.5,9.9,10.5,3.6,5.1,4.6,3.3,4.2,4.5,3.7,4.4,3.8,3.6,4.1,3.5,6.1,5.5,5.5,7,5,5,1,5,2,4.14,4.11,4.11,3.87,2.8,10.7
11.3,12.0,10.2,11.2,7.6,4.9,6.7,6.0,5.4,5.9,4.2,6.7,6.0,5.0,5.0,2.0,4.8,3.1,4.4,6,4,2,2,4,0,6.33,5.17,6.36,5.01,2.4,11.3
15.2,16.3,17.1,16.2,8.7,9.6,8.3,9.0,8.6,7.7,8.5,7.6,7.2,8.1,8.8,8.4,8.0,7.1,9.2,8,5,2,6,2,2,8.91,8.25,7.43,8.46,3.2,16.4
10.8,12.5,13.4,12.2,5.6,5.7,6.1,5.1,4.8,4.9,7.1,6.7,6.5,4.9,5.2,4.5,4.6,6.3,4.2,8,4,3,3,1,0,5.64,5.59,6.59,5.06,3.2,11.7
13.9,13.2,15.6,14.2,6.6,6.7,8.3,5.3,6.3,8.1,7.4,7.1,6.6,6.0,6.8,6.6,3.9,3.1,4.2,8,4,1,0,3,0,6.72,7.25,6.86,6.41,3.2,13.7
14.5,16.0,15.2,15.2,8.2,7.6,8.6,7.8,8.2,8.8,7.6,6.9,8.2,9.1,8.3,5.7,8.0,4.2,5.8,9,5,2,2,4,1,8.04,8.21,7.55,8.67,3.6,15.6
11.2,11.3,11.6,11.4,4.7,5.5,6.3,5.4,5.6,4.9,5.4,6.0,4.1,6.0,5.1,8.9,10.0,9.4,7.6,6,4,4,4,3,1,5.47,5.3,5.05,5.56,2.4,11.2
14.0,13.3,15.8,14.4,6.5,6.5,6.9,6.7,5.8,6.4,6.4,6.2,6.9,5.9,6.8,7.0,7.2,7.9,8.9,12,4,0,0,4,0,6.65,6.21,6.55,6.32,4.8,14.4
9.0,10.5,9.0,9.5,4.8,3.4,3.1,3.9,3.7,3.0,2.3,3.7,3.5,3.2,3.0,6.1,6.1,4.7,5.6,5,4,2,3,2,0,3.77,3.02,3.61,3.1,2.0,9.0
10.7,11.4,11.8,11.3,4.9,4.3,3.8,4.2,4.5,5.9,5.6,4.7,5.3,5.3,4.0,8.1,7.8,7.1,6.4,6,4,0,2,5,0,4.32,5.33,4.99,4.62,2.4,10.3
13.4,12.2,14.5,13.4,6.9,6.2,5.9,6.6,6.3,6.7,6.3,6.1,5.3,7.0,6.2,3.0,5.0,6.6,2.9,9,3,2,3,3,0,6.43,6.43,5.7,6.58,3.6,13.0
11.0,11.4,9.4,10.6,4.1,3.6,4.0,5.5,5.3,6.2,4.6,5.1,4.8,4.1,4.4,6.6,5.6,6.2,6.0,11,5,3,2,5,1,4.32,5.37,4.95,4.23,4.4,10.5
19.0,16.8,16.5,17.4,8.9,8.9,10.0,7.7,8.9,8.2,8.2,9.2,8.0,9.7,9.4,8.2,7.0,8.7,6.9,13,5,4,3,5,1,8.87,8.45,8.61,9.55,5.2,17.9
10.0,11.3,11.1,10.8,5.6,3.7,4.2,4.6,4.7,4.1,5.4,2.6,4.2,4.0,4.3,7.7,7.5,5.7,6.4,6,4,5,1,1,0,4.53,4.72,3.36,4.14,2.4,10.9
9.8,12.2,13.5,11.8,5.4,5.3,5.9,5.5,5.4,6.0,6.4,4.8,6.7,4.9,6.0,9.1,7.6,8.1,6.7,11,4,3,3,4,2,5.53,5.94,5.75,5.44,4.4,12.2
12.6,15.3,13.1,13.7,8.0,7.6,7.1,6.6,6.5,7.2,6.3,7.5,7.3,7.2,5.6,6.1,5.9,7.9,7.5,5,4,2,1,1,0,7.31,6.67,7.43,6.38,2.0,13.8
17.0,16.8,15.4,16.4,9.2,9.4,8.7,8.9,8.5,8.5,9.5,8.5,8.7,9.6,10.0,5.4,3.7,6.3,4.0,7,4,5,5,5,1,9.05,8.82,8.61,9.77,2.8,16.5
9.0,9.0,9.8,9.3,4.0,4.8,5.5,4.0,3.7,3.6,3.9,3.9,3.6,6.2,4.2,7.1,7.3,6.9,8.2,6,4,4,0,4,1,4.57,3.78,3.72,5.19,2.4,9.2
13.6,16.4,16.5,15.5,8.7,7.5,7.8,7.8,8.1,8.9,7.6,7.0,8.8,7.4,8.7,3.6,6.8,5.6,5.3,10,5,3,6,2,2,7.94,8.22,7.89,8.07,4.0,15.5
9.9,11.7,12.1,11.2,7.2,6.3,6.7,6.5,5.3,7.1,5.9,5.5,6.5,7.0,5.9,3.2,4.2,4.8,4.0,5,3,3,3,2,0,6.67,6.09,6.04,6.47,2.0,12.1
10.9,9.6,10.0,10.2,5.5,5.9,4.5,4.3,4.6,4.3,3.6,3.2,3.2,4.7,5.2,4.3,6.8,6.2,4.3,6,2,5,2,3,1,5.03,4.18,3.19,4.99,2.4,10.0
14.6,14.5,15.5,14.9,6.1,7.3,6.3,6.4,7.0,8.3,7.6,7.1,7.8,7.7,6.3,6.9,5.4,6.7,6.5,8,5,3,3,5,0,6.52,7.6,7.46,7.01,3.2,14.5
12.1,12.6,12.9,12.5,6.3,8.4,6.4,7.3,6.6,7.7,5.3,6.3,6.8,5.8,7.1,8.2,6.3,8.4,9.8,6,4,2,1,4,1,7.09,6.55,6.52,6.44,2.4,13.1
11.8,12.0,10.3,11.4,5.4,5.9,5.6,4.8,5.4,5.7,4.6,4.7,6.6,4.7,5.4,6.0,5.7,4.7,6.5,3,5,3,3,5,0,5.42,5.24,5.65,5.03,1.2,10.4
14.4,13.0,13.0,13.5,6.6,6.7,6.3,7.1,6.6,6.7,4.9,6.5,5.7,6.1,6.6,5.0,4.1,4.0,3.3,6,2,0,1,3,0,6.67,6.06,6.14,6.34,2.4,12.3
12.0,10.5,12.3,11.6,6.4,5.7,5.4,6.2,6.3,6.4,5.9,6.2,3.4,6.0,6.4,5.9,6.9,5.1,7.2,7,1,2,2,1,2,5.94,6.17,4.82,6.19,2.8,11.5
14.5,13.5,14.5,14.2,6.8,6.8,5.7,5.5,7.4,6.0,6.6,8.6,6.9,6.2,5.8,7.4,5.4,5.8,5.9,11,5,2,2,5,0,6.18,6.63,7.72,6.01,4.4,14.2
13.6,12.4,15.3,13.8,6.6,7.4,7.4,7.0,7.0,7.5,7.2,6.1,7.7,8.0,7.0,6.3,7.6,7.3,7.7,7,2,1,1,1,2,7.1,7.24,6.93,7.48,2.8,13.6
17.5,18.0,18.2,17.9,9.1,9.4,7.8,9.7,7.9,7.2,8.0,9.9,7.5,9.6,9.2,7.4,9.3,7.5,8.2,9,5,0,2,5,2,9.02,7.71,8.72,9.4,3.6,17.1
11.7,10.1,10.4,10.7,5.1,5.3,5.2,4.0,3.8,5.3,3.7,5.5,3.9,5.1,6.1,7.3,7.5,10.0,4.6,4,5,1,2,3,1,4.88,4.29,4.69,5.59,1.6,10.2
16.4,17.0,17.4,16.9,9.9,8.9,9.6,9.2,9.1,8.3,9.9,8.8,10.0,10.0,9.4,5.8,6.4,5.3,4.1,7,4,3,2,1,0,9.39,9.08,9.4,9.7,2.8,17.9
9.7,11.9,11.8,11.1,4.3,3.0,3.0,3.9,3.3,4.8,3.1,3.8,3.3,3.9,4.0,4.7,4.0,5.1,6.0,9,2,4,5,4,0,3.56,3.73,3.54,3.92,3.6,10.5
11.5,12.5,13.3,12.4,6.9,5.0,6.1,6.8,5.7,6.0,6.5,5.9,6.9,5.4,6.2,5.4,5.5,4.5,4.6,9,4,5,1,5,2,6.18,6.06,6.36,5.81,3.6,12.0
15.0,15.1,15.3,15.1,7.7,7.7,6.9,7.2,6.3,7.2,6.7,7.5,6.9,8.3,8.7,5.9,8.1,6.4,6.0,6,5,2,0,5,0,7.38,6.74,7.21,8.54,2.4,14.9
14.0,13.0,13.6,13.5,6.9,6.1,7.1,6.5,6.6,6.4,7.1,8.3,5.2,6.5,5.7,7.1,9.0,8.1,7.5,6,3,3,4,3,1,6.67,6.68,6.76,6.1,2.4,12.9
11.0,9.9,12.2,11.0,4.4,4.1,6.5,6.6,5.7,5.3,6.6,6.1,5.4,6.2,5.6,6.2,5.5,6.7,3.6,7,3,5,4,3,1,5.38,5.89,5.77,5.92,2.8,11.1
12.3,12.7,14.0,13.0,6.5,6.5,4.9,7.4,6.7,7.3,6.7,6.6,6.0,7.3,5.0,5.5,2.7,5.8,5.5,7,3,1,3,4,2,6.31,6.88,6.31,6.17,2.8,12.2
11.2,10.6,12.2,11.3,5.9,7.5,5.8,6.4,5.3,3.8,5.4,5.4,5.4,6.1,4.0,7.7,7.6,7.4,10.0,6,2,3,4,4,1,6.42,4.84,5.41,5.04,2.4,11.0
11.8,13.1,13.2,12.7,5.8,5.6,5.5,5.7,5.3,6.6,5.8,4.3,5.5,4.6,5.8,7.6,6.1,5.8,7.6,13,5,4,2,4,1,5.65,5.91,4.9,5.2,5.2,12.3
14.3,15.8,16.4,15.5,6.9,8.4,8.2,7.2,7.0,8.0,7.6,7.6,8.0,7.1,7.9,6.0,5.7,6.2,8.8,6,5,0,0,3,0,7.67,7.55,7.79,7.5,2.4,15.2
13.5,13.8,15.3,14.2,6.3,7.1,7.2,6.5,7.0,6.1,7.0,8.1,6.9,8.0,6.8,4.0,4.3,4.3,5.1,7,5,4,0,5,0,6.75,6.71,7.52,7.4,2.8,13.9
9.9,11.0,11.8,10.9,6.2,5.4,4.9,5.8,4.8,4.6,5.2,4.1,4.4,5.3,5.4,8.4,6.6,8.2,8.0,6,4,4,3,4,0,5.59,4.86,4.27,5.36,2.4,11.1
14.6,17.2,16.9,16.2,7.8,8.5,7.6,8.1,8.3,9.2,7.7,6.9,8.2,7.9,10.0,6.1,3.8,3.3,6.6,10,4,0,4,5,2,8.02,8.41,7.57,8.95,4.0,15.7
11.7,10.6,11.8,11.4,7.4,6.8,6.4,7.9,5.5,6.2,7.1,7.1,5.4,7.5,6.8,5.9,3.2,4.0,4.7,2,3,0,2,4,1,7.14,6.29,6.24,7.14,0.8,11.8
12.9,13.4,15.2,13.8,7.7,7.9,8.5,8.2,7.4,6.8,6.9,6.8,6.1,8.2,8.1,5.2,4.8,5.6,5.3,5,4,0,0,4,1,8.07,7.05,6.46,8.14,2.0,13.9
15.3,15.0,14.0,14.8,7.5,7.7,7.5,6.4,7.7,8.4,6.6,6.7,8.0,7.6,7.0,6.4,6.2,3.3,6.2,8,4,2,0,5,1,7.25,7.56,7.38,7.31,3.2,14.0
10.0,11.7,10.1,10.6,5.9,4.8,6.6,6.0,5.4,5.5,4.1,4.9,5.7,5.1,5.5,4.7,5.0,4.8,7.1,5,5,3,1,4,1,5.82,5.03,5.27,5.29,2.0,10.4
11.6,10.6,11.1,11.1,5.3,6.4,5.6,5.0,7.8,4.9,4.4,4.4,5.6,5.4,5.5,2.9,3.3,3.2,3.4,5,5,3,1,5,0,5.56,5.7,5.02,5.47,2.0,10.7
13.5,14.6,14.6,14.2,7.7,7.5,7.1,7.4,7.9,7.8,6.6,6.7,6.5,8.2,7.3,5.1,7.0,6.6,6.7,8,5,2,2,5,0,7.42,7.45,6.62,7.78,3.2,15.2
13.7,14.8,15.4,14.6,7.1,6.9,6.4,7.6,6.6,6.6,7.5,8.0,6.8,7.8,8.7,9.4,8.0,7.9,7.8,8,5,5,0,4,0,6.98,6.92,7.45,8.25,3.2,15.4
11.3,10.6,12.7,11.5,6.2,6.8,5.2,7.9,6.4,7.3,5.8,5.3,6.3,6.3,7.3,2.2,3.5,2.9,3.9,6,5,2,0,4,1,6.52,6.5,5.78,6.79,2.4,11.9
12.9,14.3,13.2,13.5,6.5,6.0,5.6,8.9,5.3,7.5,7.1,5.2,5.4,7.4,6.8,7.3,4.4,6.9,8.3,3,2,0,1,1,0,6.73,6.62,5.32,7.1,1.2,12.5
14.3,15.2,16.3,15.3,8.6,8.4,8.6,8.8,8.4,8.8,8.4,7.8,7.8,8.3,6.8,3.9,5.8,5.2,3.4,7,5,2,2,1,1,8.61,8.55,7.84,7.56,2.8,15.3
10.9,11.9,12.5,11.8,5.3,5.6,6.0,5.5,4.9,5.9,4.0,6.3,6.1,5.0,5.4,8.0,8.7,9.0,9.2,8,4,3,1,3,1,5.58,4.96,6.2,5.19,3.2,11.5
15.8,15.7,16.1,15.9,8.2,8.1,6.2,7.7,8.1,8.7,7.8,7.1,8.5,6.8,9.2,5.5,4.8,7.5,5.3,7,3,2,4,3,0,7.55,8.21,7.8,8.0,2.8,15.3
11.9,14.1,12.6,12.9,5.6,6.5,6.8,6.8,5.8,6.2,6.8,5.8,5.9,5.5,6.0,4.7,5.1,4.1,5.8,10,2,2,2,3,0,6.44,6.27,5.82,5.77,4.0,12.8
12.2,13.1,14.7,13.3,6.0,6.2,5.8,5.9,6.1,5.2,5.4,6.2,6.8,6.0,6.9,6.2,5.3,6.3,4.8,13,4,1,3,3,0,6.0,5.56,6.5,6.46,5.2,13.5
17.1,16.6,17.3,17.0,7.8,8.7,8.3,9.4,7.6,8.5,8.5,6.6,6.6,9.0,9.2,6.4,7.1,7.6,10.0,9,3,4,2,3,0,8.55,8.21,6.6,9.08,3.6,16.9
13.0,15.5,15.5,14.7,8.8,8.7,8.9,7.9,9.1,9.4,7.1,8.2,8.3,7.2,7.9,3.3,4.4,4.3,4.4,5,4,5,3,4,1,8.56,8.53,8.22,7.53,2.0,14.8
14.0,13.3,15.5,14.3,7.9,8.1,8.3,8.1,7.5,6.9,7.8,8.1,7.1,7.9,7.1,4.8,5.0,6.5,6.1,5,4,2,0,2,0,8.1,7.39,7.57,7.49,2.0,14.9
15.3,17.0,17.5,16.6,9.2,8.5,8.3,8.9,9.9,8.2,7.4,8.1,8.7,8.0,6.8,6.2,6.5,7.8,8.5,6,5,2,4,1,2,8.71,8.51,8.4,7.38,2.4,15.7
14.1,15.7,13.6,14.5,5.5,5.6,5.9,6.8,7.2,6.9,5.1,7.4,6.3,6.3,7.0,7.3,8.6,7.2,7.8,14,5,3,2,4,1,5.96,6.38,6.89,6.68,5.6,14.1
15.6,15.5,15.5,15.5,7.7,6.8,6.0,8.1,7.9,7.5,7.2,6.5,8.6,6.5,7.0,7.0,8.1,8.4,8.8,10,4,3,2,4,0,7.15,7.54,7.54,6.71,4.0,15.3
12.3,11.0,12.7,12.0,6.7,5.8,5.5,5.6,6.3,5.2,5.9,7.0,5.3,5.9,6.2,3.7,6.5,4.3,6.0,9,3,2,1,4,1,5.9,5.84,6.19,6.02,3.6,11.8
12.9,14.5,14.2,13.9,7.0,6.6,6.8,6.6,7.3,7.9,6.7,7.1,7.5,6.9,6.1,7.4,7.8,7.0,6.6,9,3,5,2,4,1,6.76,7.28,7.31,6.48,3.6,13.7
11.5,10.8,11.1,11.1,7.1,6.2,5.6,5.5,4.8,8.2,5.4,6.0,6.1,6.7,6.1,5.3,4.0,6.1,5.3,3,3,3,1,5,1,6.09,6.09,6.04,6.4,1.2,11.0
13.0,13.1,12.0,12.7,6.3,6.7,6.6,7.0,6.4,6.8,6.3,6.6,6.5,6.8,6.7,9.8,8.5,8.4,5.8,4,2,2,1,4,0,6.62,6.52,6.57,6.74,1.6,13.0
15.5,15.5,15.6,15.5,8.4,7.8,7.4,7.9,8.1,6.7,7.6,7.3,7.2,6.6,7.6,7.8,5.9,6.8,4.7,8,5,3,0,4,0,7.88,7.45,7.27,7.07,3.2,15.3
10.9,11.4,12.8,11.7,6.9,5.2,5.1,5.6,5.2,4.0,5.2,6.4,4.6,6.0,4.5,4.6,5.0,4.9,7.2,11,4,5,3,5,0,5.7,4.83,5.48,5.26,4.4,12.0
19.0,19.0,19.0,19.0,9.2,9.8,9.0,10.0,8.4,9.7,9.6,8.5,9.5,9.6,10.0,8.5,8.2,8.2,9.6,10,2,4,5,5,0,9.53,9.24,9.01,9.82,4.0,19.0
9.0,9.0,10.0,9.3,4.7,5.0,5.1,5.0,4.9,5.9,4.5,4.3,4.9,5.1,4.6,6.0,5.7,6.2,5.3,6,3,0,2,4,1,4.95,5.09,4.62,4.85,2.4,9.6
9.9,9.0,11.0,10.0,5.7,3.3,5.0,5.1,6.0,5.1,5.6,5.6,4.9,4.7,3.5,3.3,4.6,5.0,5.5,10,4,2,1,4,1,4.78,5.57,5.24,4.09,4.0,10.4
15.7,16.3,15.6,15.9,9.3,7.6,7.5,7.5,9.2,8.2,7.3,7.7,8.3,7.9,8.2,3.7,6.4,5.2,5.1,13,4,2,0,3,2,7.97,8.26,8.0,8.02,5.2,16.0
16.9,16.2,16.1,16.4,7.3,7.6,8.7,7.4,7.6,7.2,8.1,8.5,8.3,7.8,7.7,6.9,7.3,6.7,6.7,7,1,2,1,4,0,7.75,7.64,8.41,7.78,2.8,15.3
15.4,16.3,17.3,16.3,7.1,6.6,7.4,7.9,8.2,6.6,8.4,9.0,8.2,7.8,7.5,7.9,6.7,8.3,8.1,13,5,3,2,5,0,7.26,7.71,8.57,7.66,5.2,16.8
14.4,13.2,14.3,14.0,7.2,7.9,7.5,8.0,7.1,8.1,7.8,7.1,6.6,6.2,8.4,5.7,5.7,5.0,6.0,5,3,4,0,4,1,7.65,7.7,6.84,7.31,2.0,13.7
14.8,14.5,14.2,14.5,5.5,7.6,7.0,6.3,5.1,7.2,6.3,7.1,7.2,6.1,6.3,8.4,10.0,7.8,7.8,10,1,3,2,5,0,6.59,6.22,7.14,6.21,4.0,13.9
10.9,10.6,11.3,10.9,4.5,6.0,5.3,5.1,4.4,3.9,4.7,4.1,4.2,5.0,5.1,3.2,4.7,4.7,5.1,11,2,5,1,4,0,5.23,4.35,4.16,5.02,4.4,10.6
13.0,13.5,15.0,13.8,5.9,6.5,7.3,5.6,7.9,7.9,7.4,7.3,7.1,6.8,5.8,4.2,7.7,6.0,5.5,12,4,2,1,5,1,6.3,7.73,7.19,6.32,4.8,14.0
13.4,12.5,12.9,12.9,4.9,6.5,5.7,5.2,5.3,5.9,4.3,5.7,6.0,6.3,6.1,5.7,7.0,5.3,6.3,11,2,4,5,4,0,5.6,5.18,5.82,6.19,4.4,12.2
14.2,15.0,14.0,14.4,7.9,8.1,7.5,8.6,7.8,9.1,7.2,8.4,6.4,7.4,8.1,6.2,6.1,6.0,6.9,9,1,4,0,1,1,8.03,8.01,7.41,7.76,3.6,15.0
12.3,11.0,12.8,12.0,6.4,6.0,6.5,6.7,6.0,5.2,6.0,5.7,6.4,5.9,6.0,4.9,6.4,5.3,6.5,6,3,2,2,4,0,6.43,5.74,6.03,5.96,2.4,12.1
9.7,10.0,10.3,10.0,6.3,4.8,4.5,5.6,6.8,4.2,6.3,3.8,4.9,4.9,3.9,8.0,7.0,7.7,6.1,5,4,3,0,3,1,5.31,5.74,4.33,4.42,2.0,10.1
11.1,12.2,11.9,11.7,5.3,5.8,6.1,6.1,7.3,5.9,6.3,6.5,5.4,5.5,7.0,3.6,3.6,5.3,4.0,10,2,1,0,1,2,5.82,6.51,5.94,6.24,4.0,12.0
14.0,13.5,15.6,14.4,7.8,6.8,7.1,7.1,8.9,7.5,6.3,5.3,8.2,6.9,6.3,5.6,6.2,5.9,6.4,7,3,4,0,5,0,7.22,7.59,6.73,6.57,2.8,14.0
12.1,11.5,10.5,11.4,5.5,5.8,5.5,5.2,5.5,7.1,5.4,5.4,5.1,6.2,5.2,5.7,7.1,5.6,5.8,5,3,3,3,3,2,5.49,6.01,5.25,5.72,2.0,10.7
10.4,11.0,10.4,10.6,5.2,5.4,5.2,5.8,5.5,5.8,4.8,6.1,4.6,4.5,5.5,4.0,4.0,4.5,4.7,9,3,2,4,5,1,5.39,5.37,5.37,5.02,3.6,10.6
14.7,13.0,11.9,13.2,7.3,6.9,5.5,7.2,5.7,6.7,6.3,7.0,6.9,7.2,6.0,5.3,6.2,5.4,5.8,10,4,3,4,3,2,6.73,6.21,6.98,6.6,4.0,13.2
13.6,14.4,16.0,14.7,6.1,7.2,6.5,7.2,8.0,6.0,7.7,8.6,7.4,5.7,5.8,7.7,6.6,6.4,8.4,9,2,3,1,3,0,6.74,7.25,8.02,5.75,3.6,14.3
9.8,9.9,11.4,10.4,6.0,6.6,5.8,5.4,4.8,6.7,4.6,6.7,5.6,5.3,4.3,4.9,4.8,5.4,4.4,5,1,1,2,5,1,5.94,5.39,6.14,4.8,2.0,10.2
11.0,12.5,12.9,12.1,5.9,6.5,5.9,4.3,6.0,5.0,7.1,5.2,6.7,5.6,6.3,8.5,5.6,7.6,4.1,10,4,0,2,3,0,5.64,6.02,5.97,5.93,4.0,12.7
12.0,12.9,14.1,13.0,7.2,5.8,6.1,7.6,6.0,8.2,7.5,6.9,7.3,8.0,6.5,6.6,5.1,7.6,6.4,6,3,2,1,4,1,6.69,7.21,7.07,7.24,2.4,13.1
9.0,9.0,9.0,9.0,4.5,3.0,5.2,4.0,3.9,4.1,5.2,4.3,3.0,4.1,6.4,5.4,4.5,4.5,5.0,12,2,3,3,4,1,4.18,4.39,3.64,5.26,4.8,9.7
9.0,9.0,9.9,9.3,6.1,5.0,3.8,3.8,3.7,5.7,4.0,3.0,4.0,3.0,3.7,8.4,6.6,8.0,8.2,4,3,4,3,4,0,4.68,4.47,3.47,3.35,1.6,9.0
9.0,10.8,10.3,10.0,5.0,4.5,6.1,5.9,4.9,6.0,5.3,4.6,5.0,4.0,4.8,6.8,3.3,3.6,4.8,9,5,5,2,5,2,5.36,5.4,4.77,4.4,3.6,10.5
10.8,14.3,13.9,13.0,5.8,6.0,6.5,5.9,5.7,6.1,5.0,5.7,6.6,6.2,5.8,3.9,6.3,4.6,6.2,7,4,3,1,4,0,6.05,5.62,6.12,5.99,2.8,12.1
12.4,13.6,14.0,13.3,6.5,6.1,6.5,7.7,6.5,6.6,6.5,5.1,4.9,7.4,7.1,7.9,8.1,10.0,7.5,3,5,4,3,4,0,6.72,6.54,5.0,7.27,1.2,13.2
17.3,16.0,17.2,16.8,8.3,7.5,10.0,9.1,9.4,8.4,9.1,8.8,10.0,9.0,8.4,3.7,4.6,4.1,3.9,10,5,2,0,5,1,8.72,8.98,9.38,8.68,4.0,16.6
12.1,12.6,13.9,12.9,7.3,8.2,7.0,8.3,6.9,8.1,8.8,7.6,8.2,7.9,8.2,4.0,3.5,4.3,4.4,5,5,3,3,3,1,7.68,7.95,7.89,8.06,2.0,14.1
10.1,11.7,12.5,11.4,7.1,6.8,6.9,5.3,6.4,6.3,5.4,4.8,6.4,7.1,5.6,5.4,8.3,7.6,7.9,6,4,1,2,4,0,6.52,6.04,5.57,6.32,2.4,12.7
11.1,13.0,14.4,12.8,7.5,6.1,7.2,7.3,7.4,6.0,6.2,6.8,7.4,6.1,5.5,3.0,4.3,2.0,5.2,9,4,2,1,5,0,7.01,6.54,7.13,5.8,3.6,13.4
9.6,10.5,10.7,10.3,4.6,3.2,4.5,5.2,4.6,4.9,4.9,5.6,6.9,5.6,3.7,7.3,6.5,4.8,6.6,4,3,3,3,4,2,4.37,4.77,6.26,4.68,1.6,10.9
12.5,12.2,12.2,12.3,5.9,6.1,7.4,6.2,5.9,6.5,5.4,6.7,7.2,5.3,4.9,9.2,9.3,7.8,8.9,8,3,0,3,5,1,6.41,5.93,6.92,5.12,3.2,12.4
11.7,12.2,14.2,12.7,6.4,6.3,5.9,6.2,5.9,4.4,6.5,5.8,6.8,5.4,5.7,3.4,3.5,2.8,2.8,12,4,3,2,4,0,6.2,5.6,6.3,5.57,4.8,12.6
13.1,13.8,14.7,13.9,6.6,5.9,7.2,5.7,7.9,7.4,6.4,7.5,7.1,5.7,6.8,2.4,2.0,2.0,2.5,12,5,4,3,5,0,6.37,7.23,7.3,6.25,4.8,14.0
10.3,10.8,10.8,10.6,5.7,5.4,5.4,5.5,5.4,4.5,5.1,5.9,5.1,5.1,4.8,4.6,5.7,4.3,3.2,12,4,2,2,5,2,5.52,5.0,5.51,4.94,4.8,11.2
11.9,14.3,15.2,13.8,7.4,7.3,7.2,6.6,6.9,6.4,6.9,7.6,6.9,7.2,8.1,6.5,6.6,9.4,8.0,9,4,2,1,3,1,7.11,6.71,7.23,7.7,3.6,14.3
16.2,15.0,16.1,15.8,7.7,9.2,9.4,7.9,9.2,7.4,8.2,8.1,8.1,8.9,9.7,9.5,8.4,7.8,7.9,4,4,4,3,3,2,8.54,8.27,8.1,9.27,1.6,15.8
13.6,11.7,11.9,12.4,7.4,6.4,6.9,5.3,5.5,4.9,6.3,6.6,5.8,6.4,6.1,7.2,6.3,3.8,3.9,9,3,4,1,4,0,6.5,5.56,6.19,6.24,3.6,12.8
12.1,12.7,13.0,12.6,8.4,6.4,5.9,7.9,7.6,6.0,6.9,8.2,6.0,6.5,5.8,7.3,6.5,6.4,6.6,5,3,2,2,4,1,7.14,6.87,7.1,6.15,2.0,12.9
14.0,14.8,14.1,14.3,7.1,8.4,8.4,7.1,7.9,7.0,7.2,7.0,7.5,7.4,7.1,8.1,9.1,7.6,9.0,6,4,2,2,3,1,7.76,7.36,7.24,7.27,2.4,14.4
12.3,11.7,13.4,12.5,5.6,5.8,4.7,7.0,5.7,7.5,5.3,7.8,4.6,4.8,5.5,9.7,9.4,7.7,9.0,7,3,3,4,1,0,5.78,6.14,6.17,5.16,2.8,12.7
11.4,12.5,13.0,12.3,7.0,6.8,7.6,6.5,6.2,6.4,7.1,6.4,7.0,7.8,6.4,6.7,7.4,6.5,6.2,6,4,3,1,3,1,6.97,6.56,6.68,7.08,2.4,13.0
10.8,11.6,12.3,11.6,6.8,5.9,7.3,5.3,5.8,6.7,7.8,6.5,6.5,6.3,6.0,2.2,2.5,3.8,3.4,5,5,1,1,5,1,6.31,6.77,6.52,6.17,2.0,11.7
14.7,13.2,14.4,14.1,7.1,6.3,5.9,5.9,7.1,7.0,6.8,6.0,6.8,6.3,6.2,4.2,3.5,3.6,6.4,9,5,2,2,4,0,6.3,6.93,6.4,6.25,3.6,13.4
11.1,12.3,14.0,12.5,6.7,4.7,5.1,6.2,6.3,5.4,6.1,5.5,4.9,6.5,5.1,4.0,4.9,6.1,5.6,10,3,4,3,4,2,5.68,5.97,5.23,5.76,4.0,11.6
12.4,13.5,14.8,13.6,6.4,6.4,5.8,6.4,6.0,6.5,5.4,5.0,9.0,5.7,6.1,6.0,5.8,7.1,5.2,11,5,3,1,3,2,6.25,5.98,6.98,5.88,4.4,12.7
12.5,13.9,14.4,13.6,6.7,8.4,7.1,6.9,7.6,6.3,7.4,6.8,8.3,6.5,7.4,6.4,5.8,7.6,4.8,8,3,5,1,3,2,7.27,7.09,7.55,6.93,3.2,13.7
14.8,16.8,16.2,15.9,7.7,7.7,8.5,8.8,7.0,9.8,7.8,7.7,7.7,7.9,8.9,6.3,7.3,10.0,7.9,8,3,4,2,3,2,8.17,8.21,7.69,8.42,3.2,15.7
16.2,15.8,16.1,16.0,7.4,6.8,8.5,8.3,7.5,9.4,6.8,8.1,8.1,7.9,7.3,7.5,6.0,7.0,5.5,10,4,5,1,2,0,7.75,7.87,8.09,7.6,4.0,16.1
17.7,19.0,18.2,18.3,9.5,10.0,10.0,10.0,9.5,8.2,8.9,10.0,9.0,9.8,10.0,4.4,6.2,8.6,5.6,13,3,1,2,5,0,9.87,8.85,9.51,9.9,5.2,19.0
13.0,11.3,10.6,11.6,6.6,5.2,6.3,6.4,4.6,4.5,6.3,5.9,4.5,5.9,4.7,6.7,9.6,7.3,7.4,11,2,4,2,5,2,6.12,5.15,5.23,5.26,4.4,11.9
12.7,15.1,14.6,14.1,7.4,7.3,7.4,7.6,7.1,7.6,8.6,5.7,6.7,9.6,6.7,7.1,7.0,5.9,5.2,7,3,0,1,3,0,7.44,7.74,6.21,8.14,2.8,14.8
12.9,14.6,15.8,14.4,6.9,7.5,6.6,5.8,6.2,6.0,7.0,8.6,7.1,5.2,7.0,5.4,6.7,6.4,5.2,9,4,3,1,2,0,6.73,6.4,7.87,6.12,3.6,14.0
15.4,17.5,19.0,17.3,9.5,9.1,8.3,9.2,9.7,9.9,8.3,9.8,9.0,9.9,8.9,7.1,7.9,6.8,8.2,8,3,2,2,3,1,9.02,9.3,9.36,9.43,3.2,17.4
11.8,10.1,11.6,11.2,6.1,6.6,4.7,5.5,5.1,4.7,5.1,4.6,6.1,4.9,5.5,4.5,6.5,6.5,6.3,6,4,2,1,4,0,5.72,4.99,5.33,5.21,2.4,11.0
11.4,10.4,12.8,11.5,7.0,5.7,5.9,4.6,3.4,7.0,5.5,5.4,6.0,4.8,3.6,9.2,9.9,7.7,9.1,11,4,4,2,3,1,5.8,5.3,5.71,4.19,4.4,11.9
10.5,11.8,11.3,11.2,5.2,5.3,6.7,4.9,3.9,6.6,5.7,5.8,6.7,5.2,6.6,3.8,4.2,3.6,4.1,7,4,4,2,3,0,5.54,5.4,6.23,5.87,2.8,11.3
10.6,10.5,11.2,10.8,3.0,4.8,3.0,3.6,3.0,3.5,2.0,2.7,3.0,3.0,3.8,4.5,4.9,6.5,5.3,9,5,0,3,3,0,3.59,2.83,2.86,3.39,3.6,10.7
12.0,10.9,11.0,11.3,6.4,5.3,5.3,5.7,6.1,6.5,5.0,5.9,6.1,6.9,4.7,5.6,5.0,5.8,7.1,6,3,3,3,5,2,5.68,5.87,5.99,5.78,2.4,11.1
9.9,11.6,10.1,10.5,5.8,5.9,5.3,5.4,3.2,6.2,5.3,4.8,5.9,6.0,4.3,6.8,6.4,6.8,6.8,5,3,2,2,4,1,5.61,4.91,5.34,5.14,2.0,10.2
14.6,13.1,15.0,14.2,8.0,6.9,6.9,6.2,6.3,6.3,7.2,6.4,6.3,6.7,7.9,7.1,8.2,8.4,6.4,11,3,2,4,4,1,7.02,6.58,6.35,7.32,4.4,14.0
11.9,13.4,12.7,12.7,7.4,7.9,6.4,6.9,6.6,6.4,5.3,6.4,6.4,8.0,6.5,4.5,5.6,7.1,7.6,6,3,4,4,3,1,7.16,6.07,6.4,7.23,2.4,12.7
15.5,16.3,17.9,16.6,9.1,10.0,9.6,8.7,10.0,9.4,9.2,8.0,10.0,8.3,8.7,5.7,4.2,2.2,4.2,10,4,2,1,5,2,9.34,9.52,9.01,8.49,4.0,17.0
14.4,14.5,15.1,14.7,8.3,7.9,7.6,8.5,7.6,8.6,8.0,8.1,8.1,7.0,6.3,6.6,7.7,7.8,6.7,8,1,5,3,5,1,8.11,8.09,8.08,6.67,3.2,14.7
11.2,11.4,14.0,12.2,6.4,5.1,5.6,6.4,5.9,5.7,6.3,6.2,6.1,4.1,5.4,7.0,8.0,6.9,5.9,13,3,1,1,3,1,5.88,6.0,6.15,4.75,5.2,12.4
10.4,9.5,11.1,10.3,5.7,5.5,5.5,3.9,5.3,3.9,5.7,5.6,4.5,4.7,5.0,4.1,4.4,3.3,3.5,9,4,3,0,3,2,5.15,4.95,5.06,4.83,3.6,10.2
13.2,14.5,14.8,14.2,7.6,6.8,7.2,6.6,5.5,6.6,7.7,8.0,6.3,7.4,7.7,9.5,6.1,7.1,5.9,5,4,3,3,4,0,7.05,6.61,7.12,7.54,2.0,14.1
9.5,11.3,9.5,10.1,5.3,5.9,4.2,3.5,5.1,4.5,3.9,4.8,4.1,4.6,3.5,2.4,2.3,2.4,5.2,14,4,2,3,2,2,4.72,4.49,4.44,4.07,5.6,10.1
15.4,18.5,18.2,17.4,10.0,9.3,9.2,8.8,9.4,9.2,7.7,8.8,9.1,9.4,8.2,5.5,4.7,4.0,4.7,11,5,2,0,4,0,9.33,8.78,8.96,8.77,4.4,18.1
14.8,15.7,15.9,15.5,9.2,8.0,8.2,8.2,8.7,9.8,8.0,9.0,7.4,7.3,8.6,3.9,4.7,2.7,3.8,7,4,4,0,4,1,8.42,8.83,8.22,7.93,2.8,15.4
13.2,16.2,14.4,14.6,6.3,5.9,5.5,4.8,8.9,4.7,6.6,4.6,5.8,6.4,6.5,6.7,5.4,6.7,8.1,14,4,4,4,4,0,5.62,6.74,5.18,6.43,5.6,13.9
11.2,11.0,11.5,11.2,3.8,3.0,3.7,3.3,3.0,4.3,5.0,3.1,3.0,4.1,3.0,5.5,7.6,7.5,7.1,11,3,2,1,3,1,3.46,4.13,3.06,3.55,4.4,10.5
15.8,14.6,16.1,15.5,8.6,7.9,9.6,7.8,9.9,9.7,9.1,7.7,7.6,9.0,9.3,2.9,4.2,4.0,4.2,3,5,3,4,4,1,8.49,9.58,7.65,9.17,1.2,15.4
14.3,13.3,14.5,14.0,7.2,7.2,6.7,6.5,6.1,8.1,6.7,7.3,6.9,5.0,6.4,7.3,7.7,6.0,8.0,16,4,0,2,5,2,6.88,6.97,7.08,5.68,6.4,14.8
12.9,15.3,16.0,14.7,7.8,7.9,8.1,8.4,8.6,8.0,8.7,9.2,8.8,8.6,9.1,2.4,5.2,3.4,3.8,6,3,1,2,3,2,8.06,8.43,9.02,8.85,2.4,15.0
9.0,9.0,9.1,9.0,4.4,3.4,4.6,3.6,4.1,4.5,3.7,4.5,3.8,3.3,4.1,7.4,5.9,5.0,6.7,4,3,2,3,4,2,3.99,4.08,4.17,3.67,1.6,9.0
12.0,10.4,11.3,11.2,5.3,6.0,5.4,5.7,5.3,6.1,5.5,6.6,4.8,5.3,3.8,4.8,5.4,3.7,5.9,7,4,0,2,1,0,5.6,5.61,5.68,4.58,2.8,11.3
13.3,14.3,13.6,13.7,6.5,7.3,7.3,6.1,6.1,6.7,7.8,5.7,5.7,6.9,6.4,5.9,5.3,5.8,6.1,13,5,4,2,2,2,6.83,6.85,5.7,6.64,5.2,14.0
12.0,14.5,13.8,13.4,7.5,7.1,6.8,6.4,6.8,6.5,5.8,6.9,6.3,6.6,7.3,6.3,6.6,5.6,6.6,7,3,3,0,4,0,6.94,6.38,6.58,6.97,2.8,13.6
12.7,11.7,12.1,12.2,6.0,6.5,5.7,7.0,4.6,6.2,7.1,5.7,6.3,5.2,5.2,6.4,6.0,7.9,8.1,9,2,5,3,2,2,6.31,5.97,6.03,5.21,3.6,12.0
13.4,14.4,16.9,14.9,7.5,6.9,7.7,8.4,8.0,5.4,7.2,8.2,8.2,7.4,7.2,8.3,9.7,7.9,5.6,8,5,3,2,1,0,7.62,6.87,8.19,7.3,3.2,15.5
9.6,10.1,10.5,10.1,3.9,3.9,3.8,4.0,4.6,5.4,6.0,4.8,4.5,3.8,4.8,4.7,5.5,6.0,7.9,11,5,5,2,3,1,3.91,5.32,4.65,4.3,4.4,10.2
11.5,11.2,12.3,11.7,6.8,7.3,5.5,6.9,5.4,6.4,5.2,5.9,5.4,7.1,4.3,6.1,7.2,6.2,4.8,5,3,3,1,4,2,6.63,5.64,5.65,5.67,2.0,11.4
12.3,12.8,11.8,12.3,7.1,6.5,5.8,7.2,6.3,6.5,7.1,7.2,6.9,6.5,7.9,4.5,3.5,6.1,4.7,7,3,3,1,4,2,6.67,6.66,7.03,7.19,2.8,12.7
12.6,13.2,15.4,13.7,8.8,7.1,7.4,6.5,8.3,8.9,6.7,8.1,6.6,8.1,6.6,5.4,7.5,7.1,6.2,6,4,5,1,3,1,7.43,7.96,7.34,7.35,2.4,14.3
13.2,13.8,15.6,14.2,7.4,8.5,8.8,8.1,7.1,7.0,6.4,7.0,7.2,7.2,7.9,4.5,7.7,7.0,6.5,9,3,3,3,4,1,8.19,6.87,7.06,7.56,3.6,14.6
10.1,12.2,10.6,11.0,5.0,5.2,6.4,5.9,5.1,4.5,5.0,4.8,5.9,4.4,4.8,7.2,5.9,6.4,6.9,8,5,0,1,3,0,5.61,4.86,5.32,4.6,3.2,11.3
9.3,9.7,9.0,9.3,4.4,4.5,4.6,3.4,3.6,5.8,5.0,3.2,4.9,3.7,5.1,2.6,3.1,3.1,2.2,5,2,3,4,4,1,4.24,4.8,4.05,4.37,2.0,9.0
15.3,16.6,15.6,15.8,9.5,9.9,8.8,7.8,9.0,7.8,7.7,6.2,8.5,9.0,8.7,7.7,6.9,7.0,6.8,7,1,5,2,4,1,9.0,8.17,7.36,8.87,2.8,15.6
12.6,11.8,13.8,12.7,6.9,6.5,5.7,7.7,7.5,6.6,5.8,7.2,6.0,6.5,6.8,7.6,8.8,6.2,6.0,6,3,4,1,4,0,6.73,6.63,6.58,6.67,2.4,13.5
11.9,11.2,11.9,11.7,5.6,6.0,5.0,5.6,6.9,5.3,5.3,5.9,5.5,5.8,4.8,3.7,3.2,5.0,5.3,11,3,3,1,5,0,5.54,5.81,5.74,5.29,4.4,12.0
16.5,18.7,18.1,17.8,9.3,8.9,8.3,9.2,8.7,9.5,8.8,9.1,9.7,8.6,9.4,3.0,4.9,3.8,4.0,12,2,3,3,5,0,8.9,8.98,9.37,8.97,4.8,17.8
13.2,13.5,14.0,13.6,6.8,6.9,6.2,6.9,7.2,6.8,7.1,4.9,6.4,5.3,5.4,10.0,7.3,7.8,8.3,10,2,5,2,1,1,6.7,7.05,5.65,5.33,4.0,13.0
16.5,16.9,16.6,16.7,8.0,9.3,8.2,8.5,8.3,7.2,9.0,8.0,9.3,7.9,8.7,8.5,6.7,6.0,6.2,7,4,0,0,5,0,8.5,8.2,8.65,8.3,2.8,16.5
12.9,13.3,14.3,13.5,6.7,7.0,6.3,5.7,7.6,6.2,6.6,4.6,7.6,5.8,5.8,5.6,5.4,6.1,5.1,12,3,3,3,2,0,6.41,6.79,6.12,5.8,4.8,13.6
18.2,18.3,19.0,18.5,10.0,9.9,8.1,10.0,8.9,9.0,10.0,10.0,10.0,9.5,10.0,4.6,3.9,5.6,4.6,10,5,2,1,5,0,9.5,9.31,10.0,9.76,4.0,18.9
15.8,16.6,14.7,15.7,8.4,9.9,9.7,10.0,9.7,9.1,9.3,8.2,9.4,8.3,9.2,4.1,4.8,5.9,5.7,7,3,3,0,3,1,9.48,9.37,8.77,8.77,2.8,16.6
13.6,12.7,13.0,13.1,6.2,5.9,5.4,6.0,6.0,6.5,5.8,7.3,6.6,6.8,6.6,8.4,6.8,6.7,7.4,11,4,3,6,3,1,5.86,6.1,6.93,6.68,4.4,13.1
15.0,15.8,16.6,15.8,7.5,7.4,8.1,7.9,7.9,8.3,6.7,8.8,9.1,7.9,8.0,5.5,7.2,7.5,5.3,10,3,1,1,2,1,7.72,7.62,8.95,7.95,4.0,15.3
12.0,12.7,12.5,12.4,8.3,6.7,8.9,6.4,7.5,6.0,7.3,6.7,7.8,7.3,6.2,3.1,3.4,4.9,5.8,4,3,1,4,2,1,7.59,6.95,7.24,6.79,1.6,12.7
14.7,15.3,15.8,15.3,7.5,7.2,7.9,8.9,8.8,9.4,8.3,7.5,8.2,9.0,8.0,5.4,7.3,7.4,6.7,6,4,3,3,4,0,7.87,8.81,7.84,8.48,2.4,16.2
11.9,12.4,13.1,12.5,4.7,6.5,3.3,5.5,5.0,5.3,5.8,5.4,4.7,5.7,5.5,4.8,4.5,3.9,5.6,12,4,1,3,5,0,4.97,5.35,5.03,5.63,4.8,11.8
14.7,15.8,15.3,15.3,7.8,6.8,7.3,7.5,7.7,8.6,7.9,6.8,7.7,7.5,7.6,7.1,7.1,8.4,7.3,8,4,2,3,4,2,7.34,8.08,7.24,7.58,3.2,14.7
17.1,19.0,19.0,18.4,9.2,7.9,8.9,8.9,9.4,8.4,7.1,8.2,7.1,7.5,8.9,8.0,8.2,8.3,6.2,14,4,4,3,4,0,8.71,8.31,7.62,8.23,5.6,18.1
9.4,10.9,10.4,10.2,3.8,3.7,5.2,3.6,4.7,4.7,4.0,3.4,3.7,3.0,4.1,4.2,3.7,3.8,4.8,6,4,2,1,5,0,4.09,4.46,3.59,3.57,2.4,10.3
9.6,10.8,11.7,10.7,4.3,4.9,3.9,5.1,5.4,5.1,5.3,3.1,5.6,4.2,4.0,4.3,5.1,5.7,4.3,13,3,2,0,3,1,4.57,5.26,4.36,4.15,5.2,10.2
9.0,9.0,9.0,9.0,4.8,4.0,3.8,3.0,3.1,4.5,4.7,2.0,3.0,3.0,3.0,3.9,2.0,4.3,2.9,7,5,5,1,1,0,3.89,4.09,2.5,3.0,2.8,9.0
12.6,12.4,11.4,12.1,5.1,6.7,5.8,6.1,5.4,6.5,6.8,6.3,7.3,6.2,6.2,4.0,4.2,3.6,3.1,15,4,1,1,1,2,5.91,6.23,6.81,6.17,6.0,13.0
13.2,15.1,16.3,14.9,6.0,7.2,7.5,7.5,8.3,7.5,8.2,7.1,8.5,7.3,6.0,4.0,3.1,5.4,4.7,12,5,2,0,3,0,7.04,8.01,7.77,6.65,4.8,15.3
16.7,19.0,19.0,18.2,9.1,8.6,10.0,8.9,9.5,10.0,8.8,8.3,8.4,9.2,9.9,7.1,5.8,6.0,5.9,15,5,3,1,3,1,9.15,9.42,8.32,9.58,6.0,18.5
11.3,11.8,13.3,12.1,6.3,6.8,5.6,6.4,7.8,7.3,6.9,7.2,7.0,6.2,6.9,6.0,5.8,6.4,5.7,2,1,4,3,2,0,6.25,7.34,7.14,6.55,0.8,12.3
16.7,17.5,18.1,17.4,8.2,8.8,9.1,8.9,8.5,9.4,9.9,10.0,8.9,8.9,9.8,5.4,3.2,2.0,4.1,10,3,5,0,3,0,8.74,9.27,9.47,9.35,4.0,17.8
10.9,11.4,12.6,11.6,4.9,5.6,4.8,5.0,4.2,3.4,3.4,4.2,5.4,5.3,3.3,5.1,5.5,8.0,5.8,3,4,5,0,2,0,5.06,3.67,4.8,4.29,1.2,10.9
9.0,9.1,10.2,9.4,4.1,4.3,4.7,3.6,3.0,3.0,3.7,3.6,4.7,4.2,4.8,6.3,5.2,8.3,6.7,6,4,4,2,5,2,4.19,3.22,4.18,4.5,2.4,9.0
13.4,12.8,13.7,13.3,6.0,6.9,6.5,5.3,6.1,6.7,5.8,6.9,5.3,6.4,8.0,5.5,7.4,6.5,7.3,7,4,1,1,2,2,6.18,6.18,6.08,7.18,2.8,12.5
13.6,13.3,14.6,13.8,6.2,7.5,7.3,8.3,7.9,7.2,7.4,5.9,7.5,6.7,6.2,2.7,4.9,2.0,2.4,9,4,0,4,4,0,7.33,7.48,6.7,6.4,3.6,14.0
12.3,12.3,12.0,12.2,7.1,7.3,6.2,7.4,6.1,6.0,7.4,6.7,6.3,6.0,7.0,6.8,8.6,6.1,7.2,5,3,2,0,4,2,6.98,6.49,6.47,6.5,2.0,12.6
9.0,9.0,9.6,9.2,3.9,3.5,3.6,3.0,3.9,3.5,2.9,3.9,3.5,3.0,3.4,5.2,4.0,2.5,3.7,10,3,1,2,4,1,3.49,3.45,3.68,3.2,4.0,9.0
10.8,12.5,13.3,12.2,6.3,5.5,6.1,6.8,6.2,7.6,4.5,7.0,5.8,6.0,5.3,8.3,8.1,7.8,6.0,10,2,3,4,2,2,6.18,6.1,6.38,5.64,4.0,12.5
9.3,9.3,11.8,10.1,5.8,4.8,5.0,4.2,4.8,5.1,4.2,2.8,5.9,5.1,4.9,5.4,5.4,7.6,7.4,7,4,3,2,3,2,4.96,4.71,4.37,4.98,2.8,9.7
14.5,14.4,15.6,14.8,6.8,7.0,7.2,7.7,6.6,6.6,8.2,6.8,8.3,7.3,8.1,5.7,6.2,3.7,3.8,10,4,0,4,2,0,7.18,7.14,7.58,7.72,4.0,14.9
13.0,13.3,12.9,13.1,6.0,6.7,7.3,7.3,7.1,7.0,7.5,6.3,6.5,6.1,6.6,3.0,5.6,6.0,5.5,10,3,4,1,3,1,6.81,7.19,6.36,6.37,4.0,13.2
11.0,12.1,11.1,11.4,4.6,5.5,5.1,4.9,3.0,4.4,5.4,5.2,4.0,6.3,5.9,6.2,4.8,6.1,7.5,7,4,1,2,3,1,5.03,4.29,4.6,6.12,2.8,10.2
10.3,12.4,13.4,12.0,5.7,6.6,6.5,5.2,5.6,5.4,5.5,6.2,5.4,6.0,4.6,2.6,4.2,4.0,2.2,11,2,2,0,4,0,6.0,5.5,5.79,5.26,4.4,11.9
11.6,9.0,12.3,11.0,5.1,4.9,4.9,4.4,3.6,4.6,3.9,6.3,5.3,3.9,3.9,7.2,6.2,6.5,6.8,10,2,3,2,4,0,4.83,4.03,5.76,3.9,4.0,10.4
9.3,11.6,11.7,10.9,6.2,6.6,5.2,5.8,7.4,6.0,6.8,6.0,6.6,6.1,6.5,4.3,5.1,4.2,3.8,4,4,2,2,4,2,5.95,6.74,6.28,6.3,1.6,11.3
16.1,15.7,16.5,16.1,8.2,9.1,8.8,7.4,8.6,6.9,7.3,7.5,8.9,8.0,8.0,8.6,7.9,8.4,7.9,12,3,2,4,4,2,8.37,7.58,8.21,7.98,4.8,16.2
9.0,9.3,9.5,9.3,4.1,5.2,4.4,5.0,5.4,4.9,6.8,6.1,5.7,6.2,4.5,2.9,3.3,4.1,3.5,7,4,0,1,3,1,4.67,5.69,5.85,5.37,2.8,10.1
14.2,14.6,14.0,14.3,8.3,9.1,6.8,6.8,8.5,6.8,7.7,7.5,8.0,6.5,7.8,4.4,6.1,3.7,4.4,6,5,2,5,5,2,7.72,7.66,7.78,7.15,2.4,14.0
9.0,10.5,11.2,10.2,5.6,6.1,5.3,6.2,4.9,3.4,5.2,6.8,6.0,6.4,6.1,2.7,2.7,5.1,2.6,5,5,4,1,3,2,5.8,4.52,6.41,6.23,2.0,10.4
9.1,14.5,11.6,11.7,6.1,4.1,6.3,6.4,6.7,7.0,4.8,5.6,4.2,6.3,5.9,2.7,3.4,6.6,5.2,10,3,5,0,4,0,5.7,6.16,4.88,6.1,4.0,12.3
12.4,12.7,14.9,13.3,6.6,6.9,4.8,5.9,7.1,7.2,6.3,5.3,6.2,5.9,6.3,4.3,3.3,4.2,5.2,9,4,2,3,5,0,6.06,6.85,5.74,6.08,3.6,12.8
10.9,11.3,11.7,11.3,5.3,5.2,7.1,5.1,4.8,4.6,4.8,3.7,5.8,4.8,5.4,9.3,8.3,9.7,7.5,8,4,2,1,4,0,5.68,4.72,4.77,5.06,3.2,11.5
13.3,13.8,13.3,13.5,6.1,6.6,6.4,6.0,6.6,5.7,6.6,4.3,5.6,4.9,5.4,7.6,4.3,5.0,4.1,11,4,3,3,3,0,6.27,6.28,4.95,5.15,4.4,12.7
11.2,11.6,12.4,11.7,5.0,5.2,4.9,5.0,3.8,3.8,4.9,5.3,5.1,4.6,6.1,6.3,4.8,5.8,7.8,13,4,5,4,4,0,5.02,4.15,5.2,5.35,5.2,11.6
16.2,16.4,18.8,17.1,9.9,9.4,9.4,9.5,8.8,10.0,8.9,10.0,9.2,9.4,8.9,6.5,4.8,4.8,4.7,9,3,2,0,2,1,9.54,9.22,9.6,9.15,3.6,17.4
11.9,12.1,13.6,12.5,7.5,5.7,6.8,7.1,6.1,8.1,8.1,8.2,5.7,7.0,8.0,4.3,4.1,5.7,2.0,5,3,2,1,1,2,6.75,7.4,6.97,7.52,2.0,12.9
14.3,11.3,11.2,12.3,5.6,5.3,5.8,5.8,5.0,5.6,5.5,6.2,5.4,6.2,5.5,6.2,4.6,5.0,6.2,10,4,4,2,2,2,5.62,5.36,5.78,5.84,4.0,11.6
11.7,13.7,13.9,13.1,7.3,6.2,7.3,6.0,6.0,7.6,7.4,7.9,7.1,6.3,5.9,6.6,5.7,7.6,5.8,7,4,3,1,3,1,6.69,7.02,7.47,6.08,2.8,13.1
12.3,13.4,13.7,13.1,6.3,5.9,6.7,6.9,7.3,6.5,5.8,5.8,5.8,5.0,7.3,4.4,6.3,3.6,5.2,9,3,1,4,4,2,6.46,6.54,5.81,6.12,3.6,12.3
11.5,12.3,11.4,11.7,7.2,6.6,6.2,6.8,6.0,5.1,6.5,5.1,6.0,6.2,6.3,7.8,6.4,6.8,6.8,5,2,3,1,5,1,6.69,5.84,5.55,6.21,2.0,11.6
14.3,14.8,15.4,14.8,6.9,8.6,7.3,6.9,7.7,7.1,7.7,8.2,6.7,7.6,8.0,4.1,4.4,5.8,5.3,8,4,1,4,3,2,7.43,7.49,7.43,7.82,3.2,14.3
14.8,15.8,15.5,15.4,8.9,7.9,7.5,7.7,7.2,7.7,6.1,8.0,8.5,7.8,8.5,5.2,4.9,4.9,6.7,5,3,3,0,5,0,8.0,7.02,8.27,8.15,2.0,14.8
10.9,12.3,12.3,11.8,5.7,4.9,5.6,6.2,4.2,5.3,7.3,5.8,5.5,5.5,5.9,6.7,6.4,6.4,5.6,7,3,3,0,5,0,5.57,5.63,5.63,5.71,2.8,11.7
9.0,10.1,10.9,10.0,4.6,5.9,6.4,5.5,5.9,5.5,6.7,6.0,6.8,5.7,5.2,5.8,5.6,6.1,4.4,6,2,4,2,5,2,5.63,5.99,6.39,5.47,2.4,10.9
13.4,13.5,14.0,13.6,6.2,6.9,6.5,6.8,4.6,6.0,5.8,6.4,7.3,7.1,6.8,5.0,7.0,7.7,6.0,11,3,2,4,5,0,6.61,5.45,6.84,6.96,4.4,13.7
9.7,9.7,11.1,10.2,3.0,3.0,3.0,4.7,3.0,3.0,2.2,4.2,3.0,3.3,3.0,5.5,5.2,6.2,7.1,8,4,2,4,3,1,3.43,2.72,3.6,3.18,3.2,10.2
10.3,11.8,10.9,11.0,4.8,4.1,4.7,3.7,3.1,4.3,4.5,5.4,3.4,4.0,4.7,8.1,5.0,5.5,5.5,9,3,1,1,2,0,4.33,3.97,4.41,4.34,3.6,10.7
15.5,14.5,15.1,15.0,8.1,8.6,8.7,7.6,10.0,7.7,8.6,9.0,6.9,8.2,7.0,4.2,4.3,2.5,2.4,11,1,4,3,4,1,8.23,8.77,7.96,7.62,4.4,15.4
16.2,16.3,16.8,16.4,8.7,8.4,9.0,9.2,9.7,8.4,9.3,9.7,7.8,8.8,9.3,4.6,3.2,3.3,3.7,13,2,1,1,4,2,8.8,9.11,8.76,9.06,5.2,17.1
12.9,14.2,14.7,13.9,4.8,6.6,5.9,6.6,6.2,5.1,6.3,6.6,5.0,7.3,5.7,6.9,8.7,7.2,6.3,14,3,2,1,5,0,5.97,5.86,5.81,6.48,5.6,14.0
15.8,17.1,16.3,16.4,7.0,7.3,8.2,7.2,8.4,8.1,7.8,6.9,8.5,7.2,8.5,7.9,5.3,6.6,7.7,11,4,1,1,5,2,7.42,8.1,7.71,7.88,4.4,15.4
13.7,15.2,14.9,14.6,5.3,7.3,7.6,8.0,6.3,5.3,8.1,7.6,7.1,7.0,7.4,5.6,4.8,5.4,3.1,12,2,4,2,4,0,7.04,6.57,7.35,7.18,4.8,14.5
16.7,18.6,19.0,18.1,8.4,8.9,9.0,8.6,9.9,10.0,10.0,8.2,9.8,9.2,9.7,7.2,7.6,5.7,7.8,5,4,2,3,3,0,8.7,9.96,9.03,9.42,2.0,17.7
15.5,15.6,15.7,15.6,8.7,7.9,8.5,8.7,8.3,9.3,7.3,9.1,6.4,8.9,8.5,4.5,6.1,4.7,5.1,9,2,2,3,3,0,8.43,8.32,7.77,8.73,3.6,16.6
12.5,13.0,13.2,12.9,6.9,6.8,5.6,5.9,6.5,6.1,7.4,5.2,5.3,7.7,5.6,5.7,6.8,6.1,6.7,8,3,2,0,1,1,6.3,6.66,5.29,6.64,3.2,12.4
9.3,9.0,9.0,9.1,5.4,4.8,4.1,6.3,6.1,3.0,6.4,5.3,5.8,5.4,6.2,4.3,3.3,2.5,3.0,4,3,4,0,4,0,5.14,5.15,5.55,5.79,1.6,10.0
10.7,9.7,9.4,9.9,3.4,5.3,3.7,5.5,4.7,3.8,6.6,3.3,4.3,4.1,5.5,4.4,4.1,4.6,6.6,7,2,3,0,4,1,4.46,5.03,3.82,4.82,2.8,9.0
12.8,11.8,13.9,12.8,6.8,6.5,7.4,6.3,7.0,6.8,5.9,7.3,6.7,6.8,7.1,4.8,5.2,7.4,4.2,5,4,3,1,5,0,6.74,6.57,7.0,6.96,2.0,13.2
11.0,12.4,13.1,12.2,5.4,5.5,6.0,5.0,4.0,4.6,5.6,5.3,5.8,3.7,6.5,5.8,6.7,7.3,9.0,15,4,4,2,4,0,5.47,4.72,5.58,5.09,6.0,12.7
9.0,9.0,9.0,9.0,3.6,5.0,4.7,5.0,3.6,4.0,2.7,2.9,5.7,4.9,4.0,8.4,8.4,8.2,9.8,8,5,5,3,5,1,4.57,3.42,4.3,4.43,3.2,9.4
12.0,11.0,12.2,11.7,6.6,4.5,6.0,5.3,5.4,6.8,6.0,5.9,5.4,5.6,5.0,4.3,6.9,5.9,6.1,8,2,2,2,4,0,5.6,6.05,5.63,5.3,3.2,11.8
9.3,9.1,10.9,9.8,5.5,3.6,5.2,4.8,5.0,5.4,4.4,4.4,4.9,5.2,4.9,6.0,4.4,3.5,2.9,10,2,5,3,5,0,4.81,4.93,4.65,5.04,4.0,10.4
16.8,17.9,18.5,17.7,8.9,8.0,8.6,9.0,8.1,8.3,10.0,9.8,9.2,8.5,9.3,6.6,6.9,6.9,7.2,7,3,0,3,2,0,8.62,8.81,9.5,8.93,2.8,17.3
15.9,15.5,14.8,15.4,7.8,8.7,8.1,6.5,9.8,6.5,7.2,7.8,9.7,7.6,7.5,7.9,8.8,8.6,7.3,9,4,2,4,5,1,7.79,7.83,8.78,7.55,3.6,15.4
13.7,12.7,14.8,13.7,6.6,6.1,7.0,6.5,7.7,6.2,5.1,6.8,4.8,6.2,6.9,6.8,5.9,7.4,7.4,10,3,4,2,4,1,6.57,6.35,5.83,6.53,4.0,13.1
16.4,17.5,15.9,16.6,7.3,10.0,9.2,8.2,9.2,8.5,8.3,7.9,9.3,9.4,8.9,5.6,3.9,4.6,3.7,11,3,2,1,3,0,8.69,8.7,8.56,9.18,4.4,17.4
11.7,11.8,12.0,11.8,6.4,6.2,7.4,6.3,6.7,7.0,5.0,6.1,6.5,6.4,5.9,8.4,6.8,9.1,7.3,3,3,2,2,3,0,6.6,6.24,6.3,6.13,1.2,12.5
11.7,12.4,12.7,12.3,4.7,5.3,5.7,6.2,5.0,4.8,5.8,4.8,5.7,6.7,5.6,8.1,7.0,7.9,6.4,10,2,2,2,5,0,5.5,5.21,5.23,6.12,4.0,12.1
17.9,17.0,17.8,17.6,8.1,9.9,9.0,7.9,8.0,9.2,7.1,9.6,8.3,9.1,9.4,3.8,3.4,3.8,3.5,9,5,3,2,1,0,8.72,8.12,8.91,9.24,3.6,17.1
13.4,17.1,16.7,15.7,7.1,8.7,8.1,7.9,7.4,8.9,7.3,8.8,7.3,6.4,7.4,6.3,6.1,8.8,7.3,8,4,2,1,4,2,7.94,7.85,8.04,6.92,3.2,15.0
10.0,11.6,10.8,10.8,6.2,6.4,4.9,4.7,5.2,5.6,3.3,4.2,5.5,4.9,5.8,8.3,7.0,7.8,8.0,4,4,3,1,3,1,5.57,4.68,4.87,5.3,1.6,10.1
12.2,13.4,13.0,12.9,6.7,7.1,5.6,6.0,5.2,6.2,6.0,7.2,8.7,5.8,5.4,7.2,9.9,6.9,9.0,8,4,4,0,4,1,6.33,5.79,7.94,5.56,3.2,12.6
9.5,11.2,11.8,10.8,4.8,5.9,5.1,5.7,5.5,5.0,6.5,3.2,5.8,3.7,5.5,5.9,3.1,7.6,4.1,8,4,3,0,5,0,5.38,5.67,4.53,4.58,3.2,10.9
9.7,9.4,9.0,9.4,4.8,4.8,3.9,4.7,4.3,4.1,4.7,3.4,3.7,5.5,3.6,5.9,5.3,7.5,6.5,4,2,1,2,3,1,4.56,4.39,3.55,4.58,1.6,9.0
