phys_grade_t1,phys_grade_t2,phys_grade_t3,phys_avg_grade,phys_trend,mechanics,electricity,chemistry_general,chemistry_esterification,chemistry_acid_base,nuclear,waves_oscillations,problem_solving,graph_interpretation,bac_exams_practiced,tp_practice,physics_anxiety,formula_mastery,mechanics_block,electricity_block,chemistry_block,nuclear_block,waves_block,imbalance_score,practice_intensity,psychological_composite,stream,bac_score_physics
10.2,12.4,11.9,11.8,1.7,5.7,10.0,5.7,6.0,5.5,7.6,5.6,5.5,8.6,10,4,7.2,7.0,5.7,10.0,5.7,7.6,5.6,2.92,3.3,4.9,Sciences,14.4
19.1,19.5,19.5,19.0,0.4,7.8,8.4,6.0,8.4,2.2,5.7,5.0,7.8,8.9,13,2,4.6,5.3,7.8,8.4,5.5,5.7,5.0,1.82,4.3,5.4,Maths,19.3
14.9,16.1,13.0,13.7,-1.9,6.2,5.9,4.8,4.5,4.9,6.6,4.9,6.1,7.2,7,0,6.6,2.6,6.2,5.9,4.7,6.6,4.9,0.53,2.3,3.0,Technique,15.2
10.0,9.6,11.1,11.2,1.1,8.7,8.7,5.0,7.3,8.0,5.2,3.9,5.3,6.5,9,2,3.6,7.0,8.7,8.7,6.8,5.2,3.9,3.62,3.0,6.7,Sciences,15.1
16.2,13.5,13.3,14.1,-2.9,6.1,5.5,6.2,9.0,6.6,4.9,9.2,7.8,7.0,11,4,3.6,7.6,6.1,5.5,7.3,4.9,9.2,2.31,3.7,7.0,Sciences,17.1
12.4,13.5,12.6,12.2,0.2,5.1,3.8,4.6,5.4,4.5,3.8,2.0,5.5,5.8,9,4,7.5,3.7,5.1,3.8,4.8,3.8,2.0,1.19,3.0,3.1,Sciences,10.8
13.9,13.1,14.3,13.4,0.4,6.7,5.5,6.2,4.7,7.4,6.5,10.0,7.3,6.6,8,2,4.4,3.8,6.7,5.5,6.1,6.5,10.0,2.48,2.7,4.7,Sciences,13.0
12.4,12.7,12.3,11.9,-0.1,8.0,6.5,5.0,6.3,6.0,6.4,4.5,7.7,8.9,18,1,5.8,7.4,8.0,6.5,5.8,6.4,4.5,1.29,6.0,5.8,Sciences,15.0
15.3,15.3,16.4,15.1,1.1,6.4,6.1,6.8,5.1,3.0,7.4,5.6,7.9,10.0,3,5,3.3,9.4,6.4,6.1,5.0,7.4,5.6,0.66,1.0,8.0,Sciences,15.1
8.0,11.4,9.2,9.5,1.2,3.6,6.0,6.3,4.2,3.2,5.8,3.7,4.7,6.2,11,3,3.5,4.9,3.6,6.0,4.6,5.8,3.7,1.02,3.7,5.7,Sciences,12.4
13.7,14.0,15.5,15.0,1.8,6.4,7.0,5.4,6.9,6.5,2.9,3.9,7.2,3.3,8,1,7.2,4.6,6.4,7.0,6.3,2.9,3.9,2.55,2.7,3.7,Sciences,14.1
13.0,14.3,13.1,13.2,0.1,9.6,9.3,6.0,6.7,6.8,10.0,4.4,8.5,6.0,11,3,6.5,7.4,9.6,9.3,6.5,10.0,4.4,4.69,3.7,5.4,Lettres,18.1
13.9,17.1,16.1,15.5,2.2,8.7,8.4,7.7,9.1,9.4,7.5,7.2,6.6,10.0,8,3,3.2,8.3,8.7,8.4,8.7,7.5,7.2,0.4,2.7,7.6,Maths,19.4
14.6,13.1,14.7,14.0,0.1,6.4,5.4,5.3,4.8,4.4,6.0,2.2,5.5,6.9,12,1,3.7,5.1,6.4,5.4,4.8,6.0,2.2,2.2,4.0,5.7,Sciences,12.5
13.4,13.4,13.5,12.7,0.1,4.8,7.5,6.0,5.0,5.1,4.6,5.5,4.1,6.5,10,2,2.4,9.2,4.8,7.5,5.4,4.6,5.5,1.06,3.3,8.4,Technique,12.8
14.7,15.2,15.5,16.1,0.8,6.1,6.6,9.3,5.8,5.4,8.2,2.0,8.2,6.9,14,4,8.2,8.3,6.1,6.6,6.8,8.2,2.0,4.38,4.7,5.1,Lettres,17.3
11.5,12.6,12.2,12.6,0.7,5.7,3.6,5.4,3.4,4.3,3.1,5.0,6.4,3.9,7,1,7.0,4.8,5.7,3.6,4.4,3.1,5.0,0.87,2.3,3.9,Technique,11.2
11.5,11.3,11.2,11.5,-0.3,2.5,5.9,3.1,5.3,2.0,4.9,5.2,6.2,6.8,2,3,7.0,2.0,2.5,5.9,3.5,4.9,5.2,1.52,0.7,2.5,Sciences,7.0
17.5,14.7,17.0,16.9,-0.5,8.9,9.4,5.9,10.0,6.3,3.1,3.5,7.3,6.2,11,0,4.0,9.1,8.9,9.4,7.4,3.1,3.5,7.11,3.7,7.6,Technique,18.1
10.6,13.0,13.0,12.6,2.4,5.6,5.6,4.9,5.4,5.9,6.7,6.3,7.1,7.4,10,5,2.4,8.1,5.6,5.6,5.4,6.7,6.3,0.25,3.3,7.8,Gestion,14.3
16.0,14.9,15.7,14.8,-0.3,7.0,6.5,4.3,5.2,6.0,4.1,5.4,8.1,4.8,0,2,6.6,5.8,7.0,6.5,5.2,4.1,5.4,1.05,0.0,4.6,Gestion,15.4
10.3,11.5,9.8,10.2,-0.5,3.8,5.1,7.1,4.5,8.9,5.8,7.7,5.1,5.7,11,4,9.8,6.4,3.8,5.1,6.8,5.8,7.7,1.83,3.7,3.3,Technique,13.0
15.1,16.4,14.8,15.8,-0.3,7.8,8.7,4.3,6.2,10.0,9.1,4.5,6.7,9.0,23,3,2.9,6.9,7.8,8.7,6.8,9.1,4.5,2.69,7.7,7.0,Lettres,19.3
9.5,13.9,13.8,11.8,4.3,3.4,7.1,5.3,7.0,3.4,5.7,9.2,3.9,4.6,7,1,10.0,5.8,3.4,7.1,5.2,5.7,9.2,3.76,2.3,2.9,Lettres,8.9
12.2,13.2,12.5,13.1,0.3,3.4,7.3,4.6,4.6,2.6,7.4,2.0,5.7,5.6,7,2,5.9,4.2,3.4,7.3,3.9,7.4,2.0,4.71,2.3,4.2,Technique,13.5
8.7,9.6,10.7,9.7,2.0,4.7,5.3,3.1,2.9,3.7,5.5,2.9,2.9,4.2,2,0,10.0,2.4,4.7,5.3,3.2,5.5,2.9,1.14,0.7,1.2,Maths,6.1
12.5,12.2,12.7,12.4,0.2,8.4,7.4,4.5,3.8,6.2,4.5,2.0,5.2,4.2,11,3,6.7,7.3,8.4,7.4,4.8,4.5,2.0,5.14,3.7,5.3,Technique,13.3
13.7,14.4,15.3,14.8,1.6,8.0,6.5,8.2,6.3,4.5,6.5,8.4,7.5,4.1,7,2,6.5,7.6,8.0,6.5,6.3,6.5,8.4,0.76,2.3,5.6,Gestion,13.9
11.8,10.4,12.7,12.4,0.9,7.1,7.6,5.8,5.5,4.3,2.4,4.4,5.9,7.0,11,2,9.6,5.0,7.1,7.6,5.2,2.4,4.4,3.55,3.7,2.7,Sciences,12.9
12.9,11.6,11.8,11.8,-1.1,5.7,7.2,6.9,3.8,8.0,4.2,4.5,6.4,5.4,7,3,7.7,4.5,5.7,7.2,6.2,4.2,4.5,1.23,2.3,3.4,Lettres,12.9
13.6,13.0,15.6,14.9,2.0,7.9,8.7,8.2,4.7,5.7,8.0,6.0,5.9,7.5,17,2,6.4,8.1,7.9,8.7,6.2,8.0,6.0,1.14,5.7,5.8,Sciences,14.8
8.7,10.6,10.1,10.2,1.4,7.7,5.5,5.9,7.8,6.5,4.6,4.8,5.1,7.5,15,3,2.9,4.5,7.7,5.5,6.7,4.6,4.8,1.4,5.0,5.8,Maths,12.6
12.5,12.7,15.0,13.8,2.5,6.7,4.3,4.3,5.9,4.4,2.4,3.9,6.7,7.9,7,3,3.3,6.1,6.7,4.3,4.9,2.4,3.9,1.95,2.3,6.4,Lettres,13.9
9.4,9.1,10.7,9.9,1.3,4.1,6.9,4.9,5.2,5.0,8.1,2.2,5.6,3.2,6,1,7.7,5.3,4.1,6.9,5.0,8.1,2.2,4.3,2.0,3.8,Sciences,11.0
15.3,14.2,15.6,14.8,0.3,5.7,6.8,4.8,5.8,5.2,6.3,5.2,7.2,5.1,8,1,8.8,3.4,5.7,6.8,5.3,6.3,5.2,0.38,2.7,2.3,Maths,13.3
14.9,12.9,13.0,13.1,-1.9,9.0,6.4,5.5,8.2,5.0,7.0,5.9,8.3,7.2,9,0,6.0,6.5,9.0,6.4,6.2,7.0,5.9,1.22,3.0,5.2,Sciences,14.7
13.3,14.0,14.1,14.0,0.8,6.9,6.7,6.3,4.6,7.9,4.2,6.5,5.8,7.4,5,2,4.5,6.5,6.9,6.7,6.3,4.2,6.5,0.96,1.7,6.0,Maths,15.3
11.8,14.4,12.7,13.4,0.9,2.1,9.6,5.7,5.1,3.6,5.8,8.4,7.3,9.2,3,3,2.9,6.5,2.1,9.6,4.8,5.8,8.4,7.06,1.0,6.8,Sciences,13.3
8.0,8.2,8.7,8.7,0.7,3.8,4.9,5.9,4.9,5.6,5.3,2.0,4.1,4.3,12,0,5.4,5.7,3.8,4.9,5.5,5.3,2.0,1.65,4.0,5.2,Maths,11.3
11.7,13.4,12.5,13.0,0.8,6.6,6.1,7.4,3.7,5.8,4.6,5.3,9.7,8.4,14,4,5.6,10.0,6.6,6.1,5.6,4.6,5.3,0.47,4.7,7.2,Maths,15.8
16.1,19.0,17.9,16.5,1.8,9.0,7.7,6.8,5.3,7.3,6.1,7.8,6.3,7.6,15,1,3.4,8.7,9.0,7.7,6.5,6.1,7.8,1.07,5.0,7.6,Lettres,17.3
13.6,15.5,15.5,15.2,1.9,6.7,8.6,7.1,7.8,5.7,3.4,5.1,7.7,4.3,9,0,3.8,6.4,6.7,8.6,6.9,3.4,5.1,3.1,3.0,6.3,Lettres,15.5
13.7,14.9,15.5,15.1,1.8,8.9,10.0,6.1,7.8,7.9,5.7,2.0,5.8,6.2,19,4,5.0,6.9,8.9,10.0,7.3,5.7,2.0,7.82,6.3,6.0,Sciences,16.9
13.9,13.3,14.1,14.0,0.2,7.8,9.3,9.7,8.8,5.9,8.6,3.8,7.9,8.1,12,0,6.8,10.0,7.8,9.3,8.1,8.6,3.8,3.73,4.0,6.6,Gestion,19.8
15.0,16.0,16.7,16.2,1.7,5.4,6.3,6.4,6.0,8.7,5.3,6.4,9.7,4.9,15,4,5.9,8.4,5.4,6.3,7.0,5.3,6.4,0.43,5.0,6.2,Sciences,18.2
13.7,12.9,16.0,13.7,2.3,5.6,8.8,7.5,4.9,5.6,8.5,5.4,5.0,3.1,1,3,6.7,3.8,5.6,8.8,6.0,8.5,5.4,2.18,0.3,3.6,Sciences,13.0
8.4,9.6,9.5,9.4,1.1,4.7,4.2,2.0,2.0,2.0,2.0,4.9,7.2,2.0,2,2,8.5,6.1,4.7,4.2,2.0,2.0,4.9,1.67,0.7,3.8,Sciences,6.7
15.4,14.7,14.4,14.6,-1.0,6.6,5.2,5.2,7.0,6.7,4.9,3.5,6.1,6.4,7,1,7.2,7.9,6.6,5.2,6.3,4.9,3.5,1.22,2.3,5.4,Lettres,13.1
13.1,10.5,13.1,12.4,0.0,5.2,5.4,5.8,7.7,5.7,4.6,5.6,7.9,5.8,8,3,5.5,8.9,5.2,5.4,6.4,4.6,5.6,0.34,2.7,6.7,Lettres,14.7
8.0,8.6,8.0,8.6,0.0,3.8,5.3,4.4,5.7,2.0,3.5,2.0,4.8,3.5,0,3,7.4,3.8,3.8,5.3,4.0,3.5,2.0,1.12,0.0,3.2,Sciences,6.8
8.0,9.0,8.4,8.0,0.4,8.2,5.1,5.7,6.9,4.9,6.5,4.4,5.3,4.0,8,0,8.9,4.1,8.2,5.1,5.8,6.5,4.4,1.7,2.7,2.6,Sciences,8.4
12.0,12.7,13.1,13.1,1.1,4.1,6.1,3.4,5.7,6.6,3.2,4.6,3.6,3.5,11,3,6.4,3.8,4.1,6.1,5.2,3.2,4.6,0.97,3.7,3.7,Sciences,11.1
13.7,13.7,13.8,14.3,0.1,7.9,8.7,4.8,8.6,8.2,5.1,3.8,6.1,6.0,6,3,3.4,6.9,7.9,8.7,7.2,5.1,3.8,3.31,2.0,6.8,Technique,15.4
12.0,8.9,10.8,10.1,-1.2,3.7,5.3,3.8,5.4,5.1,6.5,7.7,7.8,3.5,2,2,8.7,7.1,3.7,5.3,4.8,6.5,7.7,1.92,0.7,4.2,Technique,13.3
9.3,8.0,10.0,9.7,0.7,7.3,7.9,7.6,2.8,5.7,5.4,2.0,5.5,7.6,4,1,3.0,4.9,7.3,7.9,5.4,5.4,2.0,4.25,1.3,6.0,Sciences,12.7
10.1,11.8,10.0,11.1,-0.1,5.0,5.5,6.1,6.8,5.6,5.5,4.5,6.2,8.3,10,3,9.0,5.5,5.0,5.5,6.2,5.5,4.5,0.31,3.3,3.2,Gestion,12.7
14.5,14.3,14.3,14.5,-0.2,7.2,9.4,4.5,3.2,8.2,4.0,3.6,4.4,3.1,6,3,6.8,2.6,7.2,9.4,5.3,4.0,3.6,4.64,2.0,2.9,Maths,14.3
14.4,14.9,12.2,14.2,-2.2,5.9,8.3,6.3,6.9,5.4,6.2,8.9,6.5,6.4,10,1,3.3,9.2,5.9,8.3,6.2,6.2,8.9,1.55,3.3,8.0,Lettres,17.0
9.8,13.1,12.2,11.7,2.4,6.8,5.3,7.7,7.2,5.1,7.3,6.1,7.8,5.6,3,1,6.1,3.3,6.8,5.3,6.7,7.3,6.1,0.47,1.0,3.6,Technique,13.7
10.2,11.4,11.1,10.6,0.9,4.8,3.4,5.1,5.9,4.1,2.5,3.5,4.1,5.5,16,3,5.7,6.3,4.8,3.4,5.0,2.5,3.5,0.89,5.3,5.3,Maths,12.2
10.5,11.0,11.2,11.5,0.7,5.7,7.6,5.6,9.3,3.7,4.4,4.5,7.3,7.7,8,2,7.4,6.4,5.7,7.6,6.2,4.4,4.5,1.4,2.7,4.5,Gestion,14.0
9.0,10.4,11.0,10.3,2.0,7.3,6.2,5.1,3.0,6.4,2.7,8.5,6.7,5.7,14,4,7.2,6.2,7.3,6.2,4.8,2.7,8.5,4.04,4.7,4.5,Gestion,14.5
11.6,10.5,10.4,11.1,-1.2,6.0,6.3,4.5,5.7,8.2,6.4,3.3,6.0,6.1,10,1,6.8,6.1,6.0,6.3,6.1,6.4,3.3,1.37,3.3,4.6,Sciences,13.8
13.3,13.4,13.5,14.0,0.2,8.6,9.1,9.2,7.1,6.8,8.8,2.8,7.4,10.0,11,1,5.8,5.4,8.6,9.1,7.7,8.8,2.8,5.51,3.7,4.8,Maths,18.9
12.4,14.5,14.8,14.2,2.4,6.4,7.9,8.6,3.8,4.5,5.3,5.6,5.7,6.1,8,5,5.7,5.5,6.4,7.9,5.6,5.3,5.6,0.88,2.7,4.9,Lettres,14.1
11.3,12.9,13.3,13.6,2.0,7.1,8.6,5.0,4.5,6.5,4.3,5.9,6.3,9.1,6,0,8.6,8.0,7.1,8.6,5.3,4.3,5.9,2.2,2.0,4.7,Sciences,15.5
12.3,10.8,13.0,12.8,0.7,7.7,5.7,8.7,5.1,7.2,4.4,6.6,8.2,7.4,7,1,7.5,8.6,7.7,5.7,7.0,4.4,6.6,1.3,2.3,5.6,Sciences,15.9
16.9,16.4,17.0,17.2,0.1,6.4,8.7,5.6,4.4,5.8,5.3,6.4,6.1,5.7,4,2,4.8,5.5,6.4,8.7,5.3,5.3,6.4,1.56,1.3,5.4,Maths,14.9
13.1,13.6,13.9,13.9,0.8,6.5,7.0,7.9,6.6,8.9,5.9,8.9,9.8,6.2,5,4,6.3,4.2,6.5,7.0,7.8,5.9,8.9,1.09,1.7,4.0,Gestion,17.6
12.8,14.9,13.5,13.5,0.7,5.0,2.8,7.4,4.2,3.9,6.4,2.0,6.0,5.5,16,3,8.0,4.2,5.0,2.8,5.2,6.4,2.0,2.64,5.3,3.1,Gestion,11.3
14.6,16.1,16.2,16.5,1.6,8.6,5.6,6.3,6.8,5.9,4.9,3.2,6.1,5.1,11,5,5.0,9.5,8.6,5.6,6.3,4.9,3.2,3.14,3.7,7.2,Lettres,15.7
8.5,8.5,8.5,8.0,0.0,4.3,4.4,3.4,4.9,4.4,4.5,4.8,5.4,3.1,10,1,7.6,3.2,4.3,4.4,4.2,4.5,4.8,0.04,3.3,2.8,Technique,6.5
13.7,13.7,13.7,13.9,0.0,5.9,5.7,7.6,7.1,6.8,5.4,3.3,7.6,6.0,5,1,7.7,6.2,5.9,5.7,7.2,5.4,3.3,1.57,1.7,4.2,Sciences,15.3
15.3,15.8,15.0,14.7,-0.3,8.6,7.9,5.7,6.4,7.1,5.4,3.3,5.5,7.9,5,2,4.5,9.4,8.6,7.9,6.4,5.4,3.3,3.53,1.7,7.4,Technique,18.6
12.0,12.5,11.2,11.5,-0.8,6.8,6.6,7.4,6.0,3.6,4.7,8.2,4.6,8.5,3,1,6.8,4.9,6.8,6.6,5.7,4.7,8.2,1.37,1.0,4.1,Gestion,12.8
12.7,14.7,12.7,13.6,0.0,7.0,6.1,6.0,7.2,9.2,5.9,2.0,6.0,5.4,6,2,8.7,5.6,7.0,6.1,7.5,5.9,2.0,3.74,2.0,3.4,Sciences,13.2
10.5,10.2,12.8,11.8,2.3,5.1,5.7,5.0,6.4,5.3,6.9,4.3,4.0,6.7,8,1,10.0,7.2,5.1,5.7,5.6,6.9,4.3,0.72,2.7,3.6,Sciences,13.3
14.0,14.1,14.6,13.9,0.6,6.7,6.0,6.1,9.5,6.8,5.9,5.5,10.0,4.8,10,3,4.1,9.6,6.7,6.0,7.5,5.9,5.5,0.48,3.3,7.8,Sciences,17.1
10.8,12.8,14.2,12.1,3.4,5.2,6.1,3.6,7.0,6.4,3.2,7.1,7.0,7.4,4,2,6.0,4.6,5.2,6.1,5.7,3.2,7.1,1.66,1.3,4.3,Technique,12.5
10.7,12.6,11.8,12.3,1.1,5.9,3.8,5.1,8.3,4.8,7.1,2.0,6.2,3.7,8,0,6.2,8.3,5.9,3.8,6.1,7.1,2.0,3.36,2.7,6.1,Lettres,13.5
8.0,8.6,8.1,8.0,0.1,5.1,3.6,3.8,2.0,4.2,2.5,4.5,4.0,5.7,5,3,8.1,4.2,5.1,3.6,3.3,2.5,4.5,0.83,1.7,3.1,Technique,7.4
11.4,12.1,12.2,12.0,0.8,5.5,3.9,3.2,4.8,3.7,4.9,2.6,4.2,5.0,8,1,8.0,3.6,5.5,3.9,3.9,4.9,2.6,0.98,2.7,2.8,Lettres,9.5
14.2,13.4,15.2,14.1,1.0,6.7,5.9,5.7,5.1,6.2,5.2,5.9,3.4,5.8,14,0,5.4,6.2,6.7,5.9,5.7,5.2,5.9,0.24,4.7,5.4,Sciences,12.8
11.2,9.2,10.6,10.7,-0.6,6.5,4.5,5.1,4.2,4.0,3.9,2.3,2.4,4.4,3,2,5.4,2.9,6.5,4.5,4.4,3.9,2.3,1.81,1.0,3.8,Lettres,8.3
12.7,11.5,11.5,12.1,-1.2,7.2,7.5,5.5,4.4,6.0,4.5,7.7,8.6,4.2,13,0,9.3,6.6,7.2,7.5,5.3,4.5,7.7,1.67,4.3,3.6,Gestion,13.1
9.2,13.3,12.2,10.9,3.0,5.7,7.9,6.4,5.9,3.7,6.0,3.0,7.8,3.9,7,3,7.7,10.0,5.7,7.9,5.3,6.0,3.0,2.46,2.3,6.2,Maths,11.8
12.5,11.1,11.5,11.5,-1.0,4.8,4.8,4.6,2.9,4.4,2.0,2.0,5.3,7.2,1,0,5.5,7.7,4.8,4.8,4.0,2.0,2.0,1.62,0.3,6.1,Lettres,13.1
14.9,14.8,17.6,16.6,2.7,5.5,9.0,7.4,6.3,3.7,7.3,3.5,7.4,6.1,16,0,6.9,5.8,5.5,9.0,5.8,7.3,3.5,3.4,5.3,4.4,Sciences,13.5
12.8,13.1,13.3,12.4,0.5,4.9,4.2,5.0,3.6,3.7,3.0,3.8,5.8,4.7,16,4,10.0,6.9,4.9,4.2,4.1,3.0,3.8,0.38,5.3,3.4,Lettres,9.8
11.4,12.0,11.5,11.2,0.1,7.3,6.4,8.0,4.8,2.0,6.0,6.8,6.9,6.6,10,1,4.9,4.2,7.3,6.4,4.9,6.0,6.8,0.64,3.3,4.6,Lettres,12.9
14.3,15.8,14.8,14.6,0.5,7.3,8.0,10.0,7.1,6.0,6.7,3.2,5.1,7.0,10,1,5.6,5.2,7.3,8.0,7.7,6.7,3.2,3.05,3.3,4.8,Gestion,16.3
15.0,15.2,14.8,14.8,-0.2,7.1,10.0,6.6,7.1,6.1,8.7,3.6,5.2,6.2,10,4,2.2,6.8,7.1,10.0,6.6,8.7,3.6,4.68,3.3,7.3,Technique,18.3
12.4,14.6,14.1,13.8,1.7,5.5,5.7,5.3,7.3,6.0,5.8,6.7,7.8,9.6,6,1,5.9,6.1,5.5,5.7,6.2,5.8,6.7,0.18,2.0,5.1,Sciences,13.5
11.8,15.8,15.1,14.1,3.3,6.5,4.3,5.8,4.4,6.0,4.2,2.6,3.8,7.3,14,3,7.0,3.9,6.5,4.3,5.4,4.2,2.6,1.7,4.7,3.4,Technique,14.2
14.3,13.4,13.8,14.1,-0.5,7.3,8.1,6.6,5.4,7.4,2.6,4.5,5.8,6.1,7,4,4.3,5.3,7.3,8.1,6.5,2.6,4.5,3.98,2.3,5.5,Maths,12.7
11.2,10.5,11.7,11.3,0.5,8.3,5.2,7.7,6.9,9.5,4.7,4.6,5.6,5.3,15,3,5.9,5.6,8.3,5.2,8.0,4.7,4.6,2.72,5.0,4.8,Gestion,13.0
11.8,11.1,11.5,12.1,-0.3,5.6,5.4,4.4,5.8,7.0,2.0,5.0,5.1,7.0,7,0,8.1,8.2,5.6,5.4,5.7,2.0,5.0,1.95,2.3,5.0,Gestion,11.7
8.0,8.0,8.0,8.1,0.0,5.1,3.8,5.4,5.4,4.1,3.5,2.9,5.5,4.0,3,1,8.3,3.0,5.1,3.8,5.0,3.5,2.9,0.73,1.0,2.3,Lettres,9.7
9.9,11.5,10.5,10.2,0.6,4.4,5.5,5.3,7.1,4.6,4.6,3.0,4.9,4.6,4,5,4.4,3.3,4.4,5.5,5.7,4.6,3.0,0.91,1.3,4.4,Sciences,12.2
12.1,14.5,12.7,14.0,0.6,8.8,5.2,6.7,5.0,6.9,4.2,5.5,6.6,8.4,4,1,6.9,6.2,8.8,5.2,6.2,4.2,5.5,2.4,1.3,4.6,Gestion,13.1
9.5,11.5,13.0,11.1,3.5,4.5,7.1,8.0,4.7,3.0,5.4,3.2,6.3,6.0,10,5,7.2,7.8,4.5,7.1,5.2,5.4,3.2,1.62,3.3,5.3,Lettres,13.0
12.5,10.2,11.1,11.8,-1.4,8.1,6.7,5.7,6.7,5.4,5.2,2.6,9.2,5.2,2,5,6.1,7.0,8.1,6.7,5.9,5.2,2.6,3.33,0.7,5.4,Gestion,14.0
11.6,12.0,12.9,12.6,1.3,5.8,5.4,3.3,5.4,5.2,4.8,7.1,4.2,6.0,4,3,8.2,6.3,5.8,5.4,4.6,4.8,7.1,0.78,1.3,4.1,Sciences,13.0
12.7,13.0,15.9,14.7,3.2,6.1,8.1,7.4,7.8,7.0,2.0,6.1,6.7,7.7,15,2,4.6,5.7,6.1,8.1,7.4,2.0,6.1,4.47,5.0,5.6,Sciences,14.9
11.2,12.3,10.8,11.2,-0.4,5.0,6.8,4.7,6.3,6.7,3.3,8.2,6.8,7.0,3,1,6.8,7.1,5.0,6.8,5.9,3.3,8.2,2.73,1.0,5.2,Sciences,13.6
8.0,9.5,8.0,8.1,0.0,9.9,4.5,6.1,5.1,5.0,6.8,6.6,6.3,7.9,13,2,3.6,7.6,9.9,4.5,5.4,6.8,6.6,3.35,4.3,7.0,Technique,14.9
8.0,8.7,8.0,8.0,0.0,4.4,5.3,5.0,4.4,3.2,5.0,2.0,2.3,2.5,0,1,5.4,4.0,4.4,5.3,4.2,5.0,2.0,1.35,0.0,4.3,Technique,6.3
14.5,13.6,14.1,14.5,-0.4,6.3,6.5,6.2,4.3,6.3,2.3,5.0,7.8,7.4,14,2,7.6,4.3,6.3,6.5,5.6,2.3,5.0,2.3,4.7,3.4,Lettres,13.1
17.6,17.7,14.9,16.4,-2.7,9.4,10.0,7.5,8.7,6.0,5.5,4.2,8.4,7.4,6,0,4.3,5.6,9.4,10.0,7.4,5.5,4.2,4.91,2.0,5.6,Maths,19.4
12.0,11.0,11.7,11.2,-0.3,3.2,4.2,3.0,2.0,5.7,5.4,2.0,2.4,4.4,0,0,7.5,5.9,3.2,4.2,3.6,5.4,2.0,1.26,0.0,4.2,Maths,6.2
13.3,12.8,14.4,13.9,1.1,8.1,7.1,3.2,9.0,8.0,5.6,5.2,8.4,9.2,15,4,2.6,4.5,8.1,7.1,6.7,5.6,5.2,1.09,5.0,6.0,Technique,18.9
8.0,8.0,9.2,8.0,1.2,4.7,4.4,5.4,4.8,4.6,3.9,5.7,6.9,5.7,5,0,9.2,7.6,4.7,4.4,4.9,3.9,5.7,0.36,1.7,4.2,Gestion,8.0
14.6,14.1,13.9,14.5,-0.7,6.3,8.0,6.1,5.9,6.8,8.2,5.8,6.7,7.1,13,3,2.9,5.6,6.3,8.0,6.3,8.2,5.8,0.97,4.3,6.4,Lettres,15.3
14.9,14.8,13.8,14.8,-1.1,8.9,6.4,9.0,7.7,5.8,5.6,3.0,7.1,4.1,4,0,6.9,7.1,8.9,6.4,7.5,5.6,3.0,3.92,1.3,5.1,Gestion,16.6
10.0,12.1,12.2,12.2,2.2,5.4,5.1,5.9,5.9,4.2,4.1,3.6,7.7,5.5,5,3,7.6,6.7,5.4,5.1,5.3,4.1,3.6,0.52,1.7,4.6,Maths,11.3
17.2,15.3,16.8,16.6,-0.4,5.8,7.5,6.4,8.9,6.2,6.2,5.5,6.2,6.2,8,2,2.2,5.7,5.8,7.5,7.2,6.2,5.5,0.6,2.7,6.8,Technique,17.9
13.6,13.5,13.4,12.4,-0.2,5.3,4.2,6.9,7.2,5.9,8.0,2.0,7.9,6.6,1,4,7.0,4.7,5.3,4.2,6.7,8.0,2.0,4.25,0.3,3.8,Lettres,11.3
10.5,10.1,11.6,10.2,1.1,4.7,3.4,5.8,4.6,4.4,4.6,5.0,5.7,5.9,6,1,10.0,4.8,4.7,3.4,4.9,4.6,5.0,0.34,2.0,2.4,Maths,7.2
17.3,16.5,18.4,17.1,1.1,7.2,8.6,7.3,6.0,6.6,6.9,5.7,6.8,7.3,16,0,6.4,5.8,7.2,8.6,6.6,6.9,5.7,0.89,5.3,4.7,Sciences,19.6
14.7,14.5,14.0,13.5,-0.7,5.3,7.9,7.6,4.9,6.8,4.5,2.4,5.3,5.1,6,2,4.7,4.1,5.3,7.9,6.4,4.5,2.4,3.42,2.0,4.7,Sciences,13.3
10.3,9.6,11.6,10.7,1.3,3.5,4.6,3.2,3.9,3.7,4.7,2.0,3.5,6.6,10,2,9.4,2.9,3.5,4.6,3.6,4.7,2.0,0.95,3.3,1.7,Sciences,6.7
15.5,15.4,16.7,16.9,1.2,9.5,7.9,7.5,8.6,5.9,7.7,7.8,5.2,6.5,7,2,2.1,9.0,9.5,7.9,7.3,7.7,7.8,0.56,2.3,8.4,Gestion,18.2
16.0,16.3,15.6,15.2,-0.4,5.8,5.3,6.7,5.0,6.1,3.6,4.2,6.5,4.4,15,3,3.7,6.6,5.8,5.3,5.9,3.6,4.2,0.84,5.0,6.4,Sciences,13.4
13.9,16.2,13.8,14.5,-0.1,9.9,9.5,8.5,6.5,5.5,7.8,8.1,6.5,6.3,14,1,4.4,5.7,9.9,9.5,6.8,7.8,8.1,1.27,4.7,5.6,Sciences,18.6
12.5,13.0,13.8,13.4,1.3,5.5,6.8,6.7,8.4,3.1,5.1,7.7,6.5,5.2,2,0,7.2,7.3,5.5,6.8,6.1,5.1,7.7,0.86,0.7,5.0,Sciences,13.1
11.2,11.6,12.0,11.6,0.8,6.4,5.1,5.1,5.2,5.4,5.2,6.5,4.1,4.6,16,0,7.9,4.4,6.4,5.1,5.2,5.2,6.5,0.39,5.3,3.2,Technique,12.2
11.6,11.3,14.0,12.3,2.4,6.3,8.0,8.0,5.1,5.1,4.3,4.3,7.9,7.7,7,1,7.1,3.0,6.3,8.0,6.1,4.3,4.3,1.93,2.3,3.0,Maths,15.0
13.7,14.4,14.5,14.4,0.8,9.0,8.7,7.2,8.2,6.6,6.0,2.0,8.7,4.3,17,1,5.5,8.2,9.0,8.7,7.3,6.0,2.0,6.45,5.7,6.4,Technique,18.5
14.6,13.9,14.7,14.3,0.1,5.4,5.8,5.5,6.0,4.6,4.0,5.8,5.7,5.2,9,5,2.8,9.0,5.4,5.8,5.4,4.0,5.8,0.44,3.0,8.1,Sciences,14.8
11.6,13.5,14.1,13.6,2.5,7.4,6.3,5.1,3.6,7.6,3.7,8.8,6.7,6.1,10,4,5.9,6.9,7.4,6.3,5.4,3.7,8.8,2.99,3.3,5.5,Sciences,13.6
11.1,13.2,12.7,12.8,1.6,6.1,5.4,8.4,7.0,4.4,5.7,4.6,5.9,6.1,11,3,8.2,2.5,6.1,5.4,6.6,5.7,4.6,0.45,3.7,2.2,Maths,12.2
9.2,9.9,10.6,10.9,1.4,4.6,8.8,4.0,3.8,4.3,4.1,2.0,7.3,7.7,10,2,7.8,5.3,4.6,8.8,4.0,4.1,2.0,4.98,3.3,3.8,Maths,10.5
11.5,12.7,14.3,13.0,2.8,6.3,7.2,7.9,5.9,6.4,3.4,3.8,4.9,8.4,6,2,6.3,5.5,6.3,7.2,6.7,3.4,3.8,2.47,2.0,4.6,Sciences,13.8
15.8,13.1,14.2,14.7,-1.6,8.7,7.0,4.6,5.9,3.9,9.3,4.8,6.3,4.2,11,2,6.3,6.8,8.7,7.0,4.8,9.3,4.8,3.57,3.7,5.2,Sciences,14.6
12.3,13.4,12.9,13.7,0.6,8.6,9.0,8.4,7.7,5.1,5.1,4.1,7.2,5.0,14,3,4.8,5.8,8.6,9.0,7.1,5.1,4.1,3.67,4.7,5.5,Lettres,19.7
13.8,14.9,15.8,15.0,2.0,6.8,9.5,7.5,3.5,7.4,8.2,2.0,7.5,7.2,12,2,2.0,6.2,6.8,9.5,6.1,8.2,2.0,6.47,4.0,7.1,Technique,17.6
13.8,13.0,14.0,12.8,0.2,4.8,6.2,8.2,5.1,5.0,2.9,4.7,6.8,5.1,7,0,8.2,3.5,4.8,6.2,6.1,2.9,4.7,1.43,2.3,2.7,Sciences,13.2
14.1,14.6,14.3,14.4,0.2,7.3,5.9,5.2,7.6,4.6,6.4,3.7,5.6,4.7,9,1,5.6,6.5,7.3,5.9,5.8,6.4,3.7,1.41,3.0,5.4,Sciences,14.3
12.2,13.8,13.0,13.0,0.8,8.0,8.9,5.8,8.8,7.7,6.1,9.0,7.0,7.3,20,2,6.1,4.5,8.0,8.9,7.4,6.1,9.0,1.14,6.7,4.2,Lettres,17.8
13.1,13.9,15.8,15.3,2.7,7.3,6.2,5.8,4.2,4.5,4.4,5.1,7.5,6.5,7,1,2.0,6.7,7.3,6.2,4.8,4.4,5.1,1.1,2.3,7.4,Technique,13.6
15.0,14.9,15.9,16.2,0.9,6.4,6.9,10.0,8.6,6.8,7.2,6.9,9.7,6.4,17,1,7.3,5.9,6.4,6.9,8.5,7.2,6.9,0.48,5.7,4.3,Maths,19.3
13.0,13.1,12.3,12.6,-0.7,4.5,4.4,4.3,4.3,4.1,5.2,4.5,6.5,4.9,4,2,4.4,2.0,4.5,4.4,4.2,5.2,4.5,0.11,1.3,3.8,Gestion,12.3
10.8,11.2,14.0,13.0,3.2,8.4,8.8,2.5,5.5,6.6,4.5,5.4,6.5,5.4,5,3,10.0,7.6,8.4,8.8,4.9,4.5,5.4,3.34,1.7,3.8,Gestion,15.0
12.5,13.2,13.8,13.0,1.3,6.4,6.1,5.6,4.9,7.4,3.7,2.0,5.5,5.2,22,2,10.0,6.5,6.4,6.1,6.0,3.7,2.0,2.93,7.3,3.2,Gestion,12.1
15.7,14.8,17.2,15.9,1.5,8.9,7.5,8.9,7.4,4.4,4.2,4.1,8.6,8.4,14,3,2.0,9.4,8.9,7.5,6.9,4.2,4.1,3.56,4.7,8.7,Maths,19.2
16.5,18.1,16.0,16.7,-0.5,6.4,7.3,5.5,8.2,6.9,6.9,7.6,7.6,5.6,13,3,6.4,3.2,6.4,7.3,6.9,6.9,7.6,0.17,4.3,3.4,Maths,17.3
11.2,10.3,10.0,10.1,-1.2,4.9,7.1,6.9,5.9,6.8,3.1,5.2,3.7,5.0,10,1,4.5,4.6,4.9,7.1,6.5,3.1,5.2,1.95,3.3,5.0,Sciences,12.6
13.3,13.5,14.2,13.7,0.9,8.1,6.4,4.7,5.8,5.4,5.7,4.5,7.3,5.9,15,3,4.6,6.4,8.1,6.4,5.3,5.7,4.5,1.48,5.0,5.9,Lettres,14.7
13.3,15.4,13.9,14.3,0.6,8.3,5.1,6.2,7.6,4.4,6.8,6.1,5.5,6.5,11,0,4.5,7.2,8.3,5.1,6.1,6.8,6.1,1.13,3.7,6.4,Technique,15.1
12.3,11.4,13.2,12.4,0.9,4.9,6.7,6.9,4.4,6.3,5.7,5.8,4.2,6.4,11,1,7.0,3.4,4.9,6.7,5.9,5.7,5.8,0.33,3.7,3.2,Sciences,13.1
13.6,13.7,15.8,14.5,2.2,6.2,9.4,5.4,6.7,8.4,5.3,9.4,5.3,10.0,6,1,5.3,7.6,6.2,9.4,6.8,5.3,9.4,2.83,2.0,6.2,Lettres,17.9
12.7,11.2,12.1,12.3,-0.6,6.3,7.9,6.2,7.2,7.1,6.9,5.2,5.9,6.9,12,4,3.9,5.0,6.3,7.9,6.8,6.9,5.2,0.78,4.0,5.6,Lettres,13.5
10.6,10.2,11.3,11.0,0.7,4.1,4.4,6.5,5.5,5.2,3.8,2.2,3.6,5.9,4,2,8.1,2.0,4.1,4.4,5.7,3.8,2.2,1.29,1.3,2.0,Lettres,9.4
9.5,10.4,11.8,10.3,2.3,5.5,8.2,6.8,5.1,6.0,3.3,4.8,3.3,5.9,11,0,5.6,4.8,5.5,8.2,6.0,3.3,4.8,2.56,3.7,4.6,Lettres,14.0
14.1,15.2,16.5,14.8,2.4,5.1,6.9,5.1,3.6,4.6,5.2,6.2,6.0,5.0,0,3,2.6,7.0,5.1,6.9,4.4,5.2,6.2,0.76,0.0,7.2,Lettres,14.3
15.0,14.8,14.8,13.9,-0.2,6.9,9.1,9.1,7.1,7.9,7.2,7.4,6.6,6.3,13,4,4.3,3.6,6.9,9.1,8.0,7.2,7.4,0.61,4.3,4.6,Sciences,16.9
13.9,12.4,14.8,14.0,0.9,5.5,7.8,7.4,3.8,7.4,4.8,2.4,6.6,5.6,0,2,8.5,7.4,5.5,7.8,6.2,4.8,2.4,3.15,0.0,4.4,Gestion,15.4
12.0,14.0,13.8,14.2,1.8,5.5,4.9,3.6,5.8,4.4,7.2,5.7,5.8,7.1,8,3,4.9,6.7,5.5,4.9,4.6,7.2,5.7,0.81,2.7,5.9,Gestion,15.0
11.7,10.7,12.3,11.7,0.6,6.6,8.4,7.0,7.3,6.1,4.0,3.2,8.5,3.6,0,0,3.0,5.4,6.6,8.4,6.8,4.0,3.2,3.68,0.0,6.2,Sciences,12.8
11.8,12.1,13.0,12.3,1.2,6.1,6.2,4.9,6.5,6.5,4.2,3.8,6.7,6.8,10,0,7.8,3.0,6.1,6.2,6.0,4.2,3.8,1.07,3.3,2.6,Sciences,12.8
10.5,13.0,11.0,10.9,0.5,7.8,8.0,6.9,3.3,7.7,4.3,7.0,6.3,6.6,10,0,3.7,3.8,7.8,8.0,6.0,4.3,7.0,1.85,3.3,5.0,Lettres,16.0
9.1,11.5,11.0,11.2,1.9,2.5,2.9,5.8,4.6,4.2,5.2,5.2,4.5,5.7,1,2,8.1,4.1,2.5,2.9,4.9,5.2,5.2,1.4,0.3,3.0,Sciences,8.0
9.7,12.3,10.8,11.5,1.1,4.5,5.2,3.5,3.8,2.9,3.9,2.6,6.4,3.6,10,4,7.5,2.8,4.5,5.2,3.4,3.9,2.6,0.8,3.3,2.6,Lettres,7.7
8.4,11.5,8.6,9.7,0.2,8.7,7.5,3.2,3.5,4.7,3.6,4.5,7.2,4.6,3,0,9.5,5.2,8.7,7.5,3.8,3.6,4.5,4.33,1.0,2.8,Sciences,12.5
8.9,9.4,8.0,8.4,-0.9,3.6,6.5,6.1,4.4,2.3,3.0,2.6,2.2,3.7,0,0,8.0,5.9,3.6,6.5,4.3,3.0,2.6,1.89,0.0,4.0,Sciences,6.2
10.8,11.3,12.5,11.7,1.7,8.0,8.7,8.1,5.4,6.1,2.0,10.0,5.4,5.9,11,2,3.6,5.8,8.0,8.7,6.5,2.0,10.0,7.62,3.7,6.1,Maths,15.1
12.1,12.1,13.6,13.2,1.5,7.9,7.5,6.2,5.3,5.7,7.0,5.7,5.6,7.6,1,1,4.9,5.7,7.9,7.5,5.7,7.0,5.7,0.82,0.3,5.4,Sciences,14.8
15.2,15.0,14.9,15.0,-0.3,8.2,5.1,7.8,6.5,9.5,5.7,3.8,6.2,7.8,5,1,3.3,5.9,8.2,5.1,7.9,5.7,3.8,2.84,1.7,6.3,Technique,15.6
11.3,10.4,10.9,10.9,-0.4,4.4,4.4,3.4,3.0,5.3,2.0,6.0,3.4,7.0,1,1,7.8,6.2,4.4,4.4,3.9,2.0,6.0,1.65,0.3,4.2,Technique,6.7
11.9,12.7,14.6,14.1,2.7,6.8,5.3,5.8,5.6,6.9,2.8,7.2,6.0,5.2,1,4,9.6,7.9,6.8,5.3,6.1,2.8,7.2,2.43,0.3,4.2,Sciences,12.5
15.9,16.3,16.3,16.1,0.4,8.0,7.4,6.4,5.4,7.0,5.3,8.6,7.9,2.0,7,4,7.6,7.1,8.0,7.4,6.3,5.3,8.6,1.42,2.3,4.8,Sciences,15.8
11.8,14.1,13.1,13.9,1.3,8.1,5.7,6.2,5.6,5.9,3.9,9.2,8.2,6.2,3,2,8.9,6.7,8.1,5.7,5.9,3.9,9.2,3.52,1.0,3.9,Maths,16.2
9.7,12.8,12.2,11.2,2.5,5.1,6.2,6.5,7.3,5.4,6.8,6.3,5.9,6.5,9,4,6.9,6.4,5.1,6.2,6.4,6.8,6.3,0.32,3.0,4.8,Sciences,13.8
14.8,15.4,16.2,15.7,1.4,6.1,7.6,5.8,8.9,6.9,7.5,5.4,5.7,8.6,6,3,4.6,9.6,6.1,7.6,7.2,7.5,5.4,0.75,2.0,7.5,Gestion,19.3
13.8,15.1,15.3,14.8,1.5,5.0,6.3,6.1,3.6,6.5,6.5,4.9,5.4,7.0,9,4,3.8,7.1,5.0,6.3,5.4,6.5,4.9,0.44,3.0,6.6,Maths,15.3
12.5,11.0,12.6,11.6,0.1,6.5,6.1,6.8,7.2,6.6,2.0,4.7,5.9,5.8,14,1,6.2,8.8,6.5,6.1,6.9,2.0,4.7,3.15,4.7,6.3,Sciences,14.8
14.9,16.4,15.2,15.6,0.3,7.3,6.3,8.7,7.9,5.8,4.6,4.3,4.6,8.6,12,1,5.8,5.3,7.3,6.3,7.5,4.6,4.3,1.76,4.0,4.8,Maths,13.8
11.4,13.2,14.6,13.3,3.2,4.4,6.2,3.7,7.6,4.8,3.8,6.8,7.2,4.2,6,1,8.0,3.3,4.4,6.2,5.4,3.8,6.8,1.22,2.0,2.6,Sciences,11.7
10.8,10.9,12.2,12.0,1.4,7.2,2.9,6.4,6.2,4.5,3.6,4.7,4.3,5.5,3,2,4.4,4.6,7.2,2.9,5.7,3.6,4.7,2.33,1.0,5.1,Sciences,12.4
10.8,11.5,12.5,11.5,1.7,5.6,3.2,6.7,4.0,3.5,4.6,6.6,6.9,4.5,8,2,6.3,4.9,5.6,3.2,4.7,4.6,6.6,1.28,2.7,4.3,Sciences,13.0
10.5,13.1,13.6,12.7,3.1,6.4,6.6,3.7,7.1,8.1,4.0,6.5,4.5,6.6,6,3,2.7,9.0,6.4,6.6,6.3,4.0,6.5,0.97,2.0,8.2,Lettres,15.3
15.9,16.4,15.7,16.2,-0.2,7.3,8.2,8.3,6.0,10.0,7.3,4.1,8.9,10.0,13,5,4.8,8.5,7.3,8.2,8.1,7.3,4.1,2.25,4.3,6.8,Lettres,19.7
12.7,13.5,13.3,12.6,0.6,4.1,6.7,7.3,5.3,7.6,6.8,2.0,6.1,6.0,0,3,7.2,4.9,4.1,6.7,6.7,6.8,2.0,3.72,0.0,3.8,Gestion,13.8
16.8,16.2,18.1,17.5,1.3,8.7,7.4,8.5,7.9,5.4,8.0,3.9,10.0,7.5,16,2,2.0,8.6,8.7,7.4,7.3,8.0,3.9,2.74,5.3,8.3,Maths,19.6
8.2,8.7,9.8,9.5,1.6,6.9,4.7,4.3,3.1,5.5,3.9,3.1,3.1,2.4,4,2,5.3,4.6,6.9,4.7,4.3,3.9,3.1,1.63,1.3,4.6,Sciences,8.1
17.9,17.3,16.9,16.7,-1.0,8.2,8.5,8.1,5.5,8.8,10.0,6.3,7.2,7.2,22,5,2.0,9.9,8.2,8.5,7.5,10.0,6.3,1.48,7.3,9.0,Technique,19.4
11.4,11.5,12.4,12.2,1.0,3.7,5.1,5.8,6.1,4.8,7.0,3.5,5.4,7.4,13,3,6.1,5.1,3.7,5.1,5.6,7.0,3.5,1.65,4.3,4.5,Gestion,12.3
13.3,14.8,15.6,14.6,2.3,8.2,8.5,4.1,9.2,7.1,5.9,6.7,6.7,6.4,12,4,2.8,3.9,8.2,8.5,6.8,5.9,6.7,0.96,4.0,5.6,Lettres,16.0
12.5,10.5,13.5,12.7,1.0,4.5,6.8,6.3,7.7,5.1,4.7,4.1,5.9,5.8,8,1,8.4,5.7,4.5,6.8,6.4,4.7,4.1,1.17,2.7,3.6,Sciences,13.9
13.2,17.2,15.1,14.8,1.9,5.4,7.7,5.9,7.2,8.5,8.0,5.7,6.3,8.1,6,1,6.4,5.7,5.4,7.7,7.2,8.0,5.7,1.12,2.0,4.6,Sciences,15.2
13.7,14.6,13.9,14.8,0.2,6.6,7.0,5.3,7.6,6.7,7.5,5.4,6.2,6.1,13,1,6.7,4.0,6.6,7.0,6.5,7.5,5.4,0.48,4.3,3.6,Technique,15.0
11.4,15.1,14.7,14.0,3.3,6.8,9.4,9.8,6.9,4.5,3.3,8.2,3.7,8.1,7,1,3.0,7.1,6.8,9.4,7.1,3.3,8.2,4.18,2.3,7.0,Gestion,14.3
13.8,13.2,14.4,13.5,0.6,5.0,7.0,7.6,6.3,6.6,7.1,3.1,7.4,4.2,13,0,8.5,8.2,5.0,7.0,6.8,7.1,3.1,2.43,4.3,4.8,Gestion,13.0
12.9,14.6,16.3,14.2,3.4,7.8,7.5,5.8,8.5,8.7,6.5,10.0,10.0,8.5,13,3,5.6,5.2,7.8,7.5,7.7,6.5,10.0,1.32,4.3,4.8,Technique,18.9
13.8,14.6,14.5,13.3,0.7,7.3,7.4,6.4,3.6,6.0,4.0,3.8,6.6,8.4,10,2,4.9,7.5,7.3,7.4,5.3,4.0,3.8,2.4,3.3,6.3,Lettres,13.3
16.5,16.4,14.2,15.4,-2.3,7.9,4.7,8.4,6.3,6.8,2.5,2.7,5.1,7.8,11,4,3.0,5.2,7.9,4.7,7.2,2.5,2.7,4.95,3.7,6.1,Technique,14.7
15.4,13.7,14.3,13.9,-1.1,8.2,6.7,3.9,5.7,5.7,5.1,4.6,5.0,3.6,4,0,5.8,6.0,8.2,6.7,5.1,5.1,4.6,1.78,1.3,5.1,Lettres,14.0
10.7,11.6,13.4,11.7,2.7,9.1,7.1,6.3,6.1,4.2,5.6,10.0,7.3,5.5,4,1,5.0,5.9,9.1,7.1,5.5,5.6,10.0,3.29,1.3,5.4,Lettres,14.4
12.8,14.4,14.3,13.5,1.5,7.9,7.0,6.5,5.4,5.9,8.4,6.8,7.1,6.1,4,3,4.9,6.2,7.9,7.0,5.9,8.4,6.8,0.75,1.3,5.6,Gestion,14.9
16.4,18.5,17.0,16.4,0.6,8.0,7.8,5.7,8.0,8.0,8.4,7.1,7.5,9.0,16,3,3.1,8.0,8.0,7.8,7.2,8.4,7.1,0.23,5.3,7.4,Maths,19.3
12.3,11.2,12.0,11.0,-0.3,7.1,4.7,6.1,4.1,5.2,4.2,6.1,6.8,3.9,3,2,7.8,3.9,7.1,4.7,5.1,4.2,6.1,1.07,1.0,3.0,Sciences,12.2
10.6,12.2,10.2,10.4,-0.4,6.8,5.2,7.4,4.8,6.8,5.9,3.4,3.3,4.5,4,4,2.0,8.0,6.8,5.2,6.3,5.9,3.4,1.41,1.3,8.0,Technique,12.9
10.0,10.3,11.2,10.5,1.2,5.9,5.4,7.1,3.8,4.2,5.9,4.9,6.2,3.0,8,0,9.7,6.0,5.9,5.4,5.0,5.9,4.9,0.18,2.7,3.2,Maths,10.0
8.0,9.3,8.5,8.4,0.5,4.6,3.0,3.8,5.4,3.6,4.0,3.7,4.7,3.3,2,1,9.8,6.0,4.6,3.0,4.3,4.0,3.7,0.3,0.7,3.1,Lettres,7.2
14.3,15.8,15.1,14.8,0.8,6.5,9.9,10.0,6.7,8.0,5.4,9.0,6.0,5.4,9,1,5.3,5.4,6.5,9.9,8.2,5.4,9.0,2.7,3.0,5.1,Sciences,17.4
9.2,9.6,11.0,10.0,1.8,4.9,2.8,2.7,4.8,5.9,4.4,4.6,4.1,8.2,5,0,6.0,3.9,4.9,2.8,4.5,4.4,4.6,0.54,1.7,4.0,Sciences,12.8
12.1,11.5,11.8,12.2,-0.3,5.3,5.0,5.6,4.4,4.3,5.3,3.7,5.5,4.4,0,2,8.9,7.3,5.3,5.0,4.8,5.3,3.7,0.35,0.0,4.2,Gestion,10.5
9.0,12.2,12.5,11.2,3.5,6.2,6.2,3.5,5.4,7.0,5.8,2.6,7.7,6.8,3,1,6.4,3.7,6.2,6.2,5.3,5.8,2.6,1.83,1.0,3.6,Sciences,12.3
15.1,14.1,14.6,14.6,-0.5,5.7,7.2,6.2,8.3,4.8,5.0,5.3,6.0,6.3,13,1,5.5,6.3,5.7,7.2,6.4,5.0,5.3,0.64,4.3,5.4,Maths,13.9
13.2,12.2,13.5,13.0,0.3,7.3,5.6,5.5,4.1,4.9,2.0,5.7,5.4,6.4,6,1,7.8,7.9,7.3,5.6,4.8,2.0,5.7,3.03,2.0,5.1,Maths,14.6
12.3,11.7,11.5,12.3,-0.8,8.8,7.6,6.4,6.5,2.0,3.1,2.6,6.2,5.1,0,2,10.0,5.5,8.8,7.6,5.0,3.1,2.6,5.94,0.0,2.8,Technique,12.6
11.5,12.0,13.4,12.5,1.9,4.1,4.6,5.7,6.4,4.9,6.4,5.7,8.6,7.2,3,1,4.4,7.9,4.1,4.6,5.7,6.4,5.7,0.69,1.0,6.8,Sciences,13.4
13.3,13.6,14.3,12.8,1.0,7.8,6.3,5.3,4.9,8.2,2.4,5.7,7.4,6.9,11,2,6.2,5.9,7.8,6.3,6.1,2.4,5.7,3.17,3.7,4.8,Lettres,15.5
16.4,17.5,16.9,17.0,0.5,6.5,7.4,4.9,8.1,2.7,7.5,6.9,7.1,6.4,10,3,4.0,3.9,6.5,7.4,5.2,7.5,6.9,0.67,3.3,5.0,Maths,14.0
10.4,11.7,10.5,11.1,0.1,6.4,7.2,8.2,6.1,3.8,6.7,6.8,7.3,4.8,5,1,7.5,6.2,6.4,7.2,6.0,6.7,6.8,0.15,1.7,4.4,Lettres,11.7
14.0,14.2,14.3,13.8,0.3,5.5,4.2,6.2,4.6,6.1,5.2,4.9,6.5,5.2,4,1,5.1,6.0,5.5,4.2,5.6,5.2,4.9,0.26,1.3,5.4,Maths,12.3
13.4,13.7,15.7,14.2,2.3,8.1,10.0,5.1,4.4,3.8,7.8,4.2,6.9,8.5,5,3,6.5,10.0,8.1,10.0,4.4,7.8,4.2,5.05,1.7,6.8,Sciences,19.4
14.2,14.3,12.8,13.7,-1.4,6.8,5.5,6.9,6.2,5.1,6.4,3.6,4.1,6.6,10,2,5.7,4.5,6.8,5.5,6.1,6.4,3.6,1.26,3.3,4.4,Sciences,14.1
13.8,14.3,12.6,13.2,-1.2,5.8,4.5,5.4,5.5,7.3,5.1,8.0,4.8,6.1,11,4,6.4,5.4,5.8,4.5,6.1,5.1,8.0,1.41,3.7,4.5,Sciences,12.8
12.3,13.4,12.8,12.9,0.5,4.5,7.1,6.0,4.2,8.9,3.2,5.3,4.8,5.1,14,2,9.0,4.7,4.5,7.1,6.4,3.2,5.3,1.89,4.7,2.8,Technique,13.6
12.3,11.5,10.7,11.1,-1.6,5.6,5.4,6.6,3.7,5.7,6.6,7.8,6.6,8.4,2,4,5.3,5.3,5.6,5.4,5.3,6.6,7.8,0.89,0.7,5.0,Sciences,11.8
17.3,15.0,15.3,15.7,-2.0,6.6,7.8,9.5,8.7,5.9,9.3,7.1,9.1,7.1,18,3,5.4,7.0,6.6,7.8,8.0,9.3,7.1,0.85,6.0,5.8,Maths,19.8
12.2,13.4,11.8,13.2,-0.4,7.9,7.8,5.2,3.2,4.8,3.9,6.7,7.0,6.6,9,0,4.4,4.9,7.9,7.8,4.4,3.9,6.7,2.84,3.0,5.2,Technique,15.4
14.5,15.3,16.8,16.0,2.3,3.6,4.0,5.5,5.9,5.6,2.8,6.4,4.1,5.5,7,1,8.6,6.5,3.6,4.0,5.7,2.8,6.4,1.78,2.3,4.0,Sciences,12.2
14.6,14.6,15.2,14.6,0.6,8.8,5.3,6.1,6.3,7.0,6.0,3.4,9.6,9.7,14,2,8.3,6.3,8.8,5.3,6.5,6.0,3.4,3.06,4.7,4.0,Sciences,16.9
12.9,11.2,11.6,12.7,-1.3,6.4,5.1,6.3,6.0,8.1,4.0,5.2,5.1,5.3,4,3,6.2,7.8,6.4,5.1,6.8,4.0,5.2,1.0,1.3,5.8,Gestion,11.7
12.4,12.4,15.4,13.9,3.0,5.9,6.7,4.6,4.4,6.4,4.9,2.1,6.0,4.7,0,5,3.2,4.1,5.9,6.7,5.1,4.9,2.1,2.42,0.0,5.4,Lettres,10.2
11.7,10.9,12.7,11.1,1.0,3.4,5.5,5.8,6.0,5.7,7.3,4.3,6.1,6.1,11,1,5.1,8.9,3.4,5.5,5.8,7.3,4.3,1.79,3.7,6.9,Sciences,12.8
16.5,15.1,15.3,15.6,-1.2,7.7,10.0,7.0,6.0,6.6,3.0,7.1,8.1,6.5,13,2,8.8,7.5,7.7,10.0,6.5,3.0,7.1,5.13,4.3,4.4,Sciences,18.8
11.3,12.6,13.7,12.5,2.4,7.9,8.0,5.8,5.7,10.0,8.1,3.1,7.0,6.3,6,3,5.0,8.1,7.9,8.0,7.2,8.1,3.1,3.63,2.0,6.6,Lettres,13.6
11.4,11.8,11.7,11.9,0.3,5.3,6.3,8.0,6.1,6.3,4.4,5.7,4.8,9.1,10,2,9.7,5.8,5.3,6.3,6.8,4.4,5.7,0.68,3.3,3.1,Sciences,12.0
11.2,12.8,13.2,12.8,2.0,5.2,7.0,9.6,6.1,4.8,6.4,2.3,8.1,6.7,12,4,4.9,4.7,5.2,7.0,6.8,6.4,2.3,3.03,4.0,4.9,Lettres,14.0
15.3,14.2,13.3,13.7,-2.0,6.8,8.0,7.6,7.3,6.4,7.4,7.7,5.2,7.5,3,0,3.8,6.3,6.8,8.0,7.1,7.4,7.7,0.18,1.0,6.2,Sciences,17.3
14.0,12.7,15.2,13.1,1.2,6.3,6.6,5.7,4.3,4.4,6.6,3.7,4.8,5.1,8,3,7.5,3.6,6.3,6.6,4.8,6.6,3.7,1.35,2.7,3.0,Lettres,13.4
10.4,10.7,11.0,10.9,0.6,5.2,5.8,3.4,4.7,2.0,5.4,3.0,7.8,8.4,0,3,7.4,5.6,5.2,5.8,3.4,5.4,3.0,1.3,0.0,4.1,Maths,13.0
14.8,17.0,16.1,15.7,1.3,8.8,6.9,5.5,5.5,6.9,6.5,2.8,7.8,9.5,9,4,6.8,6.8,8.8,6.9,6.0,6.5,2.8,3.79,3.0,5.0,Lettres,16.1
14.4,15.7,15.4,15.7,1.0,7.5,6.2,6.8,6.3,9.4,6.8,4.6,10.0,8.3,9,2,5.0,6.8,7.5,6.2,7.5,6.8,4.6,1.16,3.0,5.9,Maths,17.2
10.7,11.2,13.2,11.4,2.5,5.3,3.2,4.5,7.5,2.9,4.1,2.0,5.9,6.7,9,3,8.3,7.9,5.3,3.2,5.0,4.1,2.0,1.45,3.0,4.8,Technique,12.2
11.1,11.9,13.6,11.8,2.5,4.5,7.6,4.8,5.0,5.7,2.4,3.8,8.3,5.6,2,2,8.0,5.6,4.5,7.6,5.2,2.4,3.8,2.95,0.7,3.8,Sciences,12.9
13.6,13.6,15.3,13.7,1.7,7.3,6.9,8.5,4.2,4.9,3.6,7.1,4.0,6.9,6,1,7.9,2.9,7.3,6.9,5.9,3.6,7.1,1.87,2.0,2.5,Sciences,14.4
8.0,8.5,10.2,9.1,2.2,5.4,4.8,4.6,5.3,5.3,4.1,3.7,2.9,3.7,0,0,6.5,10.0,5.4,4.8,5.1,4.1,3.7,0.39,0.0,6.8,Gestion,8.6
15.8,14.3,15.0,15.2,-0.8,5.1,6.6,5.8,7.5,5.2,3.9,2.6,7.1,4.3,10,0,8.2,4.6,5.1,6.6,6.2,3.9,2.6,2.16,3.3,3.2,Technique,12.6
12.5,12.7,14.4,13.4,1.9,3.5,5.3,4.9,3.8,3.7,4.1,5.4,3.9,4.0,7,1,5.2,7.6,3.5,5.3,4.1,4.1,5.4,0.55,2.3,6.2,Lettres,13.5
14.0,14.3,13.8,13.5,-0.2,6.9,5.1,7.7,8.7,4.2,8.4,5.2,6.0,6.7,8,2,5.8,3.4,6.9,5.1,6.9,8.4,5.2,1.51,2.7,3.8,Maths,13.5
11.8,12.2,14.1,12.8,2.3,5.5,5.4,5.0,5.8,3.9,6.3,8.1,7.2,3.6,0,2,6.4,5.9,5.5,5.4,4.9,6.3,8.1,1.26,0.0,4.8,Lettres,11.4
8.8,8.2,9.5,8.3,0.7,4.6,5.9,3.2,5.5,6.0,3.3,5.0,4.8,3.6,5,2,6.4,3.1,4.6,5.9,4.9,3.3,5.0,0.71,1.7,3.4,Maths,6.5
13.6,15.4,14.6,14.8,1.0,9.0,5.0,3.7,8.1,7.8,6.6,5.6,6.3,6.1,16,4,2.9,2.0,9.0,5.0,6.5,6.6,5.6,1.86,5.3,4.6,Lettres,13.9
11.3,11.6,13.0,11.9,1.7,5.7,2.4,5.2,6.7,4.7,4.2,6.2,5.0,7.0,6,1,8.9,5.0,5.7,2.4,5.5,4.2,6.2,1.89,2.0,3.0,Lettres,11.4
9.5,12.3,12.5,11.7,3.0,4.1,4.1,3.6,4.2,6.3,4.4,3.7,4.9,4.0,7,5,6.4,4.8,4.1,4.1,4.7,4.4,3.7,0.11,2.3,4.2,Maths,8.3
15.6,14.4,13.9,15.8,-1.7,7.0,9.9,10.0,9.2,7.1,7.7,6.0,8.9,9.3,8,3,3.7,6.9,7.0,9.9,8.8,7.7,6.0,1.84,2.7,6.6,Lettres,19.9
15.2,16.0,17.0,16.1,1.8,6.7,4.9,9.3,6.7,5.8,5.3,8.4,6.0,8.0,9,2,4.1,6.8,6.7,4.9,7.3,5.3,8.4,1.65,3.0,6.4,Gestion,15.7
12.4,12.2,12.1,12.1,-0.3,5.7,4.0,3.3,6.7,5.1,3.6,2.0,5.9,3.9,0,2,6.4,4.9,5.7,4.0,5.0,3.6,2.0,1.62,0.0,4.2,Sciences,10.8
19.3,19.5,19.1,19.5,-0.2,8.5,8.7,6.0,9.1,7.7,8.9,7.9,9.5,9.3,16,1,3.3,7.4,8.5,8.7,7.6,8.9,7.9,0.24,5.3,7.0,Technique,19.7
11.9,11.0,12.1,12.5,0.2,8.7,9.8,5.6,4.2,5.0,6.5,4.8,6.0,5.8,9,2,8.3,6.3,8.7,9.8,4.9,6.5,4.8,4.02,3.0,4.0,Sciences,13.9
17.1,17.2,16.3,16.1,-0.8,8.8,6.5,6.3,8.4,7.2,3.1,5.5,8.0,6.9,6,0,3.3,7.1,8.8,6.5,7.3,3.1,5.5,3.63,2.0,6.9,Gestion,19.1
11.7,10.0,11.5,10.8,-0.2,5.9,4.3,6.0,5.2,6.7,4.1,3.8,6.6,5.5,4,4,9.4,5.5,5.9,4.3,6.0,4.1,3.8,0.86,1.3,3.0,Sciences,12.6
13.1,14.5,13.4,14.2,0.3,6.9,8.2,6.6,7.0,7.0,5.2,6.0,8.2,7.2,11,0,6.9,5.3,6.9,8.2,6.9,5.2,6.0,1.01,3.7,4.2,Sciences,17.7
13.2,13.6,14.1,13.6,0.9,6.6,7.8,6.2,5.8,5.7,4.3,4.8,7.3,5.4,12,2,5.4,6.9,6.6,7.8,5.9,4.3,4.8,1.57,4.0,5.8,Maths,13.1
16.1,16.9,16.8,16.0,0.7,6.1,6.5,8.2,6.6,7.2,7.5,4.7,5.7,5.6,16,0,5.8,6.0,6.1,6.5,7.3,7.5,4.7,1.01,5.3,5.1,Technique,16.2
17.0,18.8,18.6,16.8,1.6,6.2,3.9,4.0,7.7,6.4,5.1,3.4,5.1,4.7,6,1,7.4,5.0,6.2,3.9,6.0,5.1,3.4,1.25,2.0,3.8,Lettres,12.1
13.9,12.5,13.1,13.7,-0.8,7.7,7.6,8.0,4.2,6.1,3.6,2.0,6.1,6.8,3,1,7.0,7.2,7.7,7.6,6.1,3.6,2.0,5.08,1.0,5.1,Lettres,15.5
10.8,10.8,11.4,11.4,0.6,6.2,7.2,4.9,3.1,5.0,4.8,3.7,5.0,5.9,9,5,7.7,6.3,6.2,7.2,4.3,4.8,3.7,1.63,3.0,4.3,Maths,13.6
14.1,15.2,15.5,15.0,1.4,6.2,9.3,9.6,3.3,6.5,6.8,4.4,4.3,7.3,17,0,5.9,5.1,6.2,9.3,6.5,6.8,4.4,2.47,5.7,4.6,Sciences,15.3
11.2,8.6,10.8,9.6,-0.4,2.7,6.3,7.5,6.6,2.6,4.4,4.7,2.0,5.5,0,3,5.2,7.5,2.7,6.3,5.6,4.4,4.7,1.48,0.0,6.2,Gestion,10.7
11.1,13.7,13.1,13.0,2.0,7.4,7.0,5.3,4.2,5.0,4.0,8.2,7.4,5.8,2,4,7.7,3.6,7.4,7.0,4.8,4.0,8.2,2.55,0.7,3.0,Technique,12.0
10.3,12.9,13.4,12.1,3.1,7.0,6.1,4.5,6.0,2.0,6.0,3.8,4.2,7.0,11,0,5.6,4.2,7.0,6.1,4.2,6.0,3.8,1.5,3.7,4.3,Maths,13.6
15.7,14.4,12.7,13.9,-3.0,7.4,10.0,4.6,5.9,3.5,8.4,3.4,8.7,8.5,9,1,2.0,7.4,7.4,10.0,4.7,8.4,3.4,5.85,3.0,7.7,Maths,14.9
13.6,15.4,14.5,15.2,0.9,4.8,6.3,7.5,4.7,3.3,6.5,3.9,7.6,8.5,6,4,6.4,9.1,4.8,6.3,5.2,6.5,3.9,0.93,2.0,6.4,Technique,14.7
10.6,13.4,12.8,12.2,2.2,7.9,5.3,5.6,6.8,7.1,7.4,5.1,5.4,7.8,8,0,5.0,4.8,7.9,5.3,6.5,7.4,5.1,1.23,2.7,4.9,Maths,12.6
12.8,12.3,12.5,13.3,-0.3,5.2,8.1,6.7,5.0,5.2,4.0,5.6,6.4,6.8,11,4,5.9,6.2,5.2,8.1,5.6,4.0,5.6,1.78,3.7,5.2,Gestion,11.5
16.2,15.5,14.8,15.4,-1.4,6.7,5.2,9.8,5.9,4.4,5.9,6.7,7.4,9.6,9,2,5.4,4.4,6.7,5.2,6.7,5.9,6.7,0.37,3.0,4.5,Technique,15.7
8.0,8.0,8.0,8.0,0.0,2.7,2.0,2.7,4.2,4.6,3.6,5.0,2.6,4.8,2,2,5.5,2.8,2.7,2.0,3.8,3.6,5.0,1.05,0.7,3.6,Lettres,6.1
10.7,11.8,11.9,11.0,1.2,3.8,6.3,3.8,6.6,7.0,5.4,6.5,5.9,6.3,10,2,6.6,7.7,3.8,6.3,5.8,5.4,6.5,0.92,3.3,5.6,Technique,12.6
9.3,8.6,9.1,10.3,-0.2,7.9,6.4,6.2,4.2,6.5,6.1,4.4,4.9,9.2,6,2,5.6,6.5,7.9,6.4,5.6,6.1,4.4,1.29,2.0,5.4,Sciences,13.4
11.5,14.2,14.6,14.2,3.1,6.9,5.0,6.6,6.2,4.5,3.1,8.0,6.1,2.0,11,0,5.6,7.2,6.9,5.0,5.8,3.1,8.0,2.79,3.7,5.8,Lettres,10.0
14.7,15.8,16.6,15.5,1.9,7.9,9.4,6.1,9.3,7.5,7.8,5.3,6.9,7.2,21,2,4.5,8.9,7.9,9.4,7.6,7.8,5.3,1.73,7.0,7.2,Technique,18.9
15.5,14.2,15.2,15.1,-0.3,5.2,4.9,5.7,3.3,6.8,2.5,5.0,5.8,7.6,3,2,3.4,2.2,5.2,4.9,5.3,2.5,5.0,1.09,1.0,4.4,Sciences,12.5
10.5,10.1,10.7,10.7,0.2,6.2,6.7,8.2,6.4,5.2,3.4,7.4,6.3,7.7,3,2,6.0,4.1,6.2,6.7,6.6,3.4,7.4,1.92,1.0,4.0,Technique,14.3
13.0,12.7,13.3,12.7,0.3,6.4,6.4,3.9,5.6,6.2,9.3,6.3,6.8,10.0,11,3,6.5,6.7,6.4,6.4,5.2,9.3,6.3,1.85,3.7,5.1,Maths,15.0
12.5,14.3,13.5,13.4,1.0,4.4,4.8,5.9,6.4,5.0,4.2,2.0,8.0,5.9,1,1,7.1,2.8,4.4,4.8,5.8,4.2,2.0,1.54,0.3,2.8,Gestion,12.1
14.2,13.0,15.3,13.9,1.1,6.5,6.8,5.5,4.2,3.6,7.0,5.2,6.3,5.9,3,3,7.1,4.5,6.5,6.8,4.4,7.0,5.2,1.0,1.0,3.7,Maths,14.9
14.7,13.9,14.1,14.7,-0.6,7.2,8.1,6.7,8.7,7.6,8.7,6.9,8.4,6.2,0,2,7.6,8.8,7.2,8.1,7.7,8.7,6.9,0.41,0.0,5.6,Gestion,15.5
11.0,11.2,10.5,10.2,-0.5,7.3,8.7,6.6,2.9,8.5,2.0,2.2,6.4,6.2,5,0,6.4,4.7,7.3,8.7,6.0,2.0,2.2,7.31,1.7,4.2,Sciences,12.1
14.5,14.7,15.4,14.9,0.9,6.4,7.1,6.2,5.3,4.3,7.2,6.3,8.1,8.3,8,1,8.1,7.1,6.4,7.1,5.3,7.2,6.3,0.48,2.7,4.5,Maths,13.3
13.9,13.9,14.6,14.6,0.7,4.7,3.5,4.7,6.6,7.4,6.7,5.8,6.1,8.7,6,1,5.6,6.1,4.7,3.5,6.2,6.7,5.8,1.33,2.0,5.2,Lettres,14.5
14.5,13.0,10.3,12.3,-4.2,6.1,5.6,4.6,4.1,3.9,7.6,6.7,6.5,5.5,13,1,5.5,4.3,6.1,5.6,4.2,7.6,6.7,1.29,4.3,4.4,Gestion,11.3
10.2,10.6,11.2,11.0,1.0,5.6,6.0,7.6,4.1,5.6,3.1,3.4,5.7,6.1,13,1,5.8,2.8,5.6,6.0,5.8,3.1,3.4,1.57,4.3,3.5,Sciences,12.1
13.5,14.9,15.0,14.0,1.5,8.5,8.0,6.7,6.4,8.3,8.1,7.0,2.6,5.6,17,3,6.2,6.6,8.5,8.0,7.1,8.1,7.0,0.34,5.7,5.2,Sciences,14.7
13.8,12.9,14.4,13.5,0.6,8.9,7.3,7.8,6.4,5.5,4.7,5.6,5.4,6.0,9,1,7.4,8.8,8.9,7.3,6.6,4.7,5.6,2.08,3.0,5.7,Maths,15.6
9.2,11.6,12.3,11.7,3.1,9.2,8.9,7.1,6.5,6.4,7.8,8.7,7.8,8.3,15,2,5.2,5.4,9.2,8.9,6.7,7.8,8.7,0.85,5.0,5.1,Technique,16.3
13.6,16.0,14.5,15.1,0.9,7.1,8.4,8.4,8.2,4.1,6.5,10.0,8.2,9.5,12,2,3.5,7.0,7.1,8.4,6.9,6.5,10.0,1.64,4.0,6.8,Gestion,18.0
12.2,11.4,12.2,11.6,0.0,8.3,7.8,4.8,4.6,4.2,6.2,7.3,3.9,4.6,7,1,9.3,3.0,8.3,7.8,4.5,6.2,7.3,1.8,2.3,1.8,Gestion,11.5
11.6,13.6,12.7,12.9,1.1,5.9,4.8,3.9,5.4,2.0,4.8,5.2,5.6,5.7,4,1,4.5,4.1,5.9,4.8,3.8,4.8,5.2,0.48,1.3,4.8,Technique,10.4
8.0,8.9,9.6,9.0,1.6,8.3,6.4,6.8,4.8,6.2,2.2,9.0,6.7,5.6,0,3,5.1,6.4,8.3,6.4,5.9,2.2,9.0,5.64,0.0,5.6,Gestion,12.8
13.2,15.6,14.2,13.8,1.0,6.1,7.8,7.9,4.7,7.3,2.0,6.2,6.5,7.6,11,2,7.4,7.4,6.1,7.8,6.6,2.0,6.2,3.87,3.7,5.0,Maths,14.6
10.2,12.5,10.6,11.1,0.4,6.1,5.7,4.6,5.3,5.4,5.8,3.3,7.2,5.6,13,3,9.2,6.9,6.1,5.7,5.1,5.8,3.3,1.01,4.3,3.9,Sciences,13.7
12.4,12.0,12.8,13.2,0.4,6.7,5.3,5.0,4.9,6.1,4.9,4.8,6.9,3.4,1,4,7.0,2.5,6.7,5.3,5.3,4.9,4.8,0.46,0.3,2.8,Technique,13.3
17.7,16.6,16.7,16.1,-1.0,8.2,7.2,7.1,6.4,6.5,7.3,7.3,7.7,8.8,11,3,5.0,6.2,8.2,7.2,6.7,7.3,7.3,0.24,3.7,5.6,Lettres,18.6
10.8,10.4,11.2,11.1,0.4,7.0,4.4,7.4,6.7,6.1,4.3,5.8,4.6,4.9,10,0,6.5,3.7,7.0,4.4,6.7,4.3,5.8,1.28,3.3,3.6,Gestion,10.4
13.5,14.0,13.4,13.8,-0.1,5.9,6.8,6.5,5.2,5.7,8.6,2.8,7.4,5.7,6,2,7.3,5.3,5.9,6.8,5.8,8.6,2.8,3.54,2.0,4.0,Technique,12.8
8.4,10.4,9.9,10.3,1.5,7.5,3.7,3.6,4.4,2.4,5.5,2.7,6.5,6.4,12,1,6.7,5.5,7.5,3.7,3.5,5.5,2.7,2.98,4.0,4.4,Technique,12.3
13.9,13.8,14.8,14.7,0.9,7.4,4.5,5.8,5.8,7.2,4.7,4.4,4.4,6.7,7,5,4.7,7.8,7.4,4.5,6.3,4.7,4.4,1.41,2.3,6.6,Lettres,13.7
12.6,13.8,14.4,12.8,1.8,6.8,9.5,6.2,6.4,5.7,6.5,6.3,7.1,7.3,7,3,4.9,6.9,6.8,9.5,6.1,6.5,6.3,1.57,2.3,6.0,Maths,15.6
10.8,11.4,11.1,11.2,0.3,7.7,6.0,4.6,4.3,4.2,5.1,6.4,5.1,4.2,15,1,4.1,8.6,7.7,6.0,4.4,5.1,6.4,1.3,5.0,7.2,Maths,15.0
11.6,12.8,13.4,13.1,1.8,6.2,7.1,6.1,5.6,5.4,5.9,5.4,5.3,7.2,4,3,5.7,5.0,6.2,7.1,5.7,5.9,5.4,0.34,1.3,4.6,Lettres,14.8
9.0,8.9,9.7,9.3,0.7,9.3,4.3,5.3,5.1,2.7,3.3,3.3,5.2,3.3,4,2,6.5,3.4,9.3,4.3,4.4,3.3,3.3,5.02,1.3,3.4,Lettres,13.0
13.4,13.3,12.6,13.2,-0.8,3.0,6.5,5.4,5.4,3.8,5.4,8.1,6.2,7.2,4,0,9.0,8.4,3.0,6.5,4.9,5.4,8.1,2.88,1.3,4.7,Maths,13.4
13.1,13.7,12.2,13.3,-0.9,7.8,6.0,5.8,7.3,6.4,5.1,3.3,7.2,8.1,4,3,4.5,7.0,7.8,6.0,6.5,5.1,3.3,2.25,1.3,6.2,Maths,15.2
14.2,15.5,15.1,15.6,0.9,4.6,4.9,8.5,6.3,6.5,3.9,7.6,6.1,4.6,10,1,5.3,5.0,4.6,4.9,7.1,3.9,7.6,2.13,3.3,4.8,Maths,15.0
12.2,10.7,13.7,13.2,1.5,5.7,7.7,5.0,7.3,5.9,8.4,6.1,5.4,6.3,5,4,8.7,6.4,5.7,7.7,6.1,8.4,6.1,1.12,1.7,3.9,Sciences,12.3
10.0,10.5,10.9,10.5,0.9,6.2,7.8,5.9,5.6,5.7,3.6,7.2,5.5,7.5,10,2,9.4,7.3,6.2,7.8,5.7,3.6,7.2,2.1,3.3,4.0,Lettres,13.2
11.8,11.2,13.4,12.5,1.6,8.9,6.9,6.4,8.9,5.2,5.9,4.5,8.2,6.0,1,4,6.4,6.5,8.9,6.9,6.8,5.9,4.5,2.07,0.3,5.0,Maths,15.4
13.5,13.2,13.8,13.4,0.3,5.4,7.5,5.0,4.9,5.5,4.0,4.6,2.3,6.9,2,3,5.8,4.6,5.4,7.5,5.1,4.0,4.6,1.41,0.7,4.4,Lettres,13.0
13.9,12.9,14.4,14.2,0.5,8.1,8.9,6.1,4.6,5.1,5.9,5.1,5.8,2.2,8,3,5.2,5.2,8.1,8.9,5.3,5.9,5.1,2.41,2.7,5.0,Sciences,13.6
15.0,13.5,14.6,14.8,-0.4,4.9,7.4,6.0,6.6,3.3,3.4,4.1,8.3,7.7,15,1,2.8,6.4,4.9,7.4,5.3,3.4,4.1,1.85,5.0,6.8,Technique,13.6
14.2,15.5,15.4,14.4,1.2,7.9,6.8,5.8,7.6,4.4,6.6,5.2,6.7,6.0,9,2,4.6,6.1,7.9,6.8,5.9,6.6,5.2,0.81,3.0,5.8,Sciences,12.8
10.0,11.5,11.4,11.8,1.4,5.3,6.1,4.2,3.2,6.6,8.4,7.5,7.4,5.3,4,0,6.8,7.6,5.3,6.1,4.7,8.4,7.5,1.9,1.3,5.4,Gestion,11.8
13.7,12.7,12.5,13.1,-1.2,6.3,7.0,5.4,5.3,8.0,3.9,2.5,3.3,7.4,1,2,5.9,5.3,6.3,7.0,6.2,3.9,2.5,2.9,0.3,4.7,Technique,12.9
18.2,18.4,18.8,18.0,0.6,7.9,7.9,8.7,6.3,8.3,8.9,4.9,6.3,10.0,9,0,5.4,5.6,7.9,7.9,7.8,8.9,4.9,1.82,3.0,5.1,Technique,19.5
9.9,8.8,8.3,9.1,-1.6,6.0,4.0,3.8,4.3,6.4,3.3,2.3,5.0,5.2,3,0,7.7,8.9,6.0,4.0,4.8,3.3,2.3,1.61,1.0,5.6,Sciences,7.1
16.6,17.5,17.8,15.6,1.2,9.2,8.3,7.4,6.8,6.9,8.9,5.6,9.5,9.5,0,1,3.5,7.1,9.2,8.3,7.0,8.9,5.6,1.77,0.0,6.8,Sciences,17.7
12.4,12.5,13.1,12.7,0.7,7.2,6.1,6.4,8.0,8.6,9.2,4.9,4.9,4.2,3,3,6.5,7.5,7.2,6.1,7.7,9.2,4.9,2.11,1.0,5.5,Sciences,14.3
11.1,11.3,11.6,11.0,0.5,4.3,5.3,6.0,5.0,8.3,4.6,6.0,5.1,6.5,3,2,10.0,6.4,4.3,5.3,6.4,4.6,6.0,0.65,1.0,3.2,Sciences,11.5
8.0,10.4,9.2,9.5,1.2,3.3,4.2,4.8,6.1,2.0,2.0,3.7,4.8,4.2,2,2,7.5,4.8,3.3,4.2,4.3,2.0,3.7,0.69,0.7,3.6,Technique,6.8
14.2,15.8,14.4,14.4,0.2,6.7,9.5,7.1,6.5,7.3,8.2,6.4,5.8,6.3,11,2,4.8,6.6,6.7,9.5,7.0,8.2,6.4,1.32,3.7,5.9,Technique,18.5
10.1,11.2,11.9,11.9,1.8,3.1,4.5,4.2,6.8,5.5,5.5,5.4,6.5,3.1,4,4,8.0,2.0,3.1,4.5,5.5,5.5,5.4,0.86,1.3,2.0,Technique,12.1
9.5,10.6,10.9,11.0,1.4,7.9,7.2,4.0,6.0,5.0,6.2,5.3,2.5,6.9,10,2,5.2,4.1,7.9,7.2,5.0,6.2,5.3,1.21,3.3,4.4,Technique,13.1
11.0,12.4,12.1,11.3,1.1,5.2,6.6,6.7,7.7,5.9,4.3,5.8,6.2,6.7,7,2,9.1,6.0,5.2,6.6,6.8,4.3,5.8,0.83,2.3,3.4,Sciences,11.1
11.6,14.9,14.1,14.2,2.5,6.4,7.8,7.4,3.8,6.1,4.3,5.0,5.3,8.3,7,1,2.9,2.0,6.4,7.8,5.8,4.3,5.0,1.45,2.3,4.6,Sciences,14.8
12.0,13.8,13.9,12.8,1.9,8.8,5.9,7.3,4.4,5.0,7.7,8.2,6.1,8.2,12,4,4.9,6.4,8.8,5.9,5.6,7.7,8.2,1.63,4.0,5.8,Sciences,15.1
14.1,14.9,18.5,16.1,4.4,7.8,6.2,8.9,10.0,7.3,7.5,10.0,8.9,6.6,15,4,3.7,8.4,7.8,6.2,8.7,7.5,10.0,1.61,5.0,7.4,Gestion,19.7
11.5,14.8,13.5,13.4,2.0,5.6,7.3,5.9,4.8,7.7,3.2,6.4,7.0,8.1,2,2,6.1,7.5,5.6,7.3,6.1,3.2,6.4,1.9,0.7,5.7,Technique,14.2
11.3,11.5,12.6,12.2,1.3,5.2,5.8,4.2,4.0,5.3,5.9,4.8,5.4,7.4,6,1,3.4,6.4,5.2,5.8,4.5,5.9,4.8,0.3,2.0,6.5,Sciences,10.8
13.3,14.8,15.2,14.6,1.9,6.1,8.9,5.5,5.3,7.6,7.1,6.8,8.6,6.7,14,0,7.4,8.3,6.1,8.9,6.1,7.1,6.8,1.04,4.7,5.4,Sciences,17.2
9.9,10.9,12.7,11.0,2.8,4.6,3.3,2.3,5.7,3.5,3.2,2.0,2.0,4.4,8,0,8.9,7.2,4.6,3.3,3.8,3.2,2.0,0.73,2.7,4.2,Lettres,6.6
10.8,9.4,10.4,10.2,-0.4,6.3,7.8,8.1,4.2,6.7,8.4,5.5,6.9,5.1,10,0,7.7,8.1,6.3,7.8,6.3,8.4,5.5,1.14,3.3,5.2,Gestion,14.8
16.9,16.2,17.1,17.5,0.2,5.8,7.8,5.2,5.8,3.9,4.4,3.6,5.2,8.2,7,1,8.9,6.3,5.8,7.8,5.0,4.4,3.6,2.06,2.3,3.7,Technique,13.6
8.9,8.9,9.8,10.5,0.9,5.0,5.7,6.9,4.8,4.5,4.7,5.5,6.9,3.5,8,2,5.3,5.3,5.0,5.7,5.4,4.7,5.5,0.13,2.7,5.0,Maths,11.6
11.8,13.9,14.1,13.8,2.3,6.5,7.1,5.8,7.5,5.7,6.8,3.7,7.3,7.0,12,2,2.0,6.3,6.5,7.1,6.3,6.8,3.7,1.49,4.0,7.2,Sciences,14.1
12.1,10.5,11.8,11.9,-0.3,6.8,7.2,5.2,5.1,4.0,5.8,4.5,7.5,5.5,9,5,7.8,5.7,6.8,7.2,4.8,5.8,4.5,1.14,3.0,4.0,Lettres,14.5
13.9,13.9,16.8,14.9,2.9,6.4,6.0,4.9,6.9,5.0,3.6,2.0,9.0,5.1,10,2,5.0,8.2,6.4,6.0,5.6,3.6,2.0,2.78,3.3,6.6,Gestion,15.5
12.5,13.0,14.9,13.2,2.4,5.9,7.1,5.0,3.9,6.2,5.7,2.8,7.7,3.5,7,1,4.1,6.9,5.9,7.1,5.0,5.7,2.8,2.02,2.3,6.4,Maths,13.4
10.4,8.4,10.3,10.8,-0.1,5.7,7.9,7.5,8.7,5.4,4.3,5.2,5.4,5.3,0,3,7.7,4.9,5.7,7.9,7.2,4.3,5.2,1.73,0.0,3.6,Gestion,11.6
13.9,15.5,14.5,14.8,0.6,6.3,6.6,4.5,5.5,7.1,7.0,3.5,6.4,4.5,7,0,10.0,8.3,6.3,6.6,5.7,7.0,3.5,1.53,2.3,4.2,Gestion,14.0
12.6,11.1,13.7,13.3,1.1,6.9,5.0,9.4,6.1,5.1,6.0,7.1,7.4,6.5,6,0,5.5,5.7,6.9,5.0,6.9,6.0,7.1,0.61,2.0,5.1,Sciences,14.8
15.0,15.9,17.4,16.0,2.4,7.0,7.0,6.0,9.4,7.0,6.7,4.1,7.7,9.8,8,3,6.4,5.3,7.0,7.0,7.5,6.7,4.1,1.44,2.7,4.4,Maths,18.0
9.6,11.5,11.8,11.5,2.2,7.7,4.2,7.0,4.9,4.7,3.7,5.8,7.2,6.4,14,2,4.3,5.9,7.7,4.2,5.5,3.7,5.8,1.96,4.7,5.8,Sciences,13.6
10.5,12.3,11.6,11.8,1.1,5.9,7.4,5.2,7.8,6.3,4.6,3.2,2.7,8.4,11,2,3.6,4.1,5.9,7.4,6.4,4.6,3.2,2.15,3.7,5.2,Sciences,11.6
14.9,15.7,16.0,15.7,1.1,5.6,7.2,5.3,5.0,7.4,6.9,5.5,8.6,4.6,0,1,7.9,7.4,5.6,7.2,5.9,6.9,5.5,0.49,0.0,4.8,Gestion,13.0
10.0,14.2,12.2,12.4,2.2,5.7,4.6,3.0,5.8,5.5,3.3,2.0,5.2,3.4,0,2,8.2,3.7,5.7,4.6,4.8,3.3,2.0,1.66,0.0,2.8,Sciences,9.8
14.7,16.5,17.1,16.3,2.4,8.1,6.4,7.4,6.3,8.8,6.8,5.2,5.7,6.2,10,1,3.5,6.9,8.1,6.4,7.5,6.8,5.2,0.98,3.3,6.7,Gestion,19.2
12.9,14.2,13.0,13.3,0.1,4.9,6.0,4.8,4.2,6.3,4.4,3.8,5.6,6.6,6,2,8.5,8.0,4.9,6.0,5.1,4.4,3.8,0.54,2.0,4.8,Lettres,15.7
12.3,10.9,11.5,11.6,-0.8,6.0,4.7,2.7,5.7,6.3,2.8,6.0,2.6,9.3,7,0,3.8,4.2,6.0,4.7,4.9,2.8,6.0,1.37,2.3,5.2,Sciences,10.8
13.8,13.4,14.5,13.3,0.7,5.2,6.6,6.2,6.8,5.9,5.4,5.8,4.8,3.9,2,2,3.8,6.7,5.2,6.6,6.3,5.4,5.8,0.28,0.7,6.4,Maths,13.8
11.9,14.7,13.0,13.3,1.1,7.4,6.3,4.8,3.6,4.0,5.6,2.6,5.9,6.9,12,5,5.3,4.2,7.4,6.3,4.1,5.6,2.6,2.82,4.0,4.4,Gestion,13.0
13.2,12.9,12.2,13.1,-1.0,7.3,9.3,9.5,6.2,7.0,9.6,5.3,9.3,6.1,10,2,4.3,7.1,7.3,9.3,7.6,9.6,5.3,2.41,3.3,6.4,Gestion,17.2
16.2,15.9,16.1,15.7,-0.1,8.5,6.6,8.4,8.4,5.1,5.5,4.2,7.8,6.7,9,2,7.7,7.6,8.5,6.6,7.3,5.5,4.2,2.18,3.0,4.9,Gestion,16.9
12.6,13.2,12.3,12.3,-0.3,6.3,5.2,9.1,7.2,9.9,5.9,7.1,7.2,5.0,9,2,5.5,6.4,6.3,5.2,8.7,5.9,7.1,1.47,3.0,5.4,Maths,15.8
14.1,13.2,14.6,13.9,0.5,5.6,4.0,4.1,4.4,4.5,2.7,6.7,3.8,6.6,4,2,6.6,5.4,5.6,4.0,4.3,2.7,6.7,1.89,1.3,4.4,Maths,10.6
10.6,10.1,12.6,12.0,2.0,8.2,6.6,6.3,5.0,6.9,6.6,2.5,5.3,6.2,0,3,3.6,6.8,8.2,6.6,6.1,6.6,2.5,3.56,0.0,6.6,Technique,14.2
13.1,13.6,13.7,13.4,0.6,6.1,5.5,2.1,8.7,5.8,6.1,6.5,5.3,7.7,8,2,8.0,5.5,6.1,5.5,5.5,6.1,6.5,0.14,2.7,3.8,Lettres,13.7
14.9,14.9,14.3,14.0,-0.6,5.4,5.8,5.3,3.3,3.6,7.7,3.3,5.0,6.2,6,2,4.3,7.3,5.4,5.8,4.1,7.7,3.3,2.31,2.0,6.5,Maths,12.7
12.4,11.7,12.6,12.9,0.2,7.5,6.1,6.3,5.9,3.1,7.5,4.7,6.0,3.6,4,2,3.5,8.4,7.5,6.1,5.1,7.5,4.7,1.37,1.3,7.4,Lettres,14.4
11.3,12.6,12.4,12.0,1.1,6.4,6.8,5.4,2.8,6.2,5.4,4.5,5.1,7.0,11,2,6.2,3.8,6.4,6.8,4.8,5.4,4.5,0.79,3.7,3.8,Sciences,10.9
15.0,15.6,16.0,15.0,1.0,5.6,5.6,5.8,7.7,8.0,4.6,8.2,5.7,3.2,11,2,6.4,8.9,5.6,5.6,7.2,4.6,8.2,1.64,3.7,6.2,Lettres,13.3
12.2,11.9,13.4,13.9,1.2,4.0,6.0,6.1,5.8,4.7,5.8,3.2,5.4,3.6,19,0,4.7,5.5,4.0,6.0,5.5,5.8,3.2,1.22,6.3,5.4,Technique,13.8
15.2,14.5,15.6,15.3,0.4,6.8,8.5,3.0,6.9,4.2,6.1,7.2,7.5,5.8,14,5,6.2,10.0,6.8,8.5,4.7,6.1,7.2,1.57,4.7,6.9,Maths,17.2
8.3,9.5,11.0,9.9,2.7,7.1,5.5,6.1,9.8,5.1,6.9,2.7,5.6,4.7,4,3,5.8,5.3,7.1,5.5,7.0,6.9,2.7,2.81,1.3,4.8,Technique,12.9
10.8,11.7,12.6,11.9,1.8,5.7,7.3,6.9,5.1,4.6,7.0,2.9,4.4,8.3,4,1,7.7,7.3,5.7,7.3,5.5,7.0,2.9,2.42,1.3,4.8,Sciences,14.5
13.5,14.2,16.2,14.9,2.7,6.7,7.1,8.1,8.6,4.9,5.1,5.1,6.5,6.1,6,2,6.7,7.3,6.7,7.1,7.2,5.1,5.1,0.89,2.0,5.3,Sciences,14.3
14.8,13.5,14.0,14.2,-0.8,5.9,6.9,6.7,5.4,6.9,3.2,5.2,6.3,8.1,5,0,9.0,5.5,5.9,6.9,6.3,3.2,5.2,1.64,1.7,3.2,Sciences,14.4
13.4,15.5,12.8,14.0,-0.6,3.9,5.0,5.7,5.4,5.6,7.6,2.0,4.1,5.3,8,1,5.3,6.1,3.9,5.0,5.6,7.6,2.0,3.42,2.7,5.4,Sciences,13.5
13.5,13.8,14.4,13.9,0.9,5.6,8.0,7.6,9.8,4.5,6.4,7.1,5.5,6.6,1,0,7.6,8.4,5.6,8.0,7.3,6.4,7.1,0.67,0.3,5.4,Maths,13.6
13.3,11.8,13.0,12.4,-0.3,5.8,7.7,2.0,4.3,5.4,3.8,2.0,5.6,5.6,8,2,4.3,4.4,5.8,7.7,3.9,3.8,2.0,3.79,2.7,5.1,Gestion,8.8
11.7,13.3,14.7,13.3,3.0,3.9,6.9,5.6,4.0,7.1,6.7,5.0,5.2,7.5,9,0,10.0,5.6,3.9,6.9,5.6,6.7,5.0,1.23,3.0,2.8,Technique,15.1
13.4,13.6,14.4,13.1,1.0,6.8,5.1,4.8,6.2,5.2,5.6,7.4,4.6,5.5,10,3,7.5,4.0,6.8,5.1,5.4,5.6,7.4,0.78,3.3,3.2,Sciences,13.6
11.6,11.5,12.2,11.5,0.6,5.0,6.6,6.0,5.6,6.1,7.7,9.0,5.9,5.7,3,3,5.4,8.7,5.0,6.6,5.9,7.7,9.0,1.95,1.0,6.6,Lettres,14.0
10.8,10.1,11.2,10.3,0.4,6.8,7.3,2.4,6.0,6.2,2.0,4.1,6.7,5.4,8,1,6.0,4.9,6.8,7.3,4.9,2.0,4.1,3.67,2.7,4.4,Technique,12.4
9.7,10.3,11.0,10.9,1.3,7.7,6.0,8.2,5.8,6.7,5.1,2.6,9.0,4.1,15,2,5.3,8.2,7.7,6.0,6.9,5.1,2.6,3.1,5.0,6.4,Lettres,14.7
11.2,9.6,9.5,10.2,-1.7,5.4,5.4,4.8,8.4,5.1,7.5,6.8,6.4,5.4,2,1,10.0,4.4,5.4,5.4,6.1,7.5,6.8,0.67,0.7,2.2,Technique,11.0
15.6,16.2,17.1,16.7,1.5,7.1,7.7,7.2,7.3,8.6,7.0,7.0,8.5,6.3,6,3,6.8,8.5,7.1,7.7,7.7,7.0,7.0,0.11,2.0,5.8,Sciences,16.3
8.0,8.3,9.1,8.0,1.1,3.1,5.7,4.2,2.3,4.8,6.6,2.7,4.6,5.1,6,1,7.4,5.8,3.1,5.7,3.8,6.6,2.7,2.3,2.0,4.2,Maths,6.4
12.5,12.6,14.3,13.5,1.8,5.4,8.1,8.4,6.5,5.6,3.9,4.2,5.9,6.8,5,3,3.2,6.0,5.4,8.1,6.8,3.9,4.2,2.52,1.7,6.4,Technique,15.7
9.7,11.3,11.9,10.9,2.2,8.6,7.5,3.2,4.6,5.1,7.2,3.7,7.1,8.1,7,0,8.2,4.7,8.6,7.5,4.3,7.2,3.7,3.66,2.3,3.3,Sciences,13.7
13.1,15.7,14.4,14.4,1.3,6.9,7.4,7.5,6.6,6.1,8.3,5.3,7.5,7.5,18,1,6.1,5.9,6.9,7.4,6.7,8.3,5.3,0.96,6.0,4.9,Sciences,18.4
10.4,10.3,10.1,10.0,-0.3,6.5,5.0,5.9,2.8,5.1,2.0,4.4,4.9,3.8,0,0,9.2,3.5,6.5,5.0,4.6,2.0,4.4,2.1,0.0,2.2,Sciences,7.5
8.0,8.2,9.2,8.5,1.2,3.3,3.5,4.0,7.3,3.2,3.4,2.7,3.1,4.6,11,2,7.8,6.4,3.3,3.5,4.8,3.4,2.7,0.49,3.7,4.3,Sciences,7.2
13.7,12.5,13.6,13.7,-0.1,6.6,7.0,4.1,4.3,4.7,4.9,3.8,6.4,6.7,5,3,6.0,5.9,6.6,7.0,4.4,4.9,3.8,1.57,1.7,5.0,Maths,11.9
18.1,19.5,18.4,18.5,0.3,7.0,9.9,6.8,8.4,8.9,4.3,7.3,7.9,5.3,7,3,7.2,5.4,7.0,9.9,8.0,4.3,7.3,3.28,2.3,4.1,Maths,19.8
8.0,8.0,8.5,8.0,0.5,5.0,5.1,3.5,3.6,4.4,3.4,2.0,4.6,3.5,6,1,10.0,4.2,5.0,5.1,3.8,3.4,2.0,1.3,2.0,2.1,Sciences,7.1
10.5,12.3,12.4,11.5,1.9,5.8,5.8,4.7,3.8,7.4,6.7,4.2,6.0,5.0,8,0,7.4,5.6,5.8,5.8,5.3,6.7,4.2,0.67,2.7,4.1,Technique,13.0
12.1,12.7,12.2,12.1,0.1,5.5,5.6,5.2,5.6,6.5,4.4,2.0,5.3,6.3,7,2,8.3,2.0,5.5,5.6,5.8,4.4,2.0,1.99,2.3,1.8,Technique,11.8
13.6,14.0,13.6,14.2,0.0,6.9,8.4,7.9,6.1,3.7,5.6,5.0,6.6,6.6,4,3,6.8,5.4,6.9,8.4,5.9,5.6,5.0,1.42,1.3,4.3,Sciences,12.6
12.4,11.5,11.4,11.7,-1.0,5.5,5.7,4.8,6.3,5.3,5.6,2.0,5.4,6.0,8,5,3.9,7.0,5.5,5.7,5.5,5.6,2.0,2.04,2.7,6.6,Sciences,12.6
10.3,10.3,12.5,12.0,2.2,4.1,7.2,4.7,2.0,6.8,5.0,6.3,3.6,2.2,0,1,4.8,5.4,4.1,7.2,4.5,5.0,6.3,1.34,0.0,5.3,Sciences,11.9
10.6,12.1,12.3,11.8,1.7,7.8,7.3,7.0,4.2,4.2,4.6,2.8,4.1,4.2,10,1,7.7,6.7,7.8,7.3,5.1,4.6,2.8,3.35,3.3,4.5,Maths,14.9
10.1,10.9,10.8,10.3,0.7,4.9,5.9,5.6,7.1,6.3,6.5,2.0,6.4,5.7,14,2,8.4,6.7,4.9,5.9,6.3,6.5,2.0,2.75,4.7,4.2,Sciences,13.3
16.7,15.7,17.4,16.7,0.7,8.1,5.7,4.8,5.1,6.5,3.6,4.9,6.5,6.2,2,2,7.0,6.0,8.1,5.7,5.5,3.6,4.9,2.15,0.7,4.5,Maths,16.6
8.8,9.8,10.2,9.9,1.4,7.6,6.6,5.8,6.0,3.0,5.4,8.0,3.8,6.1,6,4,6.8,7.1,7.6,6.6,4.9,5.4,8.0,1.43,2.0,5.2,Technique,13.3
14.4,14.2,14.7,14.2,0.3,4.5,5.1,4.5,2.7,4.8,6.7,5.4,5.1,4.3,1,1,9.4,7.5,4.5,5.1,4.0,6.7,5.4,0.84,0.3,4.0,Technique,9.1
15.1,16.2,16.0,15.7,0.9,9.0,9.8,8.3,7.7,5.3,5.5,2.1,7.1,9.2,3,2,5.0,4.1,9.0,9.8,7.1,5.5,2.1,7.53,1.0,4.6,Sciences,16.9
12.9,14.6,15.8,14.6,2.9,7.5,5.8,4.9,7.5,4.3,4.6,2.8,6.0,3.3,0,3,6.8,5.7,7.5,5.8,5.6,4.6,2.8,2.38,0.0,4.4,Maths,14.9
14.6,12.8,15.7,14.3,1.1,5.9,9.7,7.7,7.1,6.0,6.9,4.4,6.9,6.8,3,3,5.4,10.0,5.9,9.7,6.9,6.9,4.4,3.0,1.0,7.3,Technique,14.6
12.4,12.8,12.6,13.3,0.2,8.7,7.4,6.2,7.7,3.2,6.1,9.3,8.4,7.7,8,4,3.7,6.6,8.7,7.4,5.7,6.1,9.3,1.97,2.7,6.4,Lettres,15.1
14.9,15.9,15.8,15.7,0.9,6.3,8.3,5.5,9.2,5.8,7.7,4.1,9.2,8.2,16,2,6.3,6.8,6.3,8.3,6.8,7.7,4.1,2.1,5.3,5.2,Gestion,17.8
14.8,16.0,15.5,15.2,0.7,7.6,7.3,5.5,5.3,10.0,6.7,4.3,7.9,8.6,4,4,6.8,6.6,7.6,7.3,6.9,6.7,4.3,1.38,1.3,4.9,Technique,18.7
12.0,11.4,12.1,12.0,0.1,5.1,5.7,7.8,3.7,5.9,2.0,7.1,5.1,6.6,7,0,10.0,7.4,5.1,5.7,5.8,2.0,7.1,2.89,2.3,3.7,Maths,10.2
13.2,16.9,16.6,14.9,3.4,8.5,8.3,6.9,8.1,5.4,8.4,6.1,7.6,6.3,12,0,5.3,5.2,8.5,8.3,6.8,8.4,6.1,0.97,4.0,5.0,Maths,17.6
11.6,9.8,12.0,11.5,0.4,7.9,7.7,7.4,7.5,7.9,8.9,6.9,6.7,4.7,16,4,4.1,7.6,7.9,7.7,7.6,8.9,6.9,0.42,5.3,6.8,Lettres,13.8
11.9,10.1,10.3,10.6,-1.6,7.2,4.6,2.9,4.2,3.8,7.1,3.3,5.3,2.8,9,2,6.0,5.1,7.2,4.6,3.6,7.1,3.3,2.81,3.0,4.6,Sciences,11.7
10.6,11.6,12.5,11.7,1.9,7.0,8.5,10.0,4.8,5.1,2.0,4.9,6.7,5.8,11,3,5.6,4.8,7.0,8.5,6.6,2.0,4.9,4.93,3.7,4.6,Lettres,14.3
18.0,17.1,17.8,17.3,-0.2,7.9,8.7,8.8,6.2,5.4,7.5,8.4,5.8,6.5,15,2,4.7,6.7,7.9,8.7,6.8,7.5,8.4,0.45,5.0,6.0,Technique,19.1
10.6,10.7,12.3,11.8,1.7,4.0,7.1,5.5,3.2,6.1,4.6,4.6,6.3,7.7,3,2,7.0,5.8,4.0,7.1,4.9,4.6,4.6,1.14,1.0,4.4,Technique,13.3
8.7,10.9,12.2,10.5,3.5,5.1,6.5,5.8,4.1,8.1,4.0,7.2,7.2,6.1,6,0,6.3,5.4,5.1,6.5,6.0,4.0,7.2,1.24,2.0,4.6,Sciences,14.8
12.1,13.5,13.8,13.2,1.7,8.5,5.1,6.9,3.7,4.1,5.5,5.6,5.4,4.5,13,2,7.6,7.7,8.5,5.1,4.9,5.5,5.6,1.73,4.3,5.1,Technique,13.0
14.2,15.8,15.9,15.8,1.7,4.4,6.9,7.3,5.6,2.9,5.5,3.3,6.4,4.8,0,4,6.1,4.9,4.4,6.9,5.3,5.5,3.3,1.43,0.0,4.4,Maths,14.7
12.0,14.8,13.2,14.5,1.2,5.7,6.9,6.4,6.4,7.6,6.5,5.1,5.0,9.1,5,2,2.0,6.4,5.7,6.9,6.8,6.5,5.1,0.48,1.7,7.2,Sciences,14.4
8.2,9.3,9.9,9.7,1.7,6.5,3.2,4.7,5.3,7.0,4.5,5.9,3.3,5.0,0,3,7.8,5.9,6.5,3.2,5.7,4.5,5.9,1.38,0.0,4.1,Sciences,9.2
9.7,9.0,11.8,10.5,2.1,6.8,7.5,6.8,5.0,2.8,3.7,6.2,6.6,5.1,9,3,6.2,6.2,6.8,7.5,4.9,3.7,6.2,1.87,3.0,5.0,Lettres,13.8
8.0,9.0,9.8,9.6,1.8,5.7,5.8,2.0,3.5,4.9,3.1,3.8,3.5,4.8,2,0,8.8,6.0,5.7,5.8,3.5,3.1,3.8,1.31,0.7,3.6,Technique,7.7
8.0,10.1,8.5,10.0,0.5,5.5,3.8,3.9,4.6,4.8,3.0,2.0,2.3,7.5,7,3,7.0,4.1,5.5,3.8,4.4,3.0,2.0,1.43,2.3,3.6,Maths,8.4
9.2,11.6,11.4,11.5,2.2,8.4,5.2,3.6,3.6,4.6,2.7,2.0,4.8,5.7,8,2,6.4,7.1,8.4,5.2,3.9,2.7,2.0,5.1,2.7,5.4,Sciences,13.9
14.1,14.1,15.2,14.1,1.1,7.0,6.2,7.0,7.4,3.8,3.3,2.2,5.1,7.3,1,2,6.9,7.2,7.0,6.2,6.1,3.3,2.2,3.46,0.3,5.2,Gestion,14.2
16.7,16.3,16.5,15.8,-0.2,7.3,6.4,4.9,7.7,7.2,5.1,4.0,7.2,7.8,1,5,5.8,7.6,7.3,6.4,6.6,5.1,4.0,1.39,0.3,5.9,Gestion,13.5
14.4,13.8,13.9,14.3,-0.5,6.2,6.7,4.2,5.3,6.5,8.3,4.7,7.1,4.0,9,3,6.7,3.2,6.2,6.7,5.3,8.3,4.7,1.53,3.0,3.2,Technique,15.6
12.0,13.2,13.0,13.2,1.0,7.2,6.4,4.8,5.2,6.2,4.6,2.3,5.1,5.3,4,1,6.2,6.8,7.2,6.4,5.4,4.6,2.3,2.85,1.3,5.3,Technique,13.7
11.3,12.5,12.0,12.0,0.7,6.3,7.1,6.5,7.9,5.1,4.5,7.0,5.8,7.9,6,2,6.0,7.7,6.3,7.1,6.5,4.5,7.0,0.88,2.0,5.8,Maths,14.7
17.7,17.9,17.8,18.0,0.1,7.7,6.5,7.3,7.0,6.0,4.9,3.8,9.7,6.6,16,2,2.0,6.5,7.7,6.5,6.8,4.9,3.8,1.95,5.3,7.2,Technique,19.3
10.5,10.5,10.3,11.6,-0.2,6.9,4.1,3.6,6.1,2.0,5.0,2.1,6.8,6.2,10,4,4.7,4.6,6.9,4.1,3.9,5.0,2.1,2.45,3.3,4.9,Sciences,11.4
13.3,11.4,13.2,12.3,-0.1,7.8,3.1,3.6,5.8,5.6,7.5,5.2,4.9,5.2,17,2,3.8,4.9,7.8,3.1,5.0,7.5,5.2,3.03,5.7,5.6,Lettres,14.2
13.0,14.3,14.9,13.6,1.9,9.0,8.0,6.4,8.4,8.2,9.0,7.0,8.2,5.8,7,5,6.1,4.5,9.0,8.0,7.7,9.0,7.0,0.6,2.3,4.2,Technique,14.8
13.5,16.4,14.2,15.1,0.7,9.4,7.4,5.9,7.2,5.1,6.6,9.2,7.0,6.1,7,0,7.5,7.7,9.4,7.4,6.1,6.6,9.2,1.82,2.3,5.1,Maths,16.4
9.4,11.5,11.7,10.4,2.3,5.9,6.1,4.1,5.2,2.1,4.4,5.0,5.7,5.7,6,2,7.4,8.7,5.9,6.1,3.8,4.4,5.0,0.76,2.0,5.6,Maths,8.3
15.6,17.0,17.0,16.8,1.4,5.5,6.2,6.8,7.6,7.4,5.5,8.6,7.2,7.4,8,1,6.4,5.8,5.5,6.2,7.3,5.5,8.6,1.4,2.7,4.7,Gestion,17.5
14.7,15.7,18.1,16.8,3.4,10.0,8.5,8.4,6.6,8.3,6.4,4.0,9.7,7.9,10,2,5.3,6.5,10.0,8.5,7.8,6.4,4.0,4.13,3.3,5.6,Sciences,20.0
11.4,11.8,12.1,11.8,0.7,7.2,6.3,6.9,4.7,4.6,6.2,8.6,4.3,9.4,6,1,6.7,5.7,7.2,6.3,5.4,6.2,8.6,1.19,2.0,4.5,Sciences,12.4
12.4,13.6,12.6,12.2,0.2,4.6,4.9,5.4,6.3,4.6,4.3,2.0,5.1,7.9,14,1,7.9,2.7,4.6,4.9,5.4,4.3,2.0,1.4,4.7,2.4,Technique,11.0
12.2,14.5,14.5,13.9,2.3,7.5,4.6,5.6,6.0,6.3,5.3,4.1,8.0,3.5,11,5,6.4,4.9,7.5,4.6,6.0,5.3,4.1,1.41,3.7,4.2,Maths,14.0
8.9,10.4,10.3,10.6,1.4,4.9,8.5,5.8,3.8,5.4,5.3,5.9,2.9,5.4,11,4,6.0,5.7,4.9,8.5,5.0,5.3,5.9,1.79,3.7,4.8,Gestion,13.0
15.0,16.7,17.4,16.1,2.4,8.1,9.1,6.2,9.3,8.0,5.1,2.6,7.0,10.0,17,3,5.9,5.0,8.1,9.1,7.8,5.1,2.6,5.65,5.7,4.6,Sciences,16.3
12.1,11.3,11.8,12.4,-0.3,4.7,5.9,3.5,7.2,9.4,5.3,3.3,5.7,5.3,12,1,8.7,8.0,4.7,5.9,6.7,5.3,3.3,1.32,4.0,4.6,Gestion,13.5
12.0,11.9,12.5,12.5,0.5,5.4,7.1,7.6,5.8,3.2,2.1,3.0,7.2,9.1,3,1,6.9,3.8,5.4,7.1,5.5,2.1,3.0,3.31,1.0,3.4,Sciences,13.6
15.9,14.1,15.8,15.1,-0.1,8.0,6.4,7.8,5.8,8.1,6.8,4.8,8.2,6.0,13,3,5.9,7.9,8.0,6.4,7.2,6.8,4.8,1.13,4.3,6.0,Sciences,15.5
14.1,16.1,15.6,15.7,1.5,8.8,6.2,9.8,6.8,6.7,10.0,8.1,8.1,6.6,15,3,3.6,9.1,8.8,6.2,7.8,10.0,8.1,1.56,5.0,7.8,Lettres,16.7
10.3,12.5,12.8,11.9,2.5,6.9,8.8,9.3,6.6,7.9,4.6,5.0,6.6,7.4,11,2,8.6,6.6,6.9,8.8,7.9,4.6,5.0,2.65,3.7,4.0,Technique,13.7
15.8,14.9,16.4,15.0,0.6,6.6,4.8,4.7,3.1,7.3,6.5,4.4,6.8,6.4,8,3,3.1,6.1,6.6,4.8,5.0,6.5,4.4,0.82,2.7,6.5,Maths,15.2
9.8,10.4,12.3,11.2,2.5,3.2,5.6,5.0,8.6,5.5,6.5,2.0,5.3,6.5,9,3,3.5,6.1,3.2,5.6,6.4,6.5,2.0,3.27,3.0,6.3,Sciences,12.1
14.4,15.3,14.1,15.3,-0.3,5.9,6.3,9.4,4.3,6.7,7.4,5.7,6.3,8.2,7,2,7.0,5.0,5.9,6.3,6.8,7.4,5.7,0.38,2.3,4.0,Technique,12.8
12.3,11.4,12.2,11.8,-0.1,7.3,8.7,6.0,5.9,5.3,5.1,6.5,8.3,7.3,4,1,4.4,2.6,7.3,8.7,5.7,5.1,6.5,1.58,1.3,4.1,Technique,14.0
15.0,13.6,15.4,14.3,0.4,6.6,8.2,6.8,6.3,5.1,2.9,2.2,5.7,6.8,6,0,7.4,4.7,6.6,8.2,6.1,2.9,2.2,5.2,2.0,3.6,Lettres,15.5
8.0,8.4,8.0,8.1,0.0,4.2,2.0,2.0,7.0,5.2,4.2,3.5,3.6,6.7,6,2,5.2,4.5,4.2,2.0,4.7,4.2,3.5,0.9,2.0,4.6,Lettres,6.6
18.1,17.5,19.1,18.2,1.0,7.3,7.6,7.2,6.5,5.4,6.5,6.0,7.2,8.3,6,5,6.7,5.1,7.3,7.6,6.4,6.5,6.0,0.36,2.0,4.2,Technique,17.1
8.6,9.5,11.7,10.9,3.1,6.0,6.4,8.7,8.1,6.7,4.8,6.7,7.5,5.1,4,0,7.6,5.2,6.0,6.4,7.8,4.8,6.7,0.97,1.3,3.8,Maths,13.4
9.3,9.6,10.1,10.8,0.8,4.7,4.3,6.2,4.9,4.3,3.9,2.6,4.9,7.5,7,3,8.0,5.6,4.7,4.3,5.1,3.9,2.6,0.75,2.3,3.8,Maths,7.9
13.0,12.6,15.0,14.0,2.0,7.5,8.6,6.3,5.4,3.3,6.8,4.2,8.9,8.2,11,1,2.0,7.1,7.5,8.6,5.0,6.8,4.2,2.6,3.7,7.6,Technique,18.0
12.0,13.2,13.5,13.0,1.5,8.7,5.0,5.7,6.3,5.2,6.3,4.4,8.0,6.2,11,1,2.6,8.0,8.7,5.0,5.7,6.3,4.4,2.2,3.7,7.7,Sciences,14.8
12.4,14.3,15.0,14.2,2.6,4.0,6.3,4.6,5.9,6.6,6.3,7.5,7.4,3.6,3,3,6.1,6.7,4.0,6.3,5.7,6.3,7.5,1.3,1.0,5.3,Maths,14.8
13.4,14.8,14.2,14.7,0.8,5.6,7.0,4.6,4.0,5.1,5.0,6.8,4.7,4.1,10,2,5.7,6.5,5.6,7.0,4.6,5.0,6.8,0.93,3.3,5.4,Sciences,13.3
15.6,17.1,17.0,16.6,1.4,6.0,8.0,3.8,6.9,2.4,6.6,5.3,9.1,9.1,6,2,6.7,5.2,6.0,8.0,4.4,6.6,5.3,1.5,2.0,4.2,Sciences,15.8
10.9,11.5,9.3,10.4,-1.6,6.7,6.6,5.8,5.8,7.7,5.0,6.8,8.1,8.6,3,2,6.0,3.7,6.7,6.6,6.4,5.0,6.8,0.44,1.0,3.8,Sciences,13.5
8.0,10.8,9.8,11.3,1.8,5.3,4.8,7.1,5.6,5.0,5.6,2.0,5.2,5.3,3,1,7.0,4.4,5.3,4.8,5.9,5.6,2.0,1.98,1.0,3.7,Maths,9.7
15.5,15.3,15.3,14.9,-0.2,8.4,6.1,6.3,5.9,6.3,4.3,6.3,4.2,3.5,14,3,2.0,4.6,8.4,6.1,6.2,4.3,6.3,1.69,4.7,6.3,Gestion,13.1
10.6,9.4,12.0,10.8,1.4,9.3,7.7,8.2,5.0,5.3,5.8,3.1,4.5,4.9,7,2,7.2,5.9,9.3,7.7,6.2,5.8,3.1,4.28,2.3,4.4,Maths,14.6
15.2,15.2,14.5,14.0,-0.7,5.8,6.9,7.9,7.2,6.9,3.1,8.4,6.9,4.2,19,0,4.5,4.4,5.8,6.9,7.3,3.1,8.4,3.27,6.3,5.0,Maths,14.8
12.2,12.1,13.4,13.2,1.2,6.6,5.3,5.3,5.0,8.7,5.0,3.1,5.5,4.0,0,1,5.2,7.5,6.6,5.3,6.3,5.0,3.1,1.54,0.0,6.2,Sciences,14.2
15.0,15.1,15.8,15.7,0.8,8.0,6.2,6.0,2.1,5.7,7.4,4.2,5.2,10.0,4,0,2.9,5.6,8.0,6.2,4.6,7.4,4.2,2.23,1.3,6.4,Technique,17.7
9.7,10.5,10.5,11.0,0.8,5.0,4.1,4.5,5.6,7.9,3.4,5.7,3.7,8.7,13,2,3.7,5.1,5.0,4.1,6.0,3.4,5.7,0.95,4.3,5.7,Sciences,12.3
13.8,11.2,12.7,12.6,-1.1,8.5,9.5,4.5,5.9,7.3,5.8,6.9,6.7,5.6,18,4,7.5,6.7,8.5,9.5,5.9,5.8,6.9,2.13,6.0,4.6,Technique,17.4
8.0,9.5,10.1,9.5,2.1,5.9,7.2,5.8,6.2,4.3,2.0,4.0,6.3,6.0,3,0,7.7,7.7,5.9,7.2,5.4,2.0,4.0,3.16,1.0,5.0,Lettres,12.9
17.7,17.6,17.4,17.4,-0.3,6.9,8.2,3.3,10.0,10.0,4.6,6.7,9.8,5.8,12,3,5.8,10.0,6.9,8.2,7.8,4.6,6.7,1.55,4.0,7.1,Sciences,19.4
14.0,14.2,15.3,14.4,1.3,5.9,5.7,6.7,8.7,6.2,3.5,5.8,6.7,6.0,11,3,5.8,8.9,5.9,5.7,7.2,3.5,5.8,1.42,3.7,6.6,Sciences,13.1
13.7,13.7,15.6,15.1,1.9,6.2,6.8,7.0,6.3,7.6,6.4,6.3,6.7,9.3,9,1,2.0,4.5,6.2,6.8,7.0,6.4,6.3,0.09,3.0,6.2,Maths,16.9
9.0,11.6,10.4,9.8,1.4,6.3,6.4,5.4,3.4,4.2,4.9,3.4,5.5,6.5,6,4,10.0,4.4,6.3,6.4,4.3,4.9,3.4,1.33,2.0,2.2,Lettres,9.2
9.5,10.8,11.3,10.3,1.8,8.8,8.8,7.5,6.6,4.5,5.3,5.9,6.6,7.3,8,2,6.8,5.0,8.8,8.8,6.2,5.3,5.9,2.24,2.7,4.1,Gestion,13.5
9.5,13.2,10.7,10.8,1.2,4.9,3.8,4.6,3.7,4.5,3.4,6.4,5.5,4.4,0,5,8.1,5.4,4.9,3.8,4.3,3.4,6.4,1.1,0.0,3.6,Lettres,7.8
11.4,11.6,13.1,12.3,1.7,7.3,8.6,9.0,6.9,8.7,5.4,3.2,6.8,8.5,8,0,4.8,6.9,7.3,8.6,8.2,5.4,3.2,4.01,2.7,6.1,Maths,15.8
12.5,13.6,12.7,12.7,0.2,7.2,7.1,7.4,5.2,5.7,7.1,3.8,8.2,7.5,9,2,2.0,5.4,7.2,7.1,6.1,7.1,3.8,1.67,3.0,6.7,Lettres,15.4
12.2,13.2,13.1,12.5,0.9,8.3,6.5,5.1,6.4,6.0,6.0,5.2,7.6,7.0,9,2,7.8,5.1,8.3,6.5,5.8,6.0,5.2,1.11,3.0,3.6,Sciences,14.6
14.2,14.6,14.7,14.9,0.5,9.3,9.8,6.9,5.6,9.1,6.0,3.9,7.7,7.1,3,2,2.8,5.2,9.3,9.8,7.2,6.0,3.9,4.7,1.0,6.2,Sciences,18.0
13.4,14.3,12.6,13.0,-0.8,7.1,7.2,3.3,8.2,5.9,8.2,2.2,6.8,7.2,13,3,6.3,2.0,7.1,7.2,5.8,8.2,2.2,4.38,4.3,2.8,Lettres,16.1
11.8,12.9,13.7,13.3,1.9,7.0,7.0,4.8,5.0,6.7,8.8,7.1,7.6,6.7,9,5,7.3,3.9,7.0,7.0,5.5,8.8,7.1,1.09,3.0,3.3,Lettres,14.2
12.3,12.8,11.9,13.1,-0.4,8.0,7.5,6.0,7.3,7.6,3.9,2.0,5.9,6.0,5,3,6.0,7.9,8.0,7.5,7.0,3.9,2.0,5.41,1.7,6.0,Sciences,15.8
10.9,8.4,11.6,11.5,0.7,3.4,2.8,5.4,2.6,4.2,5.1,3.3,2.8,3.8,13,2,8.4,7.4,3.4,2.8,4.1,5.1,3.3,0.63,4.3,4.5,Sciences,8.7
13.1,15.2,13.8,14.8,0.7,8.2,7.0,5.0,7.1,6.3,10.0,6.4,4.4,4.9,7,0,8.3,8.3,8.2,7.0,6.1,10.0,6.4,2.01,2.3,5.0,Sciences,14.1
9.8,9.0,11.1,10.2,1.3,6.9,3.9,2.5,2.8,5.3,4.6,4.4,3.5,3.4,3,0,6.3,6.3,6.9,3.9,3.5,4.6,4.4,1.39,1.0,5.0,Sciences,8.0
11.5,11.3,12.9,11.8,1.4,6.8,3.5,2.2,5.2,4.2,4.8,3.6,6.1,5.0,8,4,7.4,3.5,6.8,3.5,3.9,4.8,3.6,1.52,2.7,3.0,Sciences,10.1
19.4,18.5,19.0,19.4,-0.4,6.8,7.7,6.8,8.9,8.6,6.8,4.1,7.5,7.2,21,1,3.8,5.3,6.8,7.7,8.1,6.8,4.1,1.95,7.0,5.8,Lettres,19.7
10.6,11.1,12.0,11.4,1.4,4.1,6.0,9.0,5.6,5.1,6.4,5.7,6.7,5.4,11,5,2.6,3.0,4.1,6.0,6.6,6.4,5.7,0.78,3.7,5.2,Technique,14.2
10.3,11.5,12.1,11.1,1.8,7.4,7.8,6.4,4.2,4.8,6.7,3.2,5.6,5.2,12,3,6.5,5.0,7.4,7.8,5.1,6.7,3.2,2.85,4.0,4.2,Gestion,13.8
10.6,10.4,11.4,10.4,0.8,3.2,2.9,5.4,4.7,2.0,2.0,4.1,3.6,4.8,0,2,10.0,4.6,3.2,2.9,4.0,2.0,4.1,0.6,0.0,2.3,Gestion,6.7
15.2,16.1,16.0,15.5,0.8,6.5,5.2,4.4,4.3,4.8,5.2,5.1,4.6,7.9,8,3,8.8,4.1,6.5,5.2,4.5,5.2,5.1,0.43,2.7,2.6,Technique,12.8
12.2,13.1,12.9,12.0,0.7,8.1,6.4,3.4,4.9,4.3,2.0,5.1,5.9,5.9,5,3,9.6,6.5,8.1,6.4,4.2,2.0,5.1,4.22,1.7,3.4,Gestion,12.7
15.8,15.3,15.4,15.6,-0.4,5.6,4.7,4.1,6.1,5.1,5.1,3.8,6.0,6.0,11,1,2.9,7.0,5.6,4.7,5.1,5.1,3.8,0.36,3.7,7.0,Technique,13.5
15.0,13.4,14.2,13.8,-0.8,6.4,6.1,6.2,8.2,7.1,4.3,8.9,7.2,5.2,13,0,8.5,5.5,6.4,6.1,7.2,4.3,8.9,2.24,4.3,3.5,Maths,15.1
11.9,13.1,12.1,12.2,0.2,7.1,4.6,3.2,6.0,3.3,6.2,5.8,6.9,6.0,16,1,6.1,3.9,7.1,4.6,4.2,6.2,5.8,1.14,5.3,3.9,Technique,14.4
13.6,13.3,12.1,12.4,-1.5,5.4,8.3,5.0,6.3,3.3,3.2,4.8,6.6,8.3,0,2,8.3,8.7,5.4,8.3,4.9,3.2,4.8,2.77,0.0,5.2,Technique,15.6
14.5,15.2,14.8,14.5,0.3,5.8,6.4,5.4,7.2,4.9,4.9,5.7,4.6,7.9,6,1,5.0,6.3,5.8,6.4,5.8,4.9,5.7,0.23,2.0,5.6,Gestion,14.7
10.8,9.8,11.3,10.7,0.5,6.0,5.9,3.6,5.4,6.1,6.7,3.3,7.2,7.1,13,0,5.6,8.9,6.0,5.9,5.0,6.7,3.3,1.37,4.3,6.6,Lettres,12.1
11.6,13.6,14.4,13.2,2.8,6.2,7.7,2.9,6.8,6.3,4.4,4.3,6.2,7.6,2,1,3.8,6.2,6.2,7.7,5.3,4.4,4.3,1.59,0.7,6.2,Maths,14.0
18.1,17.7,18.1,17.6,0.0,8.6,6.9,7.6,8.5,5.7,3.4,10.0,7.6,7.9,14,4,6.1,7.1,8.6,6.9,7.3,3.4,10.0,4.87,4.7,5.5,Gestion,17.9
