grade_t1,grade_t2,grade_t3,avg_grade,main_idea_detection,inference_skill,text_structure,ordering_information,skimming_scanning,synonym_accuracy,antonym_accuracy,transformation_skill,conditional_mastery,tense_control,vocabulary_richness,essay_structure,guided_writing,argumentation_skill,coherence_score,cohesion_score,writing_grammar,reading_frequency,writing_frequency,past_exam_practice,study_hours,consistency,study_method,class_participation,tutoring,confidence,stress,motivation,filiere,reading_score_derived,language_score_derived,writing_score_derived,imbalance_score_derived,practice_intensity_derived,grammar_mastery,vocabulary_score,overall_proficiency,psycho_balance,study_efficiency
0.00938712986917019,-0.053077934029308126,-0.012703092236710824,0.015093354813033744,0.007299807265794326,0.010420270433234576,0.019880848582928545,0.0075338300075346,0.009013632970186172,-0.008329341538254641,-0.0018019790422888864,0.01026662472556632,-0.0024778457536876507,-0.005206102831447312,0.005360075532232039,0.005342110919871515,0.05306683160381799,0.02407796794906041,-0.013358473920152915,0.0021172439034395757,-0.00526345626570523,0.0016041917822608171,0.005179483725034704,0.005149840714704607,-0.003611891662258839,4.408239917818674e-06,-0.00665810665713507,0.004987200013337202,0.0055675291269710065,0.006812999761016402,0.0009440088465747561,0.00022879716672454615,0.007330927259688019,0.7277978798754217,0.11318812916630705,0.1034422755798201,0.002576391300536667,0.021382973394703565,0.001092000895096865,0.004013839247623011,3.3220644156691725,0.01588642044098307,0.01391978315518051
-0.003504524521399297,0.034234921461211515,0.0202156901224013,0.01933136088027039,0.0023253463184244524,0.007200285271940496,0.004671020911390771,-0.004118019173328442,0.004872262050873716,0.011759630039751829,0.0021982933726410895,0.014875176657309417,-0.0007447836920455018,-0.007522616951991666,-0.003054325555392217,0.006864593223651443,-0.0189316820315566,0.029544222399778806,-0.006279089289744039,-0.0007628826007172522,0.001964716455876168,0.005883743972141536,0.018469845017300483,0.0027607248455425067,-0.003086524663159486,-0.00031608361882341427,0.01315842562468898,0.004621695571982236,-0.0024138240209287953,0.006950624517608689,-0.005763751023168977,0.00800565103166917,0.0008031936526856466,0.7071969103152972,0.11008667437702253,0.07925356116435278,0.0007664715318412929,0.042207940935948894,-0.0006379898998646148,0.004755309637932646,3.280326551077154,-0.005559884366708553,0.02060280563680093
0.006029595387450063,-0.0031638362427340192,0.006554247260408544,0.020600105273842477,0.009369752168450726,0.02222737270694315,0.004891295161939283,0.017482284111094513,0.008425051997431604,-0.004173122683930235,-0.0013422521389928185,0.015787014057977174,-0.003672228636683305,0.02246117957694901,0.010860417248915866,0.0060771036654414,-0.02486165394492772,0.02250476949005823,-0.00736296141172683,0.0019570619707926368,0.007024585994583486,-0.017277791506337962,0.009527465127441577,0.0027418468283028716,-0.0035246109040758273,0.006058301149309779,-0.0005211722816978264,-0.0008716631387111094,-0.0018399342417718735,0.0014366189524228025,0.004578094449803441,0.0036938248224032185,0.0012139241391299124,0.7971762354884397,0.19621826036161805,0.10617469133744677,-0.004065101228928572,0.010311440608157838,0.02085135692950302,0.006877088446233861,4.185882406882022,0.01616286115557238,0.016065075610450126
-0.00280063033946926,0.005034870249014927,0.00021162313231303475,-0.0032602345950996908,0.0017289687680051102,0.011565608828107041,-0.005975503603819793,-0.001714048759081911,0.016308066056185403,-0.004929319944428118,-0.0005777504077793502,-0.010073490467380868,0.003404127197762714,-0.0040150342294189454,0.0009862979891118633,-0.025428373131200353,0.009549446185280216,-0.053600318461943894,0.00522900533786103,0.009149612761790743,0.005142680439885323,0.006370359529621785,-0.009679947112716823,-0.0038771043089487383,0.016352332321841453,0.011623232484407655,0.002756602460257842,-6.640664529797676e-06,-0.006789449497094073,0.0012330222090428603,-0.0043962899474146375,0.010982543935524558,-0.0010387425613087925,-0.39705608321029656,-0.04238398441794937,-0.034975242868060315,-0.0008790408102834226,0.001657892052984866,0.0009836184695536452,-0.01976607046698877,-1.4224108970285028,-0.0006049682254885518,-0.03196193582554126
0.06090084693485443,-0.0022140152702602683,-0.0039246077020812006,-0.0029824869939001496,0.0071296336561709325,0.026142202759392084,-0.007956319756674145,-0.0019514366735127481,-0.009760800181468344,0.016866868676574463,0.016516332676451365,-0.004640348550157371,0.004662735046776287,0.00330116476749996,0.00027040053389802053,-0.009299116571721416,0.006462689125192794,0.020513489964941834,-0.008359477758174387,-0.04646753815338848,-0.005450795643743362,0.011555355124566555,0.006112658714158224,-0.0018904164692434937,0.00857175016489639,0.004174418176375064,-0.002021860119735253,-0.0016627457325896356,-0.0010069832663508317,0.002052064463484474,0.004173688818002548,0.004544262013975194,-5.967943247688016e-05,-0.3099200100852607,-0.04361041398367762,-0.008453594431153457,0.004620073803895176,0.009314823419034725,-0.0024892696213777606,-0.0030950649102635566,-0.22402586379005515,0.014795837016391094,-0.04299590173965618
-0.0031868904950785914,-0.002726445140872852,0.002582594731298054,0.028747121547138998,0.02939046522262287,0.005432761292829952,0.019988916428803974,-0.0014719668014400676,0.014680110973886572,0.08493474960831973,0.0016768412407333422,0.03020463477832995,0.0197981603216565,-0.00044655430176403395,0.0016680464391239402,0.00709761325945431,0.0004113326852980565,0.02178307662695435,0.004444117200383142,-0.0015918010684723215,-0.00015188747579413875,0.005756292392026128,-0.004327423557554592,-0.0028245617378799977,0.007224214921694915,0.0003368674550737376,0.003892625892445017,0.008594083979940301,0.0012181945657438029,0.009043757738589106,-0.0019647252168792963,-0.002284380564154601,-0.001961126252006323,0.6635999741423706,0.10409122883794479,-0.004766008650115283,0.008195418877353266,0.005913574222961624,0.004488540549937827,0.011126950242483296,2.195627008842168,0.004728650423346346,0.007876401376660982
-0.002361112563378536,0.0036248651426132182,-0.014266303161246578,-0.003926570661241581,0.004918782192956141,0.011302575463233981,-0.0030286137815375086,-0.002932291245845792,0.004577420560925113,-0.006590428630436851,0.014175891582948987,0.04879470022253793,0.0020216364851088735,0.01022213412145423,-0.008018822320166086,-0.00861742177499341,0.005294820668438882,-0.0033542457729271316,-0.005171407394996722,-0.015489170327806256,-0.003522135995525143,-0.01857458260222407,0.006222684087523188,-0.004770407923915983,-0.007832080604732018,0.0022649447575394145,0.012403524244047608,-0.001963307381041204,0.0020168376722597063,0.011052509541961584,0.007169373748094005,-0.014488042127315807,0.0014734083599492855,0.3695787772710452,-0.010579077340519969,0.0012713074479319012,-0.0002781823692868091,0.000302795371403657,-0.006730414524416661,-0.004523088420996709,-0.056952604687610486,-0.003618006290379637,0.043690969600629986
-0.0048989464153234834,-0.005613469053324443,0.003765154340271144,0.009160855616429688,0.006350104864843812,0.009790815118320948,0.013229616821342974,0.003843394686158401,0.001559745102921499,-0.009192633711189105,-0.0031407934478057237,-0.004615930197477688,0.00900786439103951,0.0015178133996776864,0.0038993460517021106,0.01303783562135096,-0.008513092555681234,0.028323131356871152,-0.014703518064189689,-0.012372077725394996,0.00860943069286071,0.010162025305851639,0.0014595429172627747,-0.00038697431328269725,-0.0030466695435530386,-0.0005166786882979881,0.0013612857253907538,-0.00842226312363708,-0.0011218887700424592,-0.030359525295966437,0.0021771431517789382,-0.004126405698934302,0.0012020744223940035,0.6343485522116529,0.0952427714646097,-0.012670149733193135,-0.015774039908869664,-0.005894319924933859,0.000441404378345816,0.009315115968009663,2.2677522815219797,0.012297998880934411,0.02812744822747733
-0.0007149967135955827,-0.0043148161201122075,-0.010371119256296229,-0.007078813536250994,-0.039129086199953145,0.003219763256215175,-0.010108696711715158,-0.002962667656950931,0.009116909219950696,-0.007142403315066997,0.005388855934169935,-0.01490521327521079,0.0010615673656647192,0.004398418235776933,-0.0047642320443143284,0.02221147350514774,0.002559574235358595,0.05394192935042431,-0.00011745697990125933,0.004916160715894769,-0.0014947587595782893,0.0002971813085231546,0.009422522156767936,0.001960903643404034,0.011236565526105432,-0.005029113988687884,0.012093378898925306,-0.0016725452186078782,0.004517220442452678,0.0029991823857747142,-0.0004537272106021487,0.0041610895719847935,-0.0018934128462726805,0.40739326875145154,-0.002658826649980066,0.013454858396560661,0.0009606105324060517,0.01618407460014325,-0.004632063872110918,-0.0037282705432643264,0.8004521554530413,0.010169962345531119,-0.0336706249909218
-0.009458623327799743,-0.005940348031638853,-0.00030366284069618585,-0.0028531097627546177,0.0016312358164335427,0.019247623737178848,0.002672152447840322,-0.0015905774628414678,0.024219326328916848,0.008845236060068857,0.016274029399777745,-0.009463754711201118,0.002899368065963151,0.00047483148707231016,0.005361667799236673,0.000324414314093271,-7.018141194205458e-05,-0.004794706113494885,0.012076482625887902,-0.0533620111658651,-0.004857879469743599,0.002316723591747986,-0.003628811274204025,0.004852715959375627,0.002569671273363691,-0.00016336626333880613,0.0032339028998594624,-0.00013665044281048477,-0.000807017147839241,-9.317448543234304e-05,0.007647912814148084,0.002579245994047504,-0.0025541456232363647,-0.3030072041585547,-0.03639657428268529,-0.034388903058432105,0.01026038253354317,0.016412530894362346,-0.006805858023501007,-0.005932663385439353,-0.5419174869686522,0.009769409227833852,-0.013753628756297794
-0.0004491108484737613,-0.004785422938127798,-0.005465280396684734,-0.008334481532520775,-0.01909853851733419,0.008149960826695163,0.02315119313170617,-0.0027372796789402578,-0.006828607559817832,-0.009788946220618306,0.005916234293410943,0.01898788281933962,-0.002107924931088153,0.00575925643286704,0.002208091730270383,-0.021439758442412648,-0.018302459532118516,0.06684371838889042,-0.003978816369867115,-0.001438058012001419,0.0059301410658992425,0.004224845574734824,0.006711047562538446,0.006185500156863856,0.00505127937743867,0.002055906892768092,-0.0025009157869778477,-0.005814974433269272,-0.0020435815224436396,0.0007189295786284781,0.0011164293747389143,-0.0009563849939262291,0.0016946619543629976,0.45207357917563384,-0.009958829339855159,0.02989958994451846,0.002690321262645749,0.012033670900629088,0.008127514242252765,-0.02019105444315918,0.8954818256850996,0.010103474078617959,-0.0006847660360531479
-0.002806359281817686,-0.00273124202509989,-0.0026102463408210993,-0.0038352650790963987,0.006692587702775786,-0.008591943314619044,0.01495197706255608,-0.00018683326672541608,0.019529013674953133,-0.0026650630885616594,0.01788103454215051,-0.02849149259996732,0.011115862114114517,0.0008113959325310716,-0.00017325227533977148,-0.0304994310431738,-0.012437822186992416,-0.0025993049273299027,-0.010352813390199781,0.011642510870879636,-0.0014413373457421853,0.0061620743975812214,-0.0012590053924695001,-8.117041667172423e-05,-0.0038289767941639703,-0.0033699830675017776,0.003473707434214975,0.0015306851804885685,0.0020155010139946785,-0.009538608825367233,-0.002902746113566052,0.0006472644614907071,-2.6597185038574662e-05,0.4137305283805182,-0.055727688427738585,0.009101772753811101,-0.006479093932541803,-0.012537044045625551,-0.002763334687898453,-0.003754947111489125,-0.2959858400212847,-0.00969785814020903,0.015963497359104864
-0.0024038339620907727,-0.0016909371807394494,0.006454368356950316,-0.003260350828000259,-0.022514124802414864,-0.015040657251499358,-0.02010514743666654,0.022732581446170356,-0.009981070855151479,-0.014812604632718744,0.009705622376294678,-0.00010357563278151006,0.0023089380417936583,-0.022256773374697586,0.004913043589133966,-0.009656959966719988,-0.010997348549468666,0.002351035297083943,-0.002566155560471443,-0.0006413603727539028,0.005078417183439786,0.0055836828429562104,-0.0031553530327685375,-0.005066979118128627,-0.028229060165354536,0.0008412149475104161,0.0013900364961275022,-0.0013719026597310729,-0.0016428675215452969,-0.00020971066153392583,-0.0013698654613898975,-0.0037744293073098695,0.004638142594670404,-0.7565997059458807,-0.04953023064219527,-0.02203050537267261,0.009932555511251356,-0.009565863593593803,-0.005509142984178906,-0.005564412987173084,-2.4867114533989403,-0.002254427705057345,0.02523217228024761
-0.0010681078913147585,-0.0024329567286214015,-0.0011129206790057489,-0.002888130689725896,-1.4182531775990925e-05,0.0010183615765327473,-0.003966136647463778,-0.0002917624418297621,0.017234467770575277,-0.0037551224553891895,-0.005950952774807855,-0.008035593119513634,0.005885587024445989,-0.00708799403913525,-0.00012955067404495454,0.002375483703623029,0.010050422569882941,-0.0361087247165007,0.0023979664650301356,-0.009744674071941916,0.007585367914833607,0.01119297509783969,-0.01902797331142307,-0.004461699901075852,-0.0009338420936050326,0.0018455144724268836,0.0030849265819538293,0.0009719629618424125,-0.003953048635422316,-0.004630305450381246,0.00501470363851815,-0.0022981367970281723,0.001149876592305056,-0.4088704395893396,-0.03369308323381086,-0.04089259859780224,-0.0011286803681912962,-0.011054731231683266,0.000841861739582927,-0.00866227127708569,-1.1648745130372098,0.008646853343757541,-0.023620860805682573
-0.002831512040748733,-0.00692624170024147,-0.003985861012429298,-0.008619637143690908,-0.009654756396672168,0.007064828034857712,0.00895827734040522,0.0010811551077620904,0.00896728472568374,-0.015232669338852638,0.004670139190806726,-0.00710350541888216,0.00311589975826631,0.017764324950974717,-0.0009463640584916394,0.007171179266271324,-0.02474664425106371,-0.016582893975595293,-0.011982754543165674,-0.002695865924956508,0.00017886018140446556,-0.0133625288582714,-0.007632192476648928,0.0016719645629789338,-0.005537869774630064,-0.0007971823443521876,-0.0018090804852452125,0.012715399220229172,0.003591128355065445,0.0019128309719949111,0.00026402966104153937,-0.007287231855270096,0.004016928143369628,0.436973759106399,-0.009165011340276896,-0.008570226280577721,-0.005009938025428311,-0.03799414568512428,-0.0005115859785372115,-0.02120559523357639,0.835448784853299,-0.005266489196423839,0.007363639141852616
-0.003454713229394526,-0.000473851985036312,-0.0017951537349361194,0.016709260484159504,0.005136530681131902,0.006929900160109417,0.008893286056976866,-0.003636837387492117,0.0025579968461116364,-0.01477322672468755,0.0015317005800716574,0.01707524828118007,0.0038295616772977613,0.005393470987023363,-0.002555774279481792,0.01600942921534211,0.0008999116982474564,0.02348977392775783,0.0011105548722975692,-0.0033045839766299534,0.012577014956051357,0.007571004161477356,-0.007670616074747117,-0.0034283881125337394,0.004130004714510343,-0.0012231526341451575,0.0018031058997222743,-0.00447056781160583,-0.0010394863500726573,0.009197229167194568,0.005427826757469071,-0.00622302970506441,-0.00011937094918110607,0.5302228280460869,0.015328306716900332,0.0017793760136592493,0.0023198541821952503,0.0005110479335537176,0.0023790537298037655,-0.001040533882686894,1.9960769449543136,0.012301132878030677,0.00754983602093468
0.0001837296275490322,-0.0007048364741246078,0.005344158512498928,-0.01698058276981552,-0.0035578668263360983,0.01056716729431415,0.019283588189572133,-0.0035630620042804784,0.005105097086132411,0.002982792289903429,0.02249870127662641,0.02004656674675977,0.0036792964080440047,0.005550454348894923,-0.000923592423974512,0.007418286109239381,-0.0030058752903654702,-0.00379011612846824,-0.022402454803425863,0.007044626610373387,-0.007763888067491517,-0.020663566308704636,0.005297787440940938,-0.0018381923820087877,0.0036734145740685026,-0.001379035545794777,0.00040854906628093167,0.0027243189521107573,0.001938520163283539,0.006193359528082406,-0.001325438809302002,-0.004151589807130205,-0.00027273717691274905,0.5096335085155624,0.0014415044018766107,-0.004373617854121804,0.011993189320571982,-0.002719692348997045,-0.00011945892512105632,0.02042531454626347,1.87123957190684,-0.01201770422568212,0.003625562832026739
0.00016184669400339132,-0.0019125518164561255,-0.0018105507055320947,-0.002812762871955637,0.008127419785844072,-0.0018212341733952046,-0.00665814154020234,-0.003235831598130733,0.0025571418135854644,-0.03922708374857029,0.006470662177002635,-0.00911151484441679,0.008129007794266025,-0.004956836146905267,-0.010417895111591852,0.0005692363707168505,0.006944667716865311,-0.022435604260282,-0.01021530194135764,-0.004476869996421396,0.004131991528768291,-0.014313956705871734,-0.020589043058495377,-0.004740633992878932,-0.009081027116054421,0.0007966765860382798,0.003997947891905345,0.0002304063741361196,-0.002747561198579066,0.0030682803710209362,0.003881666019891672,-0.02246318978271904,-0.00447881877498952,-0.3870238429527314,-0.039606945855269596,-0.04168079367753414,0.0025160422957893813,-0.042116929851202724,0.0019627600862939,-0.005293548718111924,-1.1920297514193445,0.005765216975343759,0.028716710251980145
-0.0007295777717984341,0.00762123394805658,0.0148321032881723,0.03614282901598881,0.02502723632747562,0.009056243645146116,-0.00778591032186573,7.7266974187934e-05,0.007039052098225015,-0.00691518451889232,0.006251326843204152,-0.017360823530484622,-0.00357118031097427,0.017215549182922764,-0.0017056733992238885,-0.010588611711992116,0.011883660477635,-0.02014237624974013,-1.7337642160104985e-05,0.002485143028077768,-0.0014689428957494891,-0.0009907223835354656,0.006877798580248584,-0.0015945229582993252,0.01209482503806089,0.004290830140318947,0.00034367094854621414,-0.003792464825514057,0.005822159779154441,0.0014996032733331974,0.0011077209229977698,-0.009730490772098125,-0.00110875441500368,0.4586867283550116,0.010572694609009097,-0.004792347396321924,-0.0037378872431838603,0.03192722691048114,-0.001562606525128575,-0.009434659865852391,0.8860740935177238,0.018924536399470848,-0.010420400039192125
-0.005031050909667027,0.003981101440765597,-0.0027343045743435214,0.0053580067551601855,0.00297559277946439,-0.005516933874056507,-0.017512012653811138,0.017349587803090306,0.007206821372794068,-0.006163770592507318,0.010233923504795413,0.006151520907578627,0.0068233174906613125,-0.00245288053362312,-0.0256149164542683,-0.009745403790250913,0.0026430349735499367,-0.0027807989013132082,-0.0008691756378714883,-0.005417789355975503,-0.00021706108058852888,0.027720888707109675,0.004817898523245716,0.002628263686386988,-0.009554048782171448,-0.005334285807551135,0.009051128097358474,-0.002672721348606258,-0.0019080048650431045,0.007493079442873312,-0.0019254380815839475,-0.0015252451257750143,-6.154721498692508e-05,0.37604431157778456,-0.002644021544272135,0.0063638049045332806,0.012817268209366373,0.02571046393529396,-0.0030420423465209617,-0.00043545830631442934,-0.021299013205715398,0.002612028494753515,0.022836358570727477
-0.002587233874688571,-0.0022301525706082685,-0.0002836621428896147,-0.004571904519899865,0.0004225617880049797,-0.003993589703157901,0.012250417236513156,-0.0022414222836169622,-0.0032119057621716003,-0.005724827619518849,-0.011491076074812796,-0.019781053697370373,-0.02453629993635674,0.005987365700202465,-0.0021729701437068812,-0.0178092836722336,-0.0008823760940463758,-0.000486979867721622,0.00635681111350637,0.013258484095304312,0.016248582673297762,-0.011090359426895884,0.0070521189254175165,-0.0031794128112404172,-0.008470391890621973,-0.0005298134063663112,-0.0021324384439182866,-0.0002483919022089103,-0.0019561941439593896,-0.0003132352858051413,-0.0011116773034584343,0.0023199645243618225,0.0035137646757867256,0.36710217131103573,-0.09290471879977073,0.007083583212036609,-0.0033759324966729214,0.002469750639829455,-0.009036125099925128,-0.004289336604135594,-0.07918897110929572,-0.005857482146208296,0.020047387640996055
0.0010428449961806892,-0.025574469483316608,-0.01588469792538829,-0.013547068734366119,-0.004436787556528287,0.01118378356555063,0.017646900394883914,0.006371966922571156,0.009722883450971232,0.0010643415146247533,-0.0048836604727006605,0.005888512787873654,-0.012284793732134978,0.011960558501488352,-0.0006557679758023721,0.007557190102507843,0.01612269048448071,0.010565408078914361,-0.011648265863790147,-0.005969701518348616,-0.0022954897454832185,-0.0029226210473456875,0.0018809433995459924,0.004613308812722863,0.011032799074421305,-0.001338295345531136,0.0008175655906793406,0.0019232943590184587,-0.0035549329169557923,-0.0010717268898473313,-0.000447122563991276,-0.00026433830698038613,-2.2279506714483274e-05,0.7339391740704503,0.09962024095826594,0.0939847066505558,0.00788231431590751,0.005660633127311857,-6.956200595997827e-05,-0.0009025111567253628,3.2000628466601118,-0.019702326012076152,-0.039023489059045416
-0.01080212051939077,-0.0042240167615370024,-0.0003768411025177231,-0.003488614762998658,0.003204244409935516,0.016375056675720947,-0.010228824860692572,-0.0065887966086189695,0.02235179270624524,-0.004058104819791315,0.0015060760610399267,0.03660482203215865,0.008432101314661159,0.010941074930790608,0.0022992067721766827,-0.012219102230130646,-0.01238812613034411,0.00012014828641243976,-0.00389635380350331,0.003009117110293906,0.0012052424628130325,0.0058503188835216215,-0.0341907154358204,-0.0049568628415880955,-0.012059807783750022,-0.00722318264022982,-0.0006213879501002168,0.002998318015812412,-0.001018368124996197,0.004540637607737841,-0.003125121003752688,0.0056286441731012585,-0.0017415754205566377,-0.16082297940687512,0.011534433118797545,0.016688898942975258,0.014574130623056554,-0.08984215238397122,-0.003464580296882848,-0.00796712239219535,-0.017375523585645865,-0.006151611289476231,0.02520003229052014
-0.007287823478843383,-0.031892987235730794,-0.005216827256722782,-0.0031998654047390115,-0.0035783374567576348,0.003480850448616108,0.032707490620343574,0.002892536682497313,-0.0017051216647881657,-0.00946071690860207,-0.0183978726338651,-0.0031886592224209653,0.0027894413574253377,-0.0057025924505753715,-0.01491161773589774,0.04057060641967129,-0.001667270545877577,0.01497233230296459,0.007586265715624529,0.010919542322468546,-0.004508467095549497,0.008257866842157431,0.009328218662291297,-0.003576231442436675,-0.02268156468552334,-0.0012195967666029598,-0.0014658163372293122,0.0003495980625410264,-0.0006290309319883199,-0.003969689622459692,-0.0013195478336670836,0.003231063386820144,-0.0013335085722190822,-0.20817057924587873,-0.03770890028202916,0.024659569659618935,-0.0011984824804564872,0.03194168296983058,0.0006599426236288087,-0.01834385186774674,-0.19164420306273303,-0.007749283735086872,0.057897471748021186
-0.008425993687150277,0.007389536735389462,0.0034710454995647514,-0.0037307236507238156,-0.0019228574850821242,-0.00508566475911512,-0.013252890874863612,0.0005148352914084195,0.02411895955045018,-0.008513323191105232,-0.00148665491898758,-0.005861249886855053,0.00734388188934972,-2.908626447626619e-05,0.004550498027114818,-0.003270151871835475,0.005442915161469583,0.013160400567838706,0.01979395534097826,0.012069141476695215,-0.004863407033663552,0.012804191455232162,-0.0013439624746134115,-0.003598162435908564,-0.02643553532073226,-0.0008747992465619222,0.005468536314523894,0.001153250397290824,0.0021682149423912014,-0.0065648407640134625,4.7851288300005464e-05,-0.00044796664941088265,0.002630409663075027,0.13520318592429867,-0.04209763782397541,-0.013483489202910062,-0.0031945517769788696,0.02320139215965534,8.771857737916095e-05,0.006468110607834157,-0.3429935511380561,-0.00577726306561912,0.05076611134233504
0.0066188808852334574,-0.0013079105327444122,-0.011597720283683546,-0.003836520941212294,0.0015372336119408743,-9.690797802012386e-05,0.004473896230228988,0.012129539277881081,0.005683234962338764,0.01220216931923951,0.012476269442322961,0.0499711569896719,0.0070098471924689475,-0.005254171092892908,-0.02090556491757033,-0.020372305791400088,-0.00634120720563846,0.0007754236707193554,-0.005871251247920823,-0.03368964536888311,0.0008185953736930226,0.014972004797106905,0.006811376541689895,-0.0024233606895419264,-0.011947187856199215,-0.002980225923842569,-0.003454731829878514,0.001977319620818062,0.0031450061537057236,0.01180914120999441,-0.0026724639633727404,-0.010745658479729064,0.0015066438681170158,0.3626543550948261,-0.007146959954168701,0.008386522062394276,-0.006683053200036462,0.0127993871156167,-0.004556114269067665,0.0038952706740701046,-0.03129361390599394,-0.0012994255982646406,0.009928441221697542
-0.012177225821871253,-0.0018292022844901966,0.0025276788469921095,-0.0033696643626352552,0.010205048101394344,0.011294794671747026,-0.008297991153793748,-0.00399697915657167,-0.02436992407133849,0.0008262780280509461,0.0021531413418473975,0.006234679498448135,-0.001114593718103506,-0.0011746103399097837,-0.0030653780597918257,0.00834134988369614,0.002163930593420323,0.012183279450015388,0.014839821789014013,0.01655064192803907,-0.0018558373052537968,0.016754538348104305,0.008861795120751513,-0.0007449741304511148,0.00241699187337486,0.004577168698194524,0.001085707100246068,0.0001437612061502394,-0.0010283910555845886,0.005274190613141906,0.0030940477393224,-0.0006450418477457773,0.002981261518834796,-0.4232669474649884,0.0038240525668272293,0.03648775139567357,-0.00031096974556078257,0.03567351810494757,0.001262709712936426,-0.01290848412984026,0.0003612474840832651,-0.005240277634314537,-0.004616974350029124
0.003985310327917733,-0.003743423629021404,-0.005234291556358042,-0.01871498142547172,0.00026940464608469627,0.007645719429477355,0.020332374601177077,0.0021046301697743644,0.011536487511958455,-0.024654789484116316,0.015021782372103934,-0.0010863935526777004,-0.00928558385520128,0.0010742820059857878,-0.009018099089245122,0.013265628031688846,0.01074911065526779,0.017066058575577837,-0.007284689131515669,0.01623018420199202,-0.0033270179723553475,-0.014487043989064832,-0.003634707705225216,-0.0016371402863301202,-0.0009707301192816385,0.0007595719761810582,-0.0006271636895783586,0.004487977426246804,0.0008033064642637156,0.012223367751295717,0.006778032855399402,0.000489742244732302,0.0004713959784252152,0.5885225662414248,0.009603705027481212,0.001025647886942894,0.008865662086083704,-0.027275972006150086,-0.0009743674343107076,-0.01694119695059894,2.0645233036716424,0.008222202511312358,0.032107359448290795
-0.006219358908321719,0.0006648605406163469,-0.002506614379022996,-0.003237387965818115,-0.00408405830315892,-0.01609576476167071,0.040104544932201606,-0.0013543394568058034,0.012639887249529528,0.0030107737431071843,-0.005814786761396942,-0.01128623010619494,-0.0024917878972294163,0.023992135658636896,-0.0009562599158809753,-0.003777792404312857,0.003284171041058319,-0.007647266431723588,0.006346088254449242,-0.008091767907745469,0.006748599506247071,0.0019486562645589253,-0.016463258706297487,-0.003436593974006731,-0.007023485407763094,-0.001166264835817769,0.0008782947466531587,0.00363168546563897,0.0020856653825952554,0.002075717948210251,0.00870067524341356,-0.0074313655765992455,-0.0007862198138032763,-0.36805991963835905,-0.04232066987827718,-0.03369958284392243,-0.002420998127648644,-0.0200486951120227,-0.007970323298621663,0.003254855687629964,-0.8745719246363628,0.004792260654158512,-0.10304621298997763
-0.004337676353057263,-0.008957077551328923,0.0019043041444195047,0.015164673722214281,0.003898171599195464,0.0030599617752122316,0.008848071128723625,0.002767690907348701,-0.003751459581451469,0.007590021570701,0.015748188878219917,0.0218203906397197,0.03794051769816772,0.0025178030493051614,0.0007742789771682147,0.009690742669467428,-0.00140944429183037,0.02214750297944597,0.0022387164569180546,0.006917305077943805,0.00090876967194098,0.008392682772470484,0.005998280051974632,0.001153861176552578,-0.003938786947604608,-0.0037797764451481947,-0.0018702851522158018,-0.0019766022370387827,-0.0009077352497601721,0.011621040862573102,0.003508311506105801,-0.0018714490302492522,-0.0008830748828953195,0.5443960510534169,0.013974358167216023,0.0081158837941604,0.003941845163303828,0.0021544449041704388,0.0032663136627525346,0.01690550443366684,2.138229325809108,0.015575796970008281,0.00551978588621854
-0.003555298657997115,-0.0026468614662686985,-0.0010603634651259134,-0.0033656787547400335,-0.034709601793317814,0.009383300936841409,-0.008598892685349772,0.011057345626920014,0.005369686881363469,0.005116276654215093,0.003678797446050203,-0.00041013234030176545,-0.0007375967826091391,0.00040053568469733836,-0.002560686846501789,0.00024492000930431863,0.004618327328440306,0.02881343205750192,-0.00670129474339736,-0.01462789071143546,0.001423217878025792,0.002874460271120107,-0.004853420356923732,-0.005768094862858645,-0.009343503316646847,0.000327433790447174,0.004663691185790151,0.00536061234259608,-0.0008409490744798808,-0.008512915009190046,-0.005310997601594415,0.005711236510294173,-0.00047141595637264773,-0.3178002590330032,-0.036042937397245754,0.04021426483570921,-0.02498257585660449,8.072255638210116e-05,-0.0063867633320781,-0.010072091355070477,-0.41747371744344036,-0.003578724819841783,0.034841952481895505
-0.00234464026007935,-0.002419515726402788,-0.0036226231846082325,-0.002937623447697785,0.01636797678004905,-0.016477769952164035,-0.00371612680394143,-0.002116288097815949,0.037288987387854966,-0.01060835581995156,0.0010390254252745776,-0.0022163699671672262,0.0033827352004051382,-0.0001671166938318245,-0.00914599563802859,-0.013064764094791133,0.01986261864025094,-0.021946227062190914,0.0016146507674216848,-0.00322784708834913,-0.002157457716368233,0.003935405233549399,-0.018808331711370734,0.010031662844991237,-0.01715867807760059,0.00034331980970849223,-0.0016050722980661494,0.000546299596212369,-0.0044188676113069425,0.00022933783143681656,-0.004703892970811482,-0.0005514139142497256,0.00022779945927076228,-0.4285685740721479,-0.0564680163239909,-0.032471087204073476,-0.006454798160973961,-0.001406650632828491,-0.00404613758368819,-0.0026705944195116907,-1.6960036478618932,0.0032809280272538227,-0.014866089447606791
0.007288848802000939,-0.003845709804914045,-0.008495385846444457,-0.0061247670865510525,-0.016060006927130728,0.009465053460247312,0.005272383947572767,-0.007267609286869522,0.006347167156124291,-0.008800010279401941,0.0017997211867045579,-0.036757958813263464,-0.002554745789490046,-0.0017506966989250072,-0.0013867028218545853,-0.014787289275804687,0.004319997478057095,0.03143627774737052,-0.013653048452171062,-0.003605341669700251,0.012327179478381533,0.005621594850434045,-0.00984995396560518,0.005989476315542407,-0.005296680471415029,-0.001451469432332168,0.008468486814120258,0.00020969403963417535,-0.00116744061764942,0.00584160214467966,-0.00041955972201437256,0.003588317151562885,0.0015996134998866672,0.40806240830382284,-0.012584507837180701,0.006550191793248696,-0.011437404037323653,-0.0028513750459496653,-0.005058635522407242,-0.018528665704259453,0.5203434515108007,-0.004160741362304772,0.014023779030308107
-0.0010204580643586405,-0.003690953344799446,-0.004260306339530909,-0.006984934742279748,-0.004833575567842798,0.005315182877831005,-0.005541047253890529,0.014998299559066869,-0.002037559263157305,-0.002388299505051414,0.004980478349356626,-0.02266785090378617,0.014593459225680613,0.01364494749038305,-0.011493516057795685,-0.008810617026267308,0.006573923738991173,0.010717999704156359,-0.0013287281544133063,-0.0182943890132845,0.0070354540066060655,0.008003652439502984,-0.004762480480067377,-0.0010126906061773784,0.009107178627120724,0.001060672347953548,-0.0016633878721771128,0.000821167295383265,-0.001712417394362689,0.0076988559985688015,-0.0004932009832432979,0.0004571239521422356,0.002035891106945626,0.3748501923649361,-0.009007504535280066,0.010053619697260043,-0.002019885825062641,0.01120574316795391,-0.0028964711344423044,0.03251460829090522,0.4877699256628249,0.009230511702721269,-0.009011946872353432
-0.0017818912535584085,-0.0060351392083555595,-0.0035586291936255546,-0.008911626899307254,-0.019602946208940042,0.011886486719753446,0.00010228944080544238,0.003344365126428119,0.008489612187840175,-0.00827501838927657,0.004422078973679162,0.004874206948129987,0.007801234255570016,0.0064199897222057024,-0.0014250019990341065,-0.011024247473108418,-0.027070355638022143,0.03619191820247244,-0.002424292223108082,0.007220617834416249,0.006280950519161987,4.523963881675306e-05,0.005830471160393878,0.007815924063481246,0.0025774405970111695,0.0018926198443169444,-0.0007693929225134988,0.0004300937410443484,-0.0020619533578482147,0.0011327787732649532,0.0031636756301171545,-0.008127718059591095,0.0019728813413971147,0.40018519644597095,-0.007540756057841618,0.03207806325583059,0.003996438068505304,0.003478178884782603,-0.006419056676883601,-1.973268448396108e-05,0.8245250986614814,0.012635576344256525,0.0070587792796950495
-0.011131768352822835,-0.00143051873947887,-0.004907468992136702,-0.0029256544584333683,-0.013802138339035567,0.015231176562164177,-0.013068923648430694,0.005984970807147979,-0.005823803124228129,0.005109130632073931,-0.0066538815852477794,-0.012944381378818457,0.006221190016263445,0.011295399766719531,-0.0038018996964060527,-0.0022904164117340505,0.0037407466271965036,0.06055234246733303,0.0052837034030230896,0.004939830288358324,-0.0009686790867240187,-0.007807562173278732,-0.011896261248734188,0.0008109482706677817,-0.008809564819495309,0.0016956400675841065,0.0025209133296838545,0.0021969192424613256,-0.00122048929586875,-0.00397736070355427,-0.004628346064498846,0.0031325854539966127,0.000240698233507509,-0.3557885229271424,-0.034878647578517864,-0.03888692568449906,-0.010715873137500432,-0.04157205518131863,-0.005504490795495284,-0.007403103557161907,-0.7920650802225752,-0.00023534211606470996,0.042001327552323706
-0.0005621517931472029,0.006214482671163396,-0.010523999506561629,-0.008683012170218257,0.014927544534398898,0.008203219889408152,0.007210190343138731,0.00011034206553064605,0.007425206429072266,0.005146943405042541,0.004888051416163156,0.02162223684072592,0.008107414816081954,-0.007739713847581299,-0.0021290776059602647,0.007756551429691059,0.0005327821464545894,0.04170682861463963,-0.001384541973174819,-0.0014546641380844098,0.008978913260803786,-0.010727469359131082,-0.0036954848979119694,-0.0019672784212989374,-0.003935220581668984,0.0029966216827483185,-0.0005768597593448289,-0.0045347295435997454,-0.0008332532442377943,-0.006171241232611518,-0.0006448069314573307,0.002688620942685035,9.471556168084337e-05,0.48021555479301425,-0.0026752168887178756,0.013476145047045472,0.005704737951349783,-0.030821106301837865,0.002932349197932287,-0.010741367326748212,1.1902949854760698,-0.010433881211157512,0.002911243855805426
0.008031475550732595,-0.0062091500085592185,-0.017940938641259816,-0.007475089256776171,-0.009185710350021387,0.003234141921227563,0.011212765211018435,0.0013970908350039554,0.008788121115699283,-0.008766532343795343,0.004071799005999142,0.03434597941310571,0.0072304220435497266,0.018508418241452898,-0.005395706567384954,0.011185149883375297,0.006052066049693215,0.024852374979594374,-0.028664350597845095,0.010037747863147865,5.847638559877425e-05,-0.016504226751215267,0.0077998534847348875,-0.007273461695428425,-0.005290794679502231,0.0022333695858895936,-0.0011021027847713098,-0.0019771559405304014,0.0014274153472817756,-0.013439470502852406,-0.0007246663529629368,0.0007170809243416116,-0.002338630141808358,0.4392099223274143,-0.016087291887279996,-0.0009486632610693652,0.00046989425635484246,0.005769011586521681,-0.01202405625628127,-0.01624215152124817,0.6007957307259904,-0.01329636085034461,0.02175915603416432
0.014103555713052624,-0.00379746452053641,-0.0051357005712245425,0.01684055154526186,0.009573248407486856,0.022932282960823735,0.00996178313099081,-0.003306634156507489,0.006871484123169099,0.014129795984566498,0.008941038594732678,0.010341365999256391,-0.001205376667553252,0.010965854023820231,0.010094454134493757,0.010910268631881413,0.00016811088676375898,0.02133431739841481,-0.012136684509399543,0.005399160063374947,-0.010348672804720765,0.004771478045751636,0.008741283484836706,-0.01086566870676051,0.0021285112550383603,-0.0002322177750991727,0.00034264588526616363,-0.0038071215947722,0.0037458039783744177,0.0019874988656595934,0.006465102945205558,0.0015518031066249472,0.0018792642936778748,0.7987274543194526,0.18798649829174272,0.10124927032029046,-0.00153984491465712,0.021092218294571894,0.003752446532476744,0.008390066338738076,4.079926143450749,0.014151992019347416,0.009463633195373434
-0.0031788572440765404,-0.004897721371877282,0.0038593932276456155,-0.0029988505481109554,-0.015348631626096438,-0.04218022660945825,0.002514488344643436,0.00192901217394322,-0.011860572237904127,-0.0029165678197392254,0.007575684839603142,-0.011208346825405268,0.0033327573770835185,-0.0312728370127476,0.0035859651762313142,0.026674982269423272,0.008564675912865931,0.004199250250299947,0.0044790045016236376,-0.0029657200739150818,-0.00014597216690701327,0.004165166699978675,0.005372219947057752,0.004769016899875345,0.056910701638962384,-0.00015135490051373468,0.0008367194506073165,-0.0024517507320865007,0.002758708272144818,-0.0016068527003351666,-0.0013726990846889885,0.004763190487261655,-0.00037328427755501205,-0.6244222698821025,-0.05522672872925678,-0.01807966185383934,0.00587313488423619,0.03631811655171825,-0.007258035926877095,-0.01457715056153964,-2.010355020035343,-0.0017292827063645616,-0.021681304800979035
-0.004560479339681333,0.0013031843191586593,-0.0008161389269441914,-0.003010844749270936,0.004664577966647806,0.012173484874642527,-0.0013751767985859837,-0.002425473785185304,-0.020782098581064768,-0.004955444755999928,-0.00720313153310572,-0.011758249857173629,0.008526795774632067,-0.001857210074384614,0.0030346134610133363,-0.021931511035098997,0.012101697214822437,-0.01544802888480951,0.003568277422439616,0.0027358998820540764,0.0064924220151411395,-0.0031291185134371072,0.01745260972276814,-0.0010067446995469145,-0.012710110790205167,-0.0005849428255666404,0.0006798712382286433,0.004758284095404104,-0.0064292606976641305,0.0011912780215002196,0.008596441676928005,0.006134393415159625,0.0014432280900899587,-0.5625877473145402,-0.04289379217616295,-0.0315661315419663,-0.0023957208342456106,-0.005132777026457596,0.004146026224881847,-0.015953890081754237,-1.4562307288767253,0.002390638515855883,-0.0287919572447824
0.02830334483184605,0.0013726021408215988,0.0005726548697570664,-0.0030665422940153527,0.006653152626549954,0.009580230244482828,0.01061698224227767,0.005382602412602092,0.006210792910091831,0.0023900347774636517,-0.006470953629583866,-0.0033391217667164885,0.008938097760932698,0.0011709334796254018,0.0036633715944825026,-0.008920185771592651,0.0006821840676288168,0.04004849304215104,3.4581428575084546e-05,-0.008070405320196043,-0.003433685165389524,0.008572181290313018,0.020186042671013694,0.0007648426179895323,0.0013075712923957498,0.0016390373974336954,-0.0013284111674308455,0.004565223692230245,0.0017547120727152696,-0.0032903941238844898,0.007479240466276155,0.0037493709031366828,0.0023182241634644796,-0.31556656534650435,-0.03676516897354651,-0.031150623871830114,0.0010598965788434223,0.03526117931516618,0.009297157776413155,-0.010897147915151421,-0.6622934035619197,0.008322647120153686,-0.02235689936442793
-0.004923170474606486,-0.0032774395519180695,0.0034217567413709522,-0.0032900655873921536,-0.021794922242511228,0.008524436856611636,0.02062990681637133,-0.0025821283039044133,-0.004929254637669714,-0.0024705704828267027,-0.004998642334125939,-0.005482231510490318,0.00841406405054295,0.010668440163410238,-0.007135796029732554,0.009505406840640863,-0.010636091861635374,-0.03963384373285904,-0.004739026565437126,-0.008472120321587645,0.004892388786242415,-0.0035888315812865066,0.002192704735559504,0.011595903232521909,-0.005328903546591273,0.003160785153262114,-0.00195862048059101,-6.303475854457514e-05,-0.0006956101121330094,-0.005122929023756079,0.0031428829758372214,0.001485861559846953,0.009438990671154146,-0.7327197690072164,-0.03640080219955497,-0.009619022086982898,-0.008122985314049194,0.0005660099788716819,-0.002849702586702622,0.007690760214787585,-3.022410793758479,-0.003134298591597002,-0.04115469209286056
-0.004497539145324733,0.003236585326930951,-0.004995398215267282,-0.004436850652222929,0.001183400589707628,0.004102641909245698,0.023900175856123102,0.0082376099796484,0.002110398147734709,-0.017220367237341563,0.019859671747705174,0.011298838800347835,0.0026473542243819967,3.330207989054787e-05,0.0036249193732166294,-0.000817596154990993,-0.0018781482219244587,0.023382587678849535,0.0015801236476768335,0.007641215874695684,-0.0004056654874966068,-0.006484153231686638,0.0036591625974624837,-0.003100067205806684,0.00023229356180149913,-0.001145104088062135,-0.001289608556347213,-0.0006291833963413345,0.0016681908520521913,0.007655783520892145,-0.0027693670068762886,0.01830056454706269,-0.0001407613009084986,0.5594273461608358,-0.003019883703863684,-0.01662213030088274,-0.007797272823199305,-0.0018727845487195062,-0.001406609988962554,-0.01946991679530857,1.853187568740647,0.0038140711255947304,0.03296382249825892
-0.00013751849260509554,-0.0022896050972756434,0.0008041903821346127,-0.003122017888249503,-0.022757704315674927,0.008356591043340151,0.002977811364783283,-0.0023041170414409605,-0.004743005935422986,0.002599003024254208,-0.008554359527495722,0.0023783002721092603,-0.0010025514802386106,0.004232453230549242,-0.0024136121231991305,-0.011516631186600814,0.016175238194933817,-0.08080613331199595,-0.004074466389395712,-0.0019085921237833813,0.0048322994370700555,0.0036018265782154888,-0.007037542792090776,-0.0037686022888674983,0.03763845306240846,-0.0012694601363212271,0.00024932359108439494,0.0005636402616400275,-0.0011778768187246625,0.0012767044219992576,-0.0034310330763034688,0.0033407359358171742,-0.002060011774722698,-0.6075825649421353,-0.05767340147073584,-0.00558002260577787,0.00501746307399315,0.009975225509473365,-0.006575101924637921,-0.007520685020654271,-2.348297517712664,0.004307264988176445,-0.02043334127590877
0.01748816343961232,7.498398416157595e-05,0.00017680805245038077,-0.003912654846850875,0.0016157072955641947,-0.004581113610415293,0.0153329222113022,-0.00198797560677372,0.02267614630723767,-0.007914053763561656,-0.009806311531816304,-0.020848501030005233,0.004598657805897532,0.006958803695781247,0.0035973656825947185,-0.01076038732792857,0.006461764146572595,0.017467943884209657,-0.0006297043877349447,0.014370310120506746,-0.00029904646841469296,0.005133457405910055,0.0033316090748421196,-0.004007263359405289,-0.0041369382788645215,0.0012696253679930086,0.0016133792659944362,0.006180106112917056,-0.0011360490556559836,0.0032727627215559914,0.0032194477465480745,-0.0038717953842253784,-0.0017312071583451872,0.4343278455024267,-0.061944698133624694,-0.014142161393178277,0.0024713807512344328,0.002856454849639311,0.0005209815128361997,-0.010779218944332746,-0.5352151181548481,-0.006857339663382128,-0.010331182532311248
0.0013823315005615277,-0.003763955776665929,-0.0018531055047637391,-0.00836921320989883,0.015347840962108084,0.006915493631210057,0.016591579664991127,0.0016447156231725211,0.006279853579482457,-0.009112983289095773,-0.0014372560884468304,-0.01791060166921302,0.00254051663579025,0.007442055292301854,-0.0017753985607639267,-0.00895186816551194,-0.00809975577825799,0.038409140659118976,-0.017767214665805664,-0.0006142807912372088,0.0006053461849861002,0.0050515863502914055,-0.009934272816880332,-7.234570421203824e-05,-0.0028905394485162386,0.0034973928004405565,-0.0001657097546044177,0.019227956662888766,-0.0005289995124471009,0.002797259835772516,-0.00023751028639761468,0.0030067540461542032,-0.0014192616028909318,0.47231200139412316,-0.010228143563589087,0.04121665194523571,-0.011712664498868876,-0.0016229744832736309,-0.011107134515935176,-0.009916850755361181,1.1221754767443477,-0.006620326881219728,0.0030102392077096898
-0.011851491793037024,-0.001958816737342445,0.004017898994140358,-0.003343297442074225,-0.00472502603828837,-0.0002055422454098878,-0.02647160968740012,0.005839641284576227,-0.002133262645277679,-0.015612644112204735,-0.021358500241732876,-0.016869628230840858,-0.0009336676008514322,0.0004250214793975518,0.0016927087707033586,-0.0016244507006199387,-0.005700903250254042,-0.0035215262537250597,0.007825874967613274,0.00780716619205327,-0.0038999641537133117,0.004791667211464855,0.005102755413261342,-0.007828815841819423,0.0007959407789251087,-0.0011167344846678522,-0.00046384426035726514,-0.000978094694985921,0.002915540805348648,-0.00882896104020583,-0.0041391505947538055,0.004260859763711482,-0.0009790269590263683,-0.34463315105159825,-0.04105186767274509,0.03834020207557025,0.000861681765242236,0.013896283760117381,0.00854851660329082,-0.0012918883697586449,-0.49314022981896627,-0.011291223232011167,-0.04065300787660822
-0.0011798865097858728,0.0005363619161879125,-0.00036027988990351646,-0.0030067638810825506,-0.002968505312503974,0.01069109577684936,-0.004915027879886242,-0.003477216682240344,0.03432409798679555,-0.007965585193754964,-0.003353245182535328,-0.004556508775172902,0.009078905734727444,-0.006713860443742857,0.00912198850541776,0.01128055621579738,-0.027646460918767622,-0.05571292758022686,0.004707148238104658,0.01257914969412101,-0.0009354766967603678,0.0065992736017420305,0.012145082402003559,-0.0032193417351050954,0.03525755798595134,-9.98190261774745e-05,-0.0034462187703496417,0.00333421603281318,-0.009974880138092444,0.0017402573468995942,-0.004892395416704672,0.009963933572116342,0.0028701017603547808,-0.39154681693758625,-0.04008892044064529,-0.04069140755069259,-0.0006042495867707912,0.023688956526757947,0.0008025532068711781,-0.015327153113813594,-1.4409359917558318,0.0016358942528039977,-0.025524035494028072
0.02365701088426399,-0.0030763255521941953,-0.000229704688743499,-0.003980682709377096,-0.002911057064914268,0.0005547128248557982,-0.015149414346136422,0.011063000771840557,0.021622445756425437,-0.008677421547214851,-0.010217693471401156,-0.028579948081255736,0.009826817263149507,0.008876511171280386,-0.0043589395107817615,0.06467376961817599,0.004178098337238642,0.0032667498031353874,-0.0025839383355705983,-0.025784375237089735,-0.001133533786649496,0.022988025912061002,0.0007170852301257516,-0.002245068341339928,0.0018339978681853738,-0.0065704983358536445,0.0010113061510260524,0.0023029832992813542,-0.0010924614967021255,0.00744033837199837,-0.0024733620670094707,0.0022467235225534475,0.0012431745586574388,0.41702313074202957,-0.06146495803269811,0.002491558008568294,-0.004659332077134764,0.002024521523458898,-0.007165012005669242,0.004183566454681715,-0.2570804603974856,-0.006212574165715218,-0.020953409679200154
-0.0038761149801830362,0.0039044470382220667,-0.002848936543332507,-0.004066721083833399,-0.0009263873358599681,-0.0014535337428330354,0.00600514962505174,0.00472358770327436,0.004376931840958591,-0.013067843870401755,0.007963658020167899,-0.035079095684823425,0.0039923197361948414,0.0016120332421742341,0.005492140102441098,-0.012948759070296014,-0.00783825520748807,-0.013640639436940957,0.015209492794244737,3.376227410909079e-05,-0.0016405574778407574,-0.017445324897079888,-0.0013486448086822277,-0.00457398414139587,-0.01973201794938702,0.0010863289257442164,0.00031607643395980243,-0.0018606248450796121,-0.0008645672630017779,-0.01532030126284031,0.00027797825607287,0.0038624313966258124,0.0007938599227902104,0.4229355307333561,-0.02954722492315819,0.0027743934697445267,0.00040216797885728867,-0.028764235576990028,-0.004014415213688211,0.013042218176382268,-0.3395664735211477,-0.009900015614585107,0.04087270923803965
-0.002346964243973782,0.005650610518114285,-0.004276322470109489,-0.002987668772896176,-0.015796206048411802,0.012397825711829907,0.004781577369658768,-0.003191662497840088,-0.008479708094497121,0.016888674201820976,-0.0032146066968160632,-0.002968221037924639,0.008148181735788507,0.012558617600707445,0.0022846669680371976,-0.003659893644569162,0.015053443730507514,0.024663239259765855,-0.00502208743470508,-0.008581298893325531,-0.017822546769134612,0.005619402210168815,-0.0122324000700945,-0.0030356721061521154,-0.028866613202620375,-0.00012444654966229285,-0.005246556609214508,-0.0006856221793309884,-0.0011621338097103175,-0.0004496179528835466,0.0014601996951385723,0.0031053421924719226,0.004778758382668243,-0.6272526254336471,-0.04889451469334073,-0.04755457646389129,-0.005055910339482348,-0.08479880167808529,-0.00022000336955099606,-0.012567335478581017,-2.362424480933731,0.0037285998981994623,-0.0038520705721226513
-0.004789906595123113,-0.002355727324240011,-0.00895821468395593,-0.004687110963653785,-0.004347594989749898,0.006555146074975106,-0.01432475980071245,-0.014414153221031395,0.008982710988203479,-0.005597650727012297,-0.0020712397486425432,-0.03340879985286075,0.014837944693859384,-0.00583918733723561,-0.009944951671759348,-0.01569869718236869,-0.003450374678953704,0.0023509813559767848,0.0015913032680785267,0.010414211069601678,-0.004034238508483301,0.026492911938290942,0.00589617931390505,-0.006050065937063931,-0.01223386686575989,0.0010708052042581095,-0.0024881708160718733,0.00048072473615159175,-0.0021451988501279815,-0.006906347529768849,-0.002183395690073731,0.0014042052819978475,0.0027932778550919324,0.3546912182765277,-0.01495692047617265,-0.0010644180246030316,-0.005677858705111439,0.009470934736223187,-0.005483942936313264,-0.0025694033187296673,-0.08926608059044196,-0.0046054793428784374,0.008165643800200226
-0.0016786074644137257,-0.002222106991366971,-0.0038238950557361487,0.025932561960892265,0.008821348986517692,0.005103275988726882,0.014087363534387169,-0.003287859155564235,0.011485786732217548,-0.012508609296334567,0.0022258305985946693,-0.0022760374483251104,0.003982620921955718,0.004583812248689944,-0.004194580740472488,0.013646889704767668,0.0013742465494358915,0.05894516935927882,1.8374884973303065e-05,-7.658147269776523e-05,0.0017017960039177119,0.0015037643221062092,0.009086912732402627,0.004103578265991915,-0.003290631655009789,0.003730923940692644,-0.003378911886552143,-0.004073759827318267,0.0019212684046184198,-0.0010402838445019104,0.0007897266670944282,0.0013294313541956284,-0.0004820028880540677,0.4803461890762563,-0.007150260498490281,0.0033794669975116143,-0.010645838587996509,0.010069989638821842,-0.007363890157282928,-0.017074756137796604,1.0120029293866841,-0.007698224500199458,0.01159145980026319
-0.003961565605233073,-0.0017412618745660273,-0.005631845402801122,-0.002959190083805346,0.0011094522872830245,-0.001839516939661452,-0.017059766830509443,-0.00014075199664578093,-0.0038921361208713997,-0.004731228093694337,-0.00014123506536550313,-0.00018969573417222825,0.0023553894349081844,-0.003820342517601152,-0.007983528485006814,0.0025316186986997233,0.028404947513418023,0.0056965344003828,-0.00371097437286951,-0.012457215555392752,2.055931147951543e-05,0.0019994414000961895,0.0030567694182118323,-0.0029085353570858104,0.030571256416218814,0.004187834910308495,0.004002624705430601,-0.001487300650553695,0.0017446746975691954,-0.001018777008716413,0.0010310123352834026,-0.0009025105393629149,0.008858825536833589,-0.7771696619921796,-0.04362151875930121,0.0024483680221710725,-0.007678005386936651,0.019812686868272904,-0.002144877164691818,-0.01796087528023767,-3.0042889805945725,-0.0024436365611939957,-0.032929839761301836
-0.0068828303260436065,-0.0029441627120293593,-0.013121178954829523,-0.011592793285864543,0.004241783345367575,0.006288711663856626,0.01679493209937898,0.003985400165313134,0.005199743562821189,-0.023247463355023153,-0.002170266062125828,0.01578002418666235,0.003985759271220217,0.0025835219148339856,0.00040913874480203783,0.009106130446859793,-0.004430162236473785,-0.026884470383719643,-0.00035294397962389176,0.011523226546053679,0.012189850126816316,0.008145511084092552,-0.0037241322924735742,0.0009117916112046858,0.0022546751349172603,-0.0018169071211814982,0.00131571714508472,-0.00040560417108754154,0.0002861112705594272,0.003958104340582937,0.004477945270502943,-0.0025156499104021933,0.0010718971595051305,0.5279870147262161,0.0041744599494761055,0.002628931486648523,0.008101025916240765,-0.015804132434018483,0.0035880257713814504,-0.014359507910122776,1.7981209944736052,0.005998771518993746,0.006254672868695313
0.0013803388077960027,0.0024677918758335667,-0.002554056140789688,-0.008753136773407479,-0.0071688659770129054,0.011660985702977208,0.01595234835171047,0.0032955909113124475,0.006208434489989145,-0.007379807836145747,-0.00026659101282509737,-0.004103535830041311,0.012456893907653087,-0.002738990701409351,-0.0010919769709472223,-0.020997778902763612,-0.01221438790610073,0.04995832596413718,0.009643323443881573,0.003296028221312854,0.0003790068697896658,0.002882086872720707,0.006465963216662829,0.0013948374149556782,0.004882971953940087,-0.005183320575234316,-0.0005039065101433097,0.017727147598991758,-0.0016935558597849772,0.001666776236123581,-0.0002407916916240848,-0.0032632349971734617,0.0016358176948648236,0.4687976052431938,-0.003581230596402366,-0.004363315668449216,0.0028762336240378094,0.006634790765683662,-0.00723753568402048,0.030902087131786743,0.95523928750429,0.011698068295406937,0.0011830394399856136
-0.0035587836922867013,-0.002650306644205435,-0.005343368450605982,-0.0031221735160646947,-0.006125313672190611,-0.015096719526552012,0.002326178811764043,-0.0043206732301789615,-0.010565380338424853,-0.015047621815888325,0.005951020750305296,-0.011145098774241826,0.004892433784719435,0.007328655669324029,-0.003942183340273868,-0.01075525440995814,-0.015631685981598704,0.02307667825972467,-0.0140222162174838,-0.0034207895715899915,-0.00040094992583273876,0.008403018660039266,0.00531146154366345,0.004977925675538321,0.07073754069916391,0.0008977651377887429,0.0016683453945144978,-0.002544371696564688,-0.0029492094865045497,0.0013813569694578261,-0.002124678355790011,0.0026238200770875245,0.00090005886759877,-0.61490834669986,-0.05913481173399861,-0.02946357869148376,-0.0014646447658783512,0.027074461735525916,0.0030199364101397754,-0.013294513566298932,-2.0405697552273288,-0.0033784580883328254,-0.017419771026937845
0.004760203431566042,-0.004144324350421977,-0.006339482968371611,-0.0031136975236928798,-0.01872282286178877,-0.007357522129910157,0.01817055500638526,0.0020969647089315664,-0.002424169661847184,-0.003520091213525321,-0.008157546419229226,0.007260464499010162,0.006958328420315144,0.019862396694289533,-0.00022358276967412533,-0.007890715988164636,-0.013164508869960305,-0.032286373446339806,-0.007663252116952675,-0.012812005167788281,0.0025438812780176653,0.0032008117675984427,-0.004368397475001697,0.005571697977580867,0.0023530559362507733,0.0035547834881509924,0.002786152610571769,-0.0019299022415647331,0.0009537984640964731,-0.005316413796678026,0.000568162155689397,-0.0036560794447049426,0.004843283389255756,-0.8506550948616823,-0.029821704210252223,-0.052007711428107804,0.005376533452304166,-0.008440885692751959,0.0048560253891347625,0.005946288004994256,-3.1516273569339806,-0.0030917232944877885,-0.04038302180725799
-0.008918336392831275,-0.002823009755020802,-0.0014520173086082062,-0.0035530161168106744,-0.007679415572510073,0.017947723003897263,-0.009703653375293102,-0.0016721253773836209,0.021941122310012013,-0.01485476738600347,-0.006497714621623243,-0.011085901611612312,0.011167231447853868,0.0030136466436087974,-0.012079167876687702,-0.015335370989783298,-0.0015154486620844562,-9.961439030465371e-05,-0.005624103903495817,0.01290900176772098,-0.008864366770136101,0.0036418251566532173,-0.0001034066950233218,-0.0001465618187017015,-0.007907182363306873,0.00044301923868101463,-0.0027158765367537737,-0.0008733439944397739,-0.0008779830671296254,0.010201146560243266,0.009857118926355284,0.0005392424658038245,0.00029610543957571747,0.4142646901339705,-0.06414637677675936,-0.020156993356896538,-0.00575131174768016,0.007894534876333365,-0.001955223693772778,-0.0065127186530476965,-0.3500511506355066,0.016700271366992623,0.012431062532352136
0.01056406037094984,0.016326395924837946,-0.00857605193063295,0.016990650635755496,-0.003502026632354829,0.012105241298406831,-0.005281006094247603,0.004968365105768755,0.0024142319039943605,0.007265066853789554,0.0026766836385581335,0.026747196660477226,-0.015972321929096246,-0.001546355534662389,-0.003237734034513713,0.008589886586747723,-0.012280464908018733,0.0066643312897641735,-0.0024914107799883225,-0.0008700130483315499,-0.0008137956017784561,0.007011899200500098,0.00259915345539378,0.006759440278249955,-0.005077077242195875,-1.7594453257664834e-05,0.0005196505633892497,-0.007004171001972546,-0.004294456837626767,-0.004758648485174164,0.00021914274094002586,0.018601725252895576,0.0007712827646795071,0.658268172197374,0.08094743712179123,-0.015534160285852545,0.0029839575763355116,0.00466005325290365,-0.0032946537313129475,0.004580546549646814,2.688693725639261,-0.016191255689042814,0.01802656802431039
-0.0025063133320203435,-0.0031704665405165836,0.0016464676897761168,-0.0030698334567723414,0.004425867702082124,-0.017282571015388857,-0.007155592621489102,0.0013494623551111248,-0.005271753325441635,-0.008348059062390422,-0.007091142025031006,-0.01506520997622094,-0.006598690221568326,-0.007242478921417939,-0.011566273900526421,-0.006308546086288769,-0.021040866290268193,-0.024134774764348443,-5.132643392741909e-05,-0.0010178949207985798,-0.0120872126151606,0.003809366964104597,-0.002853446705655679,-0.0016553911743668348,0.015352351366210517,-8.634167214965742e-05,-0.0014874857454854938,0.0012907332064954217,-0.001541614721815517,0.001714654537779618,-0.0006588676073865851,0.0016742180790419781,-0.0033248600826880173,-0.9083506758016916,-0.15236030857136104,-0.0641103518569573,0.018049236691961398,-0.012708514889947972,-0.011438208046431654,-0.00781967420854003,-3.472720683573116,-0.0011062964340364046,-0.025535631991340905
0.00016935126626710877,-0.0017963329753832484,0.0030610093004660704,0.022656986886793684,0.007379063593401651,0.020659459448830984,0.009910815800750828,0.02007811124765377,0.005031428136751634,0.01409566490961297,0.010970155304704179,0.011821930714862329,-0.0009948686408452281,0.014453131442236658,0.01255803987289259,0.004598441267149565,0.026864342672752277,0.022330151520626597,-0.012827319670470705,0.006854031477095636,-0.009397950630254745,0.0034125420364671463,-0.0023516183074247083,0.0025952961122722045,-0.0049328945176996646,-0.0007519239602633627,0.0003955725121081869,-0.001315156074225571,0.0036639669351145408,-0.0013308066221389895,-0.011211599467934468,0.0021881855424517693,0.0007940122317899459,0.8066126914974268,0.1771762318510608,0.11604764934450548,0.006433056327205057,-0.012590349468609653,0.003827928236324195,0.00703036936682489,4.162215774526114,-0.017559742022885672,0.03547017097563529
-0.0016293946802860995,-0.0030873010869239053,-0.001126960781104061,-0.003359390365376333,0.0006053982227104007,-0.005398949638389334,0.009710133898870377,-0.0052454033833200225,0.010946793532858753,-0.008830009219545368,-0.004161988757173009,0.022029896973537317,0.005977860684719697,-0.003029641397019625,-0.004908163834920772,-0.013694193128542299,0.0033515147504832856,-0.0013113639661991444,-0.05626524714529354,-0.019735050703945937,0.0013119309763367903,0.03487343333626065,0.0039059549078323303,0.003069354244837817,-0.009567944722359188,0.0041590349056366185,0.007284117720349143,-0.00042756414002658,-0.0011735428768285439,0.00989221507475873,-0.0010072876630291185,-0.010131994003578237,0.0022018023027418052,0.3403036386828182,-0.007824732164241233,0.01704503282612397,-0.007357999974776992,0.03461114951416687,-0.0043930245846832625,-0.0015313611282887231,-0.0565651198918084,0.011760418065106042,0.009654943015271618
-0.002404037887654312,-0.0007702528890562228,-0.0022238518787993187,-0.0031112220992436583,-0.012082164984254217,-0.005274749191151666,-0.012639141882445974,0.004103147865945993,-0.005154083737803722,-0.005978163933671022,-0.008085820782937942,-0.01419948361849703,0.01856284300607869,0.005551218584242701,-0.012377503541584567,-0.008598802575775642,-0.02198036777691198,-0.028484144887955407,-0.0037883049435832707,-0.018711006161430784,-0.0010592897446716604,-0.009578586673559084,0.008100791303907081,0.0007153648267006077,-0.003000916873691566,0.004287816421428987,-0.001609633060961002,-0.0011292195737111243,-0.0016807583812543379,-0.0006257885243116124,-0.0005632707331145012,0.004968950587313589,-0.0015265421669320785,-0.9133424995612849,-0.16008587920864276,-0.06195797149674616,-0.008356108528674992,0.0014329093360876204,0.014003895476469708,-0.008569604576020708,-3.435196467747841,-0.0030015676450144647,-0.030034730138985003
-0.008282298751767482,0.000522893728679707,-0.0028846210038155243,-0.00349964827883955,0.0055879659294436985,0.010749352548237051,0.012610342327971546,-0.008514295206898814,0.010407222362810786,-0.004106673454050846,0.005253484628701783,-0.02465652693930204,-0.0002379712763954164,-0.0022309356250362136,-0.018780371189839825,0.01898331389304241,0.0014828615189459865,0.0045708188972622375,-0.00612822478116517,0.019294459476572816,-0.000390763939306183,0.014697403859095914,-0.001126267181937029,-0.0024121908153004207,-0.010820410190143962,-0.00019933343790304428,0.003313014138948134,-0.0017147684659875684,-0.001321311618691232,0.006040686703308944,-0.0008490051629757901,0.004839141315593723,-0.00014444934313986217,-0.41995158179258574,0.004147544432190885,0.02781452998713293,0.01008778851592533,-4.5186894795987004e-05,-0.0034060267656362405,-0.0035051999517832595,0.3441548865180176,0.007109459999306528,0.03783582862946433
-0.008780394283923366,0.004662576399668199,0.002329892916080921,0.025473720495834812,0.0010210165956675323,0.004772069096453222,0.015270001494667005,0.006920086440730823,0.012919454552179943,-0.014577493830951206,0.010066027473179227,-0.007399422809038566,-0.019477515393240996,-0.004156544060973354,-0.0018614496664793583,0.0149115027046382,0.0062326062979069004,0.024320802191463983,-0.009309417719723366,0.0101592257429319,-0.005256036794783184,0.005719556023319229,0.004426156809457893,0.00021634007084939106,0.003150394488577894,-0.0007608366503476045,-0.006302513292102649,0.0026327939416630583,0.0032654114012463857,-0.03100527555720269,-0.0005235887851075754,-0.000936818088135136,-0.00031354662138612555,0.6476915533633013,0.09478748977670395,0.09049528537040519,0.0026519659551749518,0.013619134601953443,0.0005563713968363768,-0.0057803857577256295,2.314136079932344,-0.01987419070099575,0.00930847003444621
-0.011065881927651844,-0.0005222778124633838,0.0021873297869962715,-0.003140691301884708,0.0037029448364234835,0.008178102239094868,-0.008830494077150529,-0.001072295042719376,-0.01467416872393101,0.004280272228560487,0.006613273363444171,-0.00147729576121267,0.008861553184524393,0.0002767047053664857,-0.008846842843797545,-0.0064989395401650486,-0.005328215047543376,-0.004885295732969323,0.0016390254255423211,-0.022026361756143004,0.00112168693473401,-0.010342809670433451,-0.01952231676912742,-0.006671879314884091,-0.007616872866739158,0.0022077021332013685,-2.4831556977173238e-05,0.002453987605706208,-0.0008733211298225172,0.0032946286209857194,0.004749688278620733,0.0012399493745586438,-0.0032376292872913826,-0.3700375617952754,-0.03681062406642737,-0.04949181712384125,0.0038545868396455403,-0.007426328406423553,0.007588459900183749,-0.004736710420339972,-0.8047023708213501,0.006239956894146198,0.03955003966338382
-0.008805403827972265,-0.0008896232375686005,-0.0015155684244122511,-0.003016326016063618,0.006384345401793395,0.004961794114748436,0.008871226134670217,-0.0023485805207640927,0.011160734575744485,0.003912809360207904,-0.01503696730483517,-7.305523814479797e-05,0.009071326221719796,0.0005935599841472383,0.0006824028601345082,-0.01679813503501786,-0.0032579746640652623,-0.02471125518647043,0.0064413919919893625,0.00802836247526368,0.004789056714197269,0.003032272515693259,-0.010380032733327296,0.0003157263632971327,-0.01575419304749409,-0.003345262253436512,-0.004210987750363432,0.0077629099768290405,-0.0012156062379778331,0.0021359386639148155,-0.0037551724779212566,-0.0037072939549933092,0.0028134194626741366,-0.25096739302946447,-0.04461007976635445,-0.006844109846032992,0.0107743285864811,-0.03509349157692101,0.009883597876852395,-0.01917632761406904,-0.5979316742919255,-0.0016466458562886888,0.04769116679350147
-9.010874576168042e-05,0.008005779254006763,-0.004047355256663473,-0.009766725169460594,0.032581051801325076,0.004845064220096761,0.00919401003333866,0.0013408888357181858,-0.009329303107298903,-0.012194166744630546,0.003116865471938192,0.026609887263643307,0.01014678190764331,0.0014078804159415672,-0.0032724029579475006,0.002719330038431088,-0.011221019334488271,-0.013050324267896698,-0.004097045962940432,0.012886418570342138,0.004474025166789583,0.0035042398052882837,-0.008635041601657331,-0.0013719530900425528,-0.00357291531978227,-0.0006893568866867792,-0.0013115435594653624,-0.002627252975630527,-0.0009823967618072006,0.0020533989870120326,-0.0004692296889483393,0.004751763547263171,-0.0016853868792155412,0.39524245089923027,-0.00952454904456499,0.017493370221151796,0.005768117347268777,-0.008550675161033186,0.00019093025443093014,0.002185158321520763,0.8195741202239973,0.009119590899432942,0.028933976016463046
-0.003910202251068578,-0.0018176962719951496,-0.0077074478471035835,-0.011090681700081227,-0.002924546676345656,0.003559909366333458,-0.003586082084151867,-0.0057498359579708684,0.009792534187989027,-0.011597999874199549,-0.0034146559617822866,0.008640089870775025,-0.006383652490762101,0.00435046206799059,-0.0006409104949958508,-0.005524307936806019,-0.003099283231022757,6.963241074314151e-05,0.0011882350194294376,0.008504737284330585,-0.007888809340488927,-0.005216631155558607,-0.004680205259942353,-0.00047937708251704464,-0.0015216871149387912,-0.00019980341155869402,-0.00044115826737153304,-0.0035401660107043666,-0.0009175462835878391,0.006343170117207394,-0.0014380323517531937,0.022927241487080387,0.0002460870283550638,0.5048086852387842,0.08300622001889237,-0.011270833186096956,0.002675452649619805,-0.00016087662778093554,0.004066007241749069,0.012140559667938072,1.8114843764913553,-0.013140836835666657,0.0256352984581097
-0.004290706458998795,-0.0013707600827803914,0.0017358175600276637,-0.0037429144053879467,0.006718469331843253,0.008032557699811848,-0.013373215139359275,0.01009494671258884,0.0005348062830657714,-0.010816973931266226,-0.0030271976209917785,0.0004350938555901156,0.009104251464987646,-0.005302085655480605,0.018830132818980817,-0.012050846253738427,4.1460088223988336e-05,-0.002560193461399549,-0.0022083296937764033,0.008844902545630702,0.002997554055770833,0.020725809999463444,0.007009512046358698,-0.003528055708498636,-0.012087372312817719,-0.0006845575978865505,0.005313451833358867,-0.00149397033469737,-0.0013908207493637031,-0.007315072940074401,-0.0003283841343349925,-0.011201865508265458,0.00422486561634794,0.36068462560895986,-0.029696226454820163,0.02233849822124908,-0.024002729337677067,0.02419079018341493,-0.00622318288369927,-0.00148683757229384,-0.011844910963226395,0.008433087445398266,0.02772198199222808
-0.0028417184213712096,-0.0019389495061307783,-0.0015074357964686748,-0.0034119222812503433,-0.0023302511068431313,0.005703741635271485,-0.0019071301192460286,-0.0020937525454585116,0.000712314180199457,0.0025826196589006133,-0.020997411030039614,-0.00880339331267988,0.004334661662208834,-0.0014027450985058278,0.0011896212884738569,-0.002954274515607257,0.008425155005409355,-0.026083007180899242,-0.005795219714467527,-0.004034239324635066,-0.00107525194492227,0.011701834907100977,0.02824073964407355,-0.0025917120882432984,0.011165029407549121,0.0012982227141730806,0.0032771862483174973,0.001347122227345117,-0.001949182313226032,-0.00797314658800707,0.0021072587970103695,0.0001286892286824155,0.002682876202578236,-0.4091621148011849,-0.05507699927618627,-0.03917282317329543,-0.0050091027927892705,0.031075753962288018,0.003355579651112535,-0.0168631931583731,-1.1996335173046797,-0.0016738096676793585,-0.039913527045927294
-0.007096419604518209,-0.003645925736352215,-0.001966276098179557,-0.003238559514693494,-0.00040260925495562644,0.01411178097710641,0.031613813338874946,0.004753480560188639,0.015811999306593095,-0.00214154030526916,0.005627347965550999,-0.0029666582427931402,0.011153173201078798,0.0004713096315573269,-0.0008958179192922276,-0.0014551884875538255,0.006767475507435937,-0.02891033964898951,-0.005301527498374745,0.006108991577800361,-0.00024623660996391026,-0.018542559327199556,0.0062796930042273505,-0.0063755351812941185,0.024222616167021607,-0.00015851646297735002,-0.002307969689864506,0.0021854674501100247,-0.0009773927576172464,-0.005615867485094668,-0.0037427968942749168,-0.001494392035058285,-0.006552733042641804,-0.11937667614648427,-0.018458540802368265,-0.03664550979324191,0.009413214860070844,-0.013090014914852836,-0.0064519454194168465,0.00013230241763206716,-0.49790224397846605,-0.0033004427291610924,-0.08887859921546684
-0.013967222785692597,0.003961173516436464,0.0001630419930775288,-0.0031731847254908825,0.010572077856275347,-0.0008246522310315967,-0.01191835235305187,-0.003243029122335061,0.0103390807593924,-0.004842614733244834,0.0073766090071371365,0.006778530867601631,0.006941780028063454,-0.00309061986995796,0.0027542912710165493,-0.01290488669824785,-0.006934683727535838,0.04448768809934426,0.002896409104239616,0.011756798283861865,-0.005345201282480099,0.0009008180257883659,0.01630284817435736,0.0005263709371857773,-0.010621031737660968,-4.987270021969882e-05,-0.002708031640215429,0.006042655064273095,-0.0010422600818970752,0.0025078971743584784,-0.002035275951002808,0.0012063940972079368,7.987104369603038e-05,-0.3355671486064749,-0.037659629772820925,-0.036899089460786044,-0.0005977602885630213,0.018765191445992074,-0.002705635473040908,-0.004757525154546247,-0.6702353208262191,7.571167672865435e-05,0.04110151431152733
-0.005513846384557229,0.007777105641985056,0.0038180357456244845,-0.0038790080211648075,0.0007477279105494635,0.01543509395712309,-0.01509050350439996,0.006091289292951888,0.004125759460426368,-0.0143366959423741,-0.005480430328933558,-0.027907107583469055,0.012084606717534297,0.011591487235201942,4.4814321398592644e-05,-0.01748060092755112,0.003670751080094312,0.0019409793876868724,-0.003855844623583032,0.007470263313053997,-0.0038703542978068242,-0.03474926844815443,-0.0012352652029729975,-0.001653584585900306,5.124653367311971e-05,0.0026202498882181274,0.0006509628468817136,0.002415917065696496,-0.0016950429312281015,-0.015282871276996892,0.0045470669245368375,0.003966947014521074,-0.0011333815828230211,0.40189689380595117,-0.05474403348407459,0.010013327581304857,-0.002257170378088246,-0.015566216372367108,-0.011953558735123822,0.0030967303993349143,-0.3470035169267889,-0.00625478626244397,-0.032798389102167765
0.0012853808374189565,0.0010855093264256449,-0.00018459394930207023,-0.0031230544744302595,-0.004826769005344804,-0.011866364851072921,-0.010863759151879359,-0.0010357544979487925,-0.009105768419626348,0.010754104596840631,0.002131743492032937,-0.016774400934952062,-0.004891350801795128,0.0037367158401801002,-0.004403055673073006,0.008146309298100712,-0.001906691562558207,0.009166272146355126,-0.003947228624625858,-0.027497342273159583,0.0026588465380329154,0.007070360671776247,-0.02043285591083032,-0.0008662801593625164,-0.010347109021683872,0.0005800868185636876,0.00022375384404112793,-0.002829662272750714,0.0019301474867791221,-0.006291586132823528,0.0033270144073426857,-0.004397314351936997,0.002777775841173382,-0.3647453098793054,-0.033401299940053406,0.02699980789027287,0.003032807076109466,0.0034828038959500104,0.008259125836149529,0.0023901469056151012,-0.7525221865563315,0.009626948566180783,-0.048574018108584846
-0.0015827959949634852,0.0008511804647786972,4.254606913466823e-05,-0.0031626118276922672,-0.003055017572832729,0.00091792146020214,-0.007357948684418874,-0.006478404750963958,-0.010822660686133329,0.001284717424811053,0.00567229215996437,-0.006133339573811059,0.004908096664717951,-0.004393997171927628,0.007545671373584145,0.006952014773945664,0.011860492566370048,-0.04713932332137486,0.0009532139362244312,-0.0019556350298505663,0.0007103805782183782,-0.02216465058942371,0.022897088773993775,-0.0025300680742643073,-0.000852803757532386,0.0004856529177961696,0.0030698096788476614,0.0037868805095107928,-0.008162668798403211,-0.01017508054173125,-0.0014061600744181002,0.009181606637703232,0.005239228422689098,-0.36456722887179704,-0.03886741109789919,-0.035019707891038594,0.00048313182786185213,-0.03706910100110857,-0.00235824558028532,-0.0022592332756089205,-1.2881768691822704,-0.0020219431307668774,-0.025235643136459242
-0.006819834449118482,0.0004921337620707927,-0.0003210711914925119,-0.0031825089881444193,0.0035937779211327376,-0.01805718155383893,0.017036986584286536,-0.004731887076573672,0.013848524154981792,0.006212163868168867,-0.01690020272311119,-0.010358417488073243,0.00352373983059021,0.011661660664326154,-0.0050121165307159075,-0.004888125064269694,-0.004335984555031528,-0.035743362191349486,0.00504622652692407,0.0029334820444606798,-0.004723505387047096,0.011834858399098177,0.01249707321275816,-0.004702878803994433,-0.0115233813082851,0.0021130472097947075,0.0004967284704117966,-0.006582015258751124,-0.0024631135745019216,0.0011802777500392184,-0.000804478070663964,0.002233940860606962,-0.007521028140968406,-0.3585283126277894,-0.03674754021605807,-0.0452743786336477,0.005628350708926912,0.02301942528180512,0.006842550355360911,0.0017523056203746766,-0.8723290859504396,-0.0007937774239924672,-0.002663349623542106
-0.0057361864557214206,0.003756751178819528,0.0005011482992186489,-0.003645594934629585,0.00581517754363347,0.004560278278737629,-0.008055192121102268,-0.0021494982577262185,-0.0019892069819818937,0.006222091550026174,-0.004814857295180925,-0.020494125020819612,0.008950112015725029,0.0031777831870947407,0.0042672214469027,-0.012472795615438879,-0.006527448509212535,-0.007321226543279487,0.00695620606862477,-0.002234554755467398,-0.00036316125680383945,-0.043428270055943394,-0.0006511449397161235,-0.004564611805399372,-0.007680319483196325,0.0003051310387000535,-0.001107138024430462,0.003179652434064986,-0.0010083976808584279,-0.0013298415767835645,0.0014402987409510648,0.0016086468390525523,0.006917709145008432,0.4253290784033619,-0.06497415066180903,-0.0231224258213956,-0.0025690493660087063,-0.05332077141078422,-0.001281309298669719,-0.007809989003143304,-0.6298665122078881,-0.005074888844224565,0.022935617926753978
0.0003095166590025572,-0.007306943942316552,5.892502530106876e-05,-0.007875400764979968,0.03085827072914776,0.00713499878201804,0.009148707894761472,0.003426661163020248,-0.00275301614918245,-0.011674954647326277,0.0068184476483168855,0.02147355322854049,0.005003440786795333,0.017692588592560482,-0.0005705233501240859,0.009985932051056802,0.009786900509888867,-0.02279879865265446,-0.0017763323456294405,0.006375862485008322,0.000735399893642477,-0.010022937087377,-0.008526849861430938,0.005373555877156196,0.004146653489696757,0.0013497494059344743,-0.0008096872133504223,-0.0028969484747211416,-0.0012902891831805378,0.0016826334849297606,0.0012093281850666274,0.005367789785034951,0.0034669038793021054,0.457854282015859,-0.011208131131325183,-0.004479634880792796,-0.003268177516932694,-0.04984158113888694,-0.0011652044637413552,-0.014889736849906405,0.8208357252705224,-0.007772642318514563,-0.016755364346632842
0.004980198791624432,0.032439420629048366,0.021301317363929956,0.0222651362952903,-0.0015011991163945435,0.009285417781856257,0.00976140129540836,0.008711880095409318,0.005852415098828167,-0.0015939397696879416,0.0105450553094068,0.021375697615408563,-0.009531774784731255,-0.005466453569864766,0.0023955368294412555,0.005648019201666129,-0.021195528919524594,0.014994729809196063,-0.010923729021949899,-0.0001938561140119211,6.119884123320996e-05,0.003521762756046135,0.002840601507027713,0.0022664166166495273,0.0013012911152581975,5.584252453724853e-05,0.010711498098535183,0.0020227339195895947,-0.0032057800237253542,-0.015034472583657827,-0.003616849841676289,0.003106460021305816,0.0004324473139400122,0.6928533070878947,0.10242450406493754,0.08287868247359709,0.003820528732166725,0.0023705665415726237,0.009061646260848603,0.008018435382218634,3.2212524843844244,-0.0222472056705092,0.002165822324114
-0.0010369184487306656,-0.0032130305966349476,-0.013444243765167126,-0.0070306514784255056,-0.06890496535746338,0.006159524080782809,0.01320848252043612,0.01030671049595099,0.0030118803845805503,0.003213405683890721,0.0020542006559144555,0.041372964763720946,0.0070007485412234595,0.003624647839841435,-0.011036284740469766,-0.00775573163666691,-0.014481245178712097,-0.00112585842900361,0.000756099053550231,-0.012228359010165184,-0.0017283847513548372,0.006501117564547648,-0.009928617046068549,-0.0015684706877630928,-0.006897808491748659,0.000773875175277273,-0.0004976260181394311,-0.0016192774256505906,0.0013586576143423637,-0.0026146945681262395,-0.006131323735539729,0.0044085845287845605,-0.0008636751928586142,0.38406404703915953,-0.014021043148669568,0.02787424046962145,-0.008421286051878918,0.0013473753989309068,0.006160996529625488,-0.01928563554975292,0.4545575912654979,-0.004638522288759322,0.022321512650077972
-0.010089480170890376,-0.004259927808665999,-0.001046449537521002,-0.0031916299819822144,0.0025149409013136017,0.007334973925848934,-0.003861697692622435,-0.0015604303300276801,0.013137486511975823,0.016656980424563782,-0.018207806814372746,-0.0072619418110933314,0.007962343403066792,-0.0009471161442033164,0.0013610090059533225,-0.003878224702603997,-0.009396082276366267,0.005316277711977825,-0.002445499299346018,0.0167215457461171,-0.0044084067861983635,-0.012826909707557179,0.01101799608352874,-0.0012422432630898976,-0.004990186077700806,-0.00033071157669677906,0.0017272817912085453,-0.0013215997876442527,-0.0008719265454066058,0.003233015185743731,0.00167523172232479,0.0018016634555725896,-0.0009769723103807036,-0.23683047326283008,-0.045971280246215225,0.02560072287299803,0.003052467288917281,-0.0004043675945313958,-0.0003417164592068811,-0.011319427022469105,-0.233970760445697,0.010921550869391835,-0.003321643399460529
0.008936856986803814,0.005361902850172076,0.009738333394040635,0.022315367505404294,0.0073396494194217276,0.008451812901625493,0.0037172776385556547,-0.0029748294850657693,-0.0017589378084080683,-0.02993690042088697,0.0010320730749541892,-0.0021168852063045353,0.006977403414907521,0.0018189173465827364,-0.008384853132459588,0.002086536308080466,0.0013375187418320806,-0.006282566227979626,-0.003313618313799862,0.00748364143301365,0.007245860758366763,0.006327949382950598,0.005375372226334028,0.00036573158534338357,0.005629960479676175,0.00016595680986493936,0.0006936171684270138,-0.0019696267742660653,0.0015776229837825989,0.0036514401144169817,-0.0024965348413834346,-0.006078303589346738,-0.000877898375827537,0.5092359420871153,0.003085510017566034,0.009044334045756141,-0.006163381268486513,0.010865026360880761,-0.0063501699828884765,-0.008027151934260473,1.755918675840106,-0.013081656153210674,-0.011508088472519138
-0.0033802861129891516,-0.0053123626690629155,-0.002401022162952361,-0.0036326623048687687,0.0064290849997737315,0.005221368601618547,-0.009938852893430963,-0.0019484076314854259,0.017939423461264408,0.0013854404268171575,0.023334106926410705,-0.01277993530493211,0.012841102067660086,-0.0023214171852118754,0.006638955159971417,0.007044701458155597,0.002019730829241892,0.002505853742120042,0.008823327651172608,-0.016662945303174553,0.024089911140887595,0.011110398366823952,-0.001233210875756458,0.004957759115953396,-0.006099107240677375,-0.006666349835034164,0.005413935614810549,-0.0001392802553655702,0.0014035543357522598,0.009345398274537174,-0.0006823009653101258,-9.384624193153535e-05,0.0017737066124625686,0.4027065243302959,-0.06710422824188449,0.007903973957363612,0.007018822990815908,-0.012866298453006539,-0.006907354601920418,-0.0006240538126892369,-0.2587287886824591,-0.00469448328107604,-0.005186186374989594
-0.0010957455932398914,-0.005362832063804785,-0.004486600559850831,-0.0025736827885461822,0.022497212353037477,0.012337613471021532,0.013906227662787346,0.0016355396954557816,0.009363853522749353,0.00976646007467929,0.001723830719056753,0.01949476589431032,2.4882408838241117e-06,0.0014714958861196533,-0.0016863872649348379,0.027105651959720867,0.002911314045060746,0.04712422810027581,-0.004701468007165247,-0.0167825021025063,-0.0038049558196986866,0.0017126615962304453,-0.008687355297307173,0.004178112076765823,-0.0011451734032123734,0.0022913057835754944,-0.002187182161022093,-0.005929192625501141,-0.0009444376369193729,-0.00027013685716534546,-0.0008772531314786357,0.009038827644957425,0.005906742938176959,0.48492558490567955,-0.007198567998370783,0.004322924157737435,-0.00285097242459508,0.0009969774193101764,0.004059560522771443,-0.011164926699439585,0.9036175197141059,-0.010731059731204534,-0.011188673077009284
0.009226099827314403,-0.004414624905230623,-0.009953199358468083,-0.007838940837009931,-0.01404049736739351,-0.005256902841235305,-0.009338841541897002,0.013054159062909769,0.006989169515342648,-0.009275723671851288,0.0031238165577190218,0.0037358081704930023,0.010280490066333109,-0.0012990956239731677,0.0012193460339916568,0.005136240376029838,-0.024160494391154017,0.025056441288042203,-0.0017063696034683973,0.0066742279821193785,-0.0021990120131503126,0.03766148375608612,0.005833660650612971,-0.0037054381342167073,-0.0010567110880591159,0.002301725876326882,-0.0002021269421522909,0.0015845022692359322,0.0020687730459765814,-0.003976803743001208,-3.785541222565321e-05,0.005509760607205148,0.00024984557079701935,0.36806766987597556,-0.04601441851034095,0.0033804019493169,0.0103212254904119,0.01391591982446214,-0.0022707173210337,-0.010171543930013554,0.46154923686471105,-0.006734997299168863,0.004819284621105249
-0.0003739069830929887,0.0006700862264852363,0.0008768456910871778,-0.01188285884675684,0.029810970634561874,0.0044723455127663484,-0.02737794383971323,0.00154963819127381,0.003823600620426926,0.09647893515973702,0.0016626082511108091,0.02925403290230247,-0.009428531208017248,0.0017200834565907239,0.0005328903888987096,-0.002608618031414809,-0.011444144082691341,0.025124172547952208,0.0006346566222537554,0.006333420310383731,0.0043233803990101426,0.000602692220500063,-0.0032458045032477283,-0.008086363091528723,0.01242828901747803,-0.004344647256372958,0.0028515866054850043,-0.00529903723163726,0.0030757239995975257,0.014383134261275262,-0.001184325880200355,-0.0011194980322588675,-6.740510212995777e-05,0.6471050371454254,0.1041789693363832,-0.01560739166754986,0.022864336324302213,-0.024206773925793252,0.002635381677062868,0.01478208899351494,2.1360741414310414,0.010366048486057319,-0.018907998245699914
-0.0020181603403917918,-0.003668243305612809,-0.002776916055386435,-0.003969653416394702,0.005593758132107417,0.012389704963938073,-0.006310828234869055,0.014565225223497427,0.013456956129071895,-0.011670552409474254,-0.017179980576837114,-0.01187824977971634,0.009802547455667242,0.0047682430020931825,0.004675071982783231,-0.016355723741241997,-0.005012242303659297,0.00317749626216708,-0.0023611808069591202,-0.004579141827576255,-0.00011329650782950168,-0.04015321313427661,0.006828852649020708,-0.004320954412522957,-0.004346608096100746,0.0027274811241527553,-0.0015938915484119212,0.0065883360306849634,0.0020264899255680946,-0.013266539638497296,-0.001751517488988565,-0.0019189998610541258,-0.0014868909300216509,0.4173127450373977,-0.06755003214211196,0.0013257728543291185,-0.0007095632337222466,-0.032594473657613976,-0.009366270252053005,-0.009907210842207517,-0.3418581692612557,-0.007973203617345227,0.012204870296203743
-0.0022725645368068073,0.0025803112570106468,-0.001098116269123011,-0.0032527080796755244,-0.0032106619495992556,-0.0002489444620536234,0.028575234386777514,0.0053006920807354505,-0.01598701859549848,0.004569903857597826,0.0039057499213007094,-0.007033010549022174,0.0029911963870053893,0.0029848846521087257,-0.005646770200356289,0.0030662546031224418,0.006028523568693465,0.005941333823026152,0.009087794607400734,0.008034430358845457,0.0008662483916807495,0.009400274978994693,0.0157243525637177,-0.003815952860373991,0.017196543592792667,-0.0014385813006197305,0.002337111866080295,0.003470375102882884,-0.004095656757770916,-0.006822899708107585,0.0016692961175619396,-0.011412728786717199,-0.004990988095425408,-0.5503236942512669,-0.04730016388040752,-0.03684419849819139,0.0038858175419680197,0.002731502784862506,0.006554937251393934,0.012518980246828567,-1.1198378938842042,-0.003629685933534548,-0.03398395578808253
0.01483865467878926,-0.0037147372119124976,-0.005574219956192053,-0.003051544910447779,-0.006252331808650035,-0.009492532482544287,0.01557507416167608,0.004164617319063157,-0.0044465051616215,-0.004289890807705583,-0.006494498991009398,0.003779522030024419,-0.0059041998319320135,0.001063238229598611,0.008112107940555165,-0.010902323085992267,0.037715066275433626,-0.029661445139314506,-0.008276506277781879,-0.012752700009844731,-0.016167464930769333,0.002394000713466005,-0.004821093989735359,-0.0001875781557504194,0.00797854884054656,0.0006930281223355799,-0.003952703226914737,0.0010922549677547502,0.0017539464631597828,0.00012306528512353476,0.0003563564871472387,0.0014739180286806076,0.011071869304514736,-0.8403334566707611,-0.031237854436920447,-0.04707623945941486,-0.0067126019630567345,-0.008100965401517368,0.010521399208183893,-0.02335530597084765,-3.1851108728390796,-0.0028475465352115316,-0.03844454880111777
-0.004626692495510703,-0.004033025870708121,0.0023112004853900288,-0.0031824617109566114,0.0044583963634464065,0.003449985585243493,0.024117359876674394,-0.01757273511213137,-0.018002370396186736,0.001562618393924184,0.0012056960287120655,-0.0007712128031897874,0.005443078668953062,0.004344117288019729,0.0028007948440583706,-0.004829253960319805,-0.008350534789815556,0.015713096216789853,0.005670474412169036,-0.03443852028065332,-0.00021312811508123223,0.009939645174878371,0.0056304828164853845,-0.00048506404582308567,-0.00432538245925536,-0.0018479068748872116,0.00015116818602867326,0.0007524751263819718,0.0019038707985066263,0.00299577273937681,0.00044163727171062117,-0.0027433819283187,0.002856778068287021,-0.18000392187798525,-0.043667654623714205,-0.006432639961412221,0.00479910323440615,0.030429717297541445,-0.0002711741514471541,-0.018038274720700877,-0.281367065031806,-0.0015314667089258247,0.006124109664554708
-0.00289883808010648,0.00268316562610946,-0.0021153229576357895,-0.0030640092935213413,-0.0199626082597223,-0.01808949216469578,-0.0011361938957076638,0.0002959334065238639,-0.010069228396805456,-0.012742732127202897,-0.003207288173326754,-0.0032492555976270108,0.005095901891093633,0.010710623504942044,-0.007409652973606257,-0.010598364310481615,0.012350140185181662,0.011360007032313805,0.0007852760627369739,-0.006838740294472586,0.0009723818976783523,-0.012512106199396116,-0.0030510776269596926,-0.0017878280129988925,-0.04511508257376887,-6.717178028714478e-05,-0.0012693671060599167,-0.0011370627316762663,-0.00656244507288181,0.0006304557256371066,-0.0020947679969266072,-0.002737414598313504,0.0015317301377051628,-0.6454042926617334,-0.061277676027282554,-0.024991012362518335,-0.0032938259318173306,-0.1046423455312925,-0.0013878032216960872,-0.013993618446645576,-2.10383351622435,-0.0033204410941913955,-0.0022850337442105297
-0.0023031748043490434,-0.0037556015553655213,0.0002687655264068268,-0.0029275495979349596,0.001904350125314366,-0.006921903051008638,-0.005143658643547789,0.002945203108587099,-0.005806965021031591,-0.006992156163012638,-0.0034372508413950485,-0.012947477426765532,-0.011704615691914506,-0.011269848164019325,-0.012464747105479219,-0.008524937005842332,-0.014515594946161578,-0.013792023209155922,-0.0030532226408771642,-0.01945323956837314,-0.009708637927558184,0.010783983467161012,-0.005064112310138702,0.0016511232090927904,0.021628876307308233,0.003155575025583328,0.0033180144994052595,-0.0012273449967398907,-0.001494976921146966,0.0016746462657176724,0.0010499293570284509,0.0010645441302387483,0.004038934256414062,-0.9222330962344681,-0.1503347805374942,-0.06838645225886608,-0.0076581023959843755,0.010111130665815338,-0.010657238748394107,-0.008893795933918718,-3.4952526865110003,0.003042776247900546,-0.021167661980020853
0.002332724628185568,-0.001551397217736754,-0.0020120659626555308,-0.003087556702007808,0.011292488253455748,0.003981256170434815,-0.008275656074715988,0.0026659515488808416,-0.002792214212237816,-0.018914231543207618,-0.008879373687036726,-0.008543268101134528,-0.0017986812057599873,-0.014282465850553634,-0.004893966023334614,0.00798682522317273,0.019841286386852463,-0.03218238601570885,-0.004490479181098077,-0.016782605008279106,0.0018495491515640172,0.010253729176460462,0.007375874836578567,0.003337079603795822,-0.012964634751994594,0.00668344531876254,0.00541387424749787,0.0001520281529639635,-0.00033050513477338064,0.0027477416581615285,-0.0005976227344460871,-0.001563263119310601,0.005430975121671425,-0.7424627469985771,-0.1096622646751282,-0.04294094990181625,0.0016178893025383632,0.042442583131936766,-0.010287132604609965,-0.01504419580956442,-3.1819192303977957,-0.005231499519034236,-0.021369909480396382
-0.0006528333614200499,-0.004784252838719986,-0.009845480592847216,0.013466847018559443,0.0051144638817090145,0.001780252559327442,0.020524954493665842,0.006432217871155484,0.005140341073585771,-0.020057124690229213,0.03089784201981519,0.01963420934192869,-0.019827163702425404,0.00307364842967046,-0.004954549692561211,0.008820148793223423,0.006176427691620743,0.0219153250800882,0.00099141400095375,0.005200323908377711,0.01899403214535767,0.00587368526500687,0.0025602626955369147,0.004059264449945291,-0.002830936548412347,-0.0039033664881691615,0.0007919106451011806,-2.8305233498055046e-05,0.001163182099461639,0.007850154579450064,0.006969240636135463,0.018297731350885537,0.0002577412712784597,0.5268005431682523,0.09382256863701088,-0.003962057659897778,-0.002597755258032385,0.01094717513156679,0.00035236199849843805,0.0014019501853450782,1.9564346948295663,0.010700841308870173,0.03236529172750162
-0.0018860914416911514,0.0004221858873110024,-0.0034084643877490234,-0.006973585507772013,-0.029079694338454427,0.004823186056737048,0.01487092194354671,-0.0011183031560822283,0.010176082632045903,0.012148267626892709,-0.0033511018740689427,0.01432935086406374,0.0033032600821954264,0.005105334904386512,0.004280313779931507,-0.002329769024821798,-0.002588235834604799,0.06908067496372364,-0.003930328884568608,0.0051721699361277455,0.008179026332444397,-0.005647082474138166,-0.00708113698901572,0.004932678947871408,-0.003294629139738987,-0.010552533351478965,0.01158545749976912,0.017680182639194793,0.0005699386289013996,0.0022182149727664824,-0.0012331036236203146,-0.004124879701821284,-0.0008804639696893562,0.4582984618341026,0.010005295967066221,0.03983136930618267,0.005943579112836122,-0.014233772916837379,0.004123061457375096,0.011596094256840939,1.190746072207196,0.0012228244713376319,0.033430782859418064
-0.00611732378689387,-0.002676111174669126,0.0018106042564802888,-0.0030460118049089537,-0.017339362268003422,-0.007311814739937252,0.024917493154321534,0.0019161823662172536,-0.006036781521608613,-0.0029078913523389207,-0.006775337597150886,-0.016513537740544336,0.0125984603123068,-0.002732967434637447,0.015254473064137448,-0.007969448445617467,-0.01908602233266072,-0.03169207709808032,-0.004265027072312338,-0.01406687388889171,-0.00021868140509903751,0.004384555013249701,-0.004062580433738979,0.0012875690824084023,0.00046081763746001964,0.0026692809347360737,-0.0011415485401648287,-0.0020885787213255486,-0.0007858428248086444,-0.0011381718178766528,0.0019187058563915243,0.00271489279592945,-0.003422000055913884,-0.836562673658689,-0.02166499071909771,-0.04800969692058163,-0.011123916319192916,-0.017802129015587784,0.01227112241129301,0.0067212452797071704,-3.182704882436478,-0.0016072935460187906,0.040589172508190705
-0.007041091732503691,-0.0004134588506895546,-0.0014362708417125676,-0.003131625242519736,0.00510996415602072,0.002679847824289071,-0.0134242094864687,-0.0007535722882586349,0.0026294564704997265,0.006614722194116878,0.010453393603790516,-0.013595802012087871,0.009937231363049089,-0.0006362017650112542,-0.00041120498107817543,0.0024470241805539085,0.0026049008432989717,0.01913195143754707,-0.00013679984908765024,-0.0013875642519217825,-0.002265580586336687,-0.0005865682840245552,0.01681899230997759,-0.00427368653172981,-0.007780671867930441,0.0010935391587454295,0.005529796263675541,-0.012356667985969412,-0.0013746434289508627,0.0018523726751903564,-0.004381289883793581,0.0019874662059786324,0.005427126188671805,-0.34353684574035565,-0.04745834432287257,-0.033893874757081256,-8.425937958417675e-05,0.0023405380960296878,0.007314274808375163,-0.008862378254097856,-0.8739930305088272,0.0008937611170224998,-0.06818857348429679
