grade_t1,grade_t2,grade_t3,avg_grade,main_idea_detection,detail_extraction,true_false_accuracy,reference_resolution,inference_skill,synonym_antonym,word_formation,tense_mastery,grammar_transformation,sentence_rewriting,preposition_mastery,translation_skill,paragraph_structure,coherence_cohesion,idea_development,language_accuracy,texts_read_per_week,exercises_done_per_week,bac_subjects_practiced,writing_tasks_per_week,confidence,stress,language,reading_score,linguistic_score,writing_score,practice_intensity,imbalance_score,grammar_mastery,vocabulary_score,overall_proficiency,psycho_balance,study_efficiency
0.004556855708781841,0.001208198646909399,0.010904188439039486,0.05097956214895398,0.00019410373990618547,-0.002046932715746385,0.003703451361857507,-0.0032965410487993795,0.00308127912218367,-0.009749997795502353,-0.0007436244144440717,-0.0006241860670285503,0.014297865751059902,0.011501332752185093,0.011715656394364338,0.00910033126273751,0.037398467111611315,0.0006905458192389721,0.00031693373190432267,0.0026868844060562607,0.0017739659861434518,-0.0024993128183370527,0.013094165746134192,0.0005979219854216956,-0.0034468050878406742,0.00023212211437711333,0.01688212184655369,0.05757539526405283,0.06221848873144755,0.0076988247482805095,0.0036419427239945106,0.02103147176475968,0.02375054989359293,0.002547222099141105,4.19630263245813,-0.0013234855576115612,0.006392570413169879
0.005760665964080325,0.0033296819431872025,0.010765220611880802,-0.018035867573689926,0.006300101814412958,0.013474175435138657,-0.005130869494011245,-0.004559058625820792,0.0028608730745556,0.031229994483284618,-0.0008105770407121102,0.0001589452401196614,0.013694922795011848,0.005093259154374703,0.004861255836996042,0.010166146890451016,0.012392011552244633,-0.00540721618980119,-0.0013984595127631604,-0.008047419660105106,0.010156996441554624,0.004469135443410617,0.009495415400163035,0.0005422269006057421,-9.164248696785196e-05,0.00019305201505903755,-0.009122278759707322,0.026177305971761104,0.060321555493064644,0.008853916852293626,-0.00200091403633549,-0.03399925495098795,0.004518654707768741,0.026333214209183158,4.0458954404082235,0.0027959935209261578,0.0003694675997058576
0.00897910749048017,0.018871708049965828,0.011629898477208129,0.07261641313727277,0.008812982588635469,0.004623964833589126,0.012697546011280618,-0.023963672575495056,-0.00015501410753071212,0.00908474151784039,-0.01813651915806704,-0.0002815750899524188,0.007033877946718722,0.009485737168693019,0.0030530646607141152,0.05225548530900622,0.008813165752903005,0.0003704173409006509,0.0022001799974397662,-0.0075847590141513415,0.003299049794838513,-0.002694107032241629,0.0010252413193365191,-0.0022905466169395265,0.003670369625696337,0.004077593681864205,-0.009840772226589687,0.09802465619741163,0.08558832869287182,0.010128219648666592,-0.007832024691383228,-0.009807569749120023,0.027788159532297615,0.0029292678232648852,5.281937132342857,-0.0028791648108425516,0.00414691613055308
0.0008189728712115112,0.004514142674691252,-0.0047607748050860895,-0.029030274792592292,-0.00014290263821621196,0.016079254688124132,-0.01312409133115826,-0.0013488572849874572,0.00727667516397553,-0.0024333198772373416,0.008280791860639696,0.003768763937138433,0.007761468348124184,-0.007417764473582157,-0.004099798693858035,-0.00932178075366867,0.010143695334449735,0.003040934218301869,-0.0018163183523116763,0.003683858795366562,-0.013780013183282695,2.6383769478423302e-05,-0.0065736425011892075,0.0014638761079483406,0.004538934657134984,-0.0038989218213433567,-0.010383637728008259,-0.026180410226957853,5.091117744168426e-05,0.0012930287683669836,-0.0072579321867287105,0.0022232442551402775,-0.0038595034379339042,-0.0014306782357681991,-1.6359143804563459,0.017604987433483828,0.016302959215933163
0.0035048729751582268,0.0040105108487315825,0.022199083278266554,-0.021336187302459442,0.007447035648735034,0.005438455939165417,-0.0018598357546376746,0.009667397006585391,0.0023792767483858277,-0.0019503503665716543,0.0034418008191540355,0.0007456825993442988,-0.010116823439420507,0.022114035182085115,-0.007154297818635065,-0.006947230461948159,-0.0012438624468303849,0.005951787263783957,-0.0016878100287011284,-0.0033964321717276182,0.0027392933133228684,0.010632178218270425,0.0007580133406442228,-0.004860242309490258,-0.0035547798858572553,-0.0011718137364264804,-0.006703640842429498,-0.008869227897367646,0.02959582631421808,-0.012150108001277509,-0.0016021542791471721,-0.016677442194586257,-0.01990832545917099,0.005560042679441072,-0.7915605465097512,-0.0038596545602650606,-0.00956131242287538
0.00473723618309271,0.019053845192020274,0.011239642013267529,-0.006797157927591404,0.00925486465178695,0.00810755049251432,0.010067448272490438,-0.008714957003614549,-0.0009715186065599522,0.07730355255196657,-0.0034051849623769046,0.0018496525156395127,-0.0029522759895928377,0.019631151567766868,0.0011581929734582172,0.004000490442687683,0.008935190554892116,0.00879017203938409,-0.0015191649043057036,0.007425241267285198,-0.01021156558885102,-0.011857436399625481,0.002529831211692874,0.0017372484826683908,0.0006183997197461874,-0.0032809240868096274,-0.007723947647296648,0.0525532587898566,0.059417119661464,-0.0010586365809973522,7.100481599963367e-05,0.0026455510566638684,0.004120958296708908,0.019508155624250068,2.95047886625272,-0.010338120501926349,0.0028340830298267507
-0.011381857273399933,-0.004005685562743744,-0.0061852065849441916,0.035289238648264755,0.00812806467748491,0.019241690539569485,-0.005885280796873931,0.012503410785070905,-0.0007412310545484468,-0.006480707893995955,0.0037544082668191357,0.003378514090475985,0.005912474582022186,-0.0071247491816275885,0.0026865149908290972,0.006994239218380507,0.0013823828854149407,-0.0030286016969096287,0.0061495199905062135,0.0070708997730508025,0.009869013891301449,0.0021891050810416536,-0.004022663498885156,-0.0014744385722839854,-0.005929849087559783,-0.002772538212503907,0.12836945890404117,-0.02025736948751366,0.02676224379671454,0.002713400843613908,-0.033403737818801925,0.0030237058559341103,-0.015092183285907461,0.00933274845885628,0.45837485895439245,-0.009278239422756204,0.0017707155732975752
0.0031470923647365515,-0.0012146928346848996,0.009653581278329017,-0.04425937582224406,0.004833528564525237,0.004594062282855565,0.012704496591119828,-0.008403699405366422,0.00015223956818345653,-0.011366026698215645,-0.004442670393186449,-0.006751522651595878,0.005190200223169059,0.010530305958547074,0.0006536988346496194,0.004514199270412111,-0.018954739885445337,0.00828736029331327,0.006190867416918642,0.004030915646080019,-0.022351157409235985,-0.004678909053634287,-0.00343331415882312,-0.0003760498836928638,-0.009238260084734036,0.004567066146013177,-0.008775783437074412,0.04917724014600303,0.048914117087424255,0.01096947563665861,0.00899638734896274,0.0023440995472403963,-0.007714389615745199,0.0022437918264354238,3.11295153817304,-0.003098131210176698,0.0017232916725736474
-0.006287606988381381,0.003707245263859634,-0.0005775908576577411,-0.08820984368075652,-0.004756045512221753,-0.004214245183426634,0.0012485422353473421,-0.00839255060004332,0.002998910901931153,-0.007545360029271169,0.007556836230030726,0.00097749614159842,0.019743719586272912,-0.001313638840707219,0.005759203634272382,0.017536437085310195,0.001979349632955194,0.02367718277781968,0.0030607718716545145,-0.0014448743429379591,0.017930391729172546,-0.004946388564223549,-0.006221373403709804,0.00029408283846798496,-0.006919580696126725,0.0031076300236174853,-0.009839182575417174,-0.0334779095388401,0.07510073698183713,0.009802321349290676,0.008479525206466675,-0.0022648370282205075,-0.01262794881570615,0.011945965114713887,1.5065514024731383,-0.007920020245623141,-0.0038392028924312564
-0.0013222718381410948,0.0058330705275638035,-0.0018045581119014657,-0.029835721873233,0.002330049827112888,0.0013899450532460968,-0.011669537806843619,0.00019899964568417973,0.004502259626157788,-0.0029532900102378153,0.007706184203285743,0.0036050616371306895,-0.003761879017026832,0.030559030946535143,0.00409773771081443,-0.0015504159973669593,-8.608036946285272e-05,-0.000748711485534641,-0.0009691139278284625,0.00478253892631305,0.002709270184005372,-0.01665041600733128,-0.0011379423741812603,-0.0026617059687448212,0.0001759532921006051,-0.0014216523085716613,0.014850232063226054,-0.0009265734423744439,0.07370081348107495,-0.0017328438761058387,-0.011288071411005974,-0.005347722373252108,-0.0006354257146527478,0.007817004071618007,-1.201427115829784,0.004240625449035153,0.002364138178044213
0.00328514423393028,0.0028093511307771507,0.02070181715061242,-0.0202134497675338,0.0035272476225879333,-0.0023064186269591965,0.010251844473637783,-0.00402647985372368,-0.0016477934284523858,-0.016272732352819126,0.006794003357277228,0.0005589807952992363,0.011749944383516456,0.002231089647602933,0.006801257631359286,-0.0020234921212112836,0.010504093511861093,0.01867248915290009,0.003864237026785222,-0.0078168466656147,0.008538027750175538,-0.007603238866855707,-0.00781086176513962,0.0005669256979637555,0.001982330935616333,0.000969582447961196,0.023971233862825608,-0.02330404963554619,0.03100887021633505,0.009949131585569485,-0.002656580429018171,-0.05943910898922245,0.026646409564356596,0.01387551559767905,1.6795306344851784,-0.0027927068586269406,0.0031507307985567624
-0.007026751726517796,0.004258757793384472,-0.027395864444375848,-0.05691143562845844,0.011412046256840117,-0.016164489418674696,-0.010100277948022894,-0.0028531589771268492,0.0031055870296245,-0.007818231047547846,0.004868784904685149,0.02534020616236422,0.0029400336981596684,-0.020551899672681215,0.00784058401772016,-0.0560192896950621,0.0022647510726826387,0.0004952388058626027,0.0027054829896883716,0.0013744721001948629,0.007095333302189096,-0.01905041022392031,-0.0034865700516032425,-0.007473296726844289,-0.011124719036523152,0.008851731157205596,-0.03340890895538328,-0.02458295128550979,-0.02406458145082513,0.004360152296757314,-0.03150444083010948,-0.0043027270479841905,-0.03581007964038378,0.009048926075871525,0.18140728051523533,-0.014219911194325537,0.011595232086573115
-0.0006937699229247763,-0.00014978985607264192,-0.005335831337387587,-0.0295523253500654,-0.012414813178323264,-0.024315628389428846,-0.0025319138249679015,0.0038753773505131664,-0.0056793132106513705,0.02497791301747992,0.012696538314749902,-0.0007316174716906573,-0.004193688249075796,0.010518822883731333,-0.004209419157658635,-0.007199073296382305,-0.008099982058350897,-0.0012333542465860423,-0.006594364549692595,0.00031683356141191764,0.010783794404217586,0.004490557910305967,0.0026323771423961153,0.00356527501521884,5.954586515783281e-05,4.747646288006269e-05,0.032281833735894716,-0.055953210273625174,0.04088739597863989,-0.002458752788109042,0.01046898497190803,-0.0013562274102703932,-0.019080973464168535,0.07871946671602867,-3.2427665828885965,-0.00710626349077248,-0.02432113224906491
6.22477891865723e-05,-0.0036477329977356184,0.002534402058772556,-0.028620370294969152,0.006103109919098767,-0.013308506634432744,0.010789929037059087,-0.0011308194675004157,0.005731465094551579,-0.002703263827205411,0.0028899573610047147,0.012459207606159603,-0.019556981066720512,0.008585408375671306,0.006635868399488071,-0.00827586302996519,0.010838028185592695,-0.008278037380507537,-0.0041458427297568785,-0.024449848484968544,0.00027869497434473,0.0011902934534159793,-0.0032700457654971067,-0.021202578742595273,0.0030333465129468882,0.001956300407799165,-0.018988789581170836,-0.029754810794716348,0.016146062580008686,0.003603674399160503,-0.0032065365943456338,0.002249183796711769,-0.020466970171125216,0.004026534227430434,-1.6714412304952513,0.025876807617745856,-0.0031021235576220553
0.0005756393884445063,-0.004040123778124141,0.009942534169371107,0.03938791526062115,0.011621476489913116,0.010591071437639548,-0.006665936069261108,0.0033895703863929248,0.004509239279566046,-0.01629377800372845,0.004408288513715945,-0.004859752911759015,0.02173391694558248,0.0050142678433008755,0.009058562829699874,-0.004059800367349347,0.00801828191594709,0.006930307878481916,0.044791214274235276,0.0108366752001995,0.008588282463071696,-0.00224904009343198,0.00916396988642736,-0.00318087095569686,0.0012154204258040453,0.0058313683021567345,-0.009556249172826489,-0.016870969159215123,0.017350866373891938,0.01644158517100782,0.0066833687028561035,-0.0026910240500409594,-0.0038086173965007695,0.012716539605921838,1.556057804167792,-0.005750667603666295,-0.0009219344494110394
-0.0026319133368147432,0.00011861139632582531,0.005056805505808378,-0.031197368917385223,0.003307870786225355,0.007620516645062596,-0.029559356550973394,-0.007065007257495481,-0.006163881557871972,0.011195658825606036,-0.002084977180291035,0.0002157294319570335,0.016642145029878194,0.0198512408504138,-0.0011092962030875217,0.0015773692365289205,0.009623172436842988,0.004580093854995806,0.006042766808425536,0.011035147317818296,0.0015418093195288733,-0.0074765300787942674,-0.0030641211116398713,0.0007678024089090051,0.0005421456054608069,0.005671815584140335,0.02325844128284062,-0.005040642612339465,0.07004243987605528,0.0037627532576489,0.009719159244224347,0.009642052083218432,0.009712545557445362,0.002348693804387266,2.829069079935136,0.01291767421850883,0.0038080646043082223
-0.004884057358366745,0.006957688354781152,0.009386605531976452,0.028169408177396514,0.00937351309620297,0.008629561854368617,0.007011251897563763,0.0036832600694085347,0.0012369672682940609,0.016357965434729727,0.003586720995020677,0.017163895386031823,0.00654400922173632,0.006895023354701221,0.009537340095672938,-0.002268547157548607,-0.004830419713711214,-0.004443258904561432,0.023393651931431524,0.0033548930822214188,0.007802760891183186,0.0043872870957811436,0.007638313099020763,-0.0016195787664744275,-0.0058111181935456575,0.00044367715642399,0.017307327590615405,-0.020170221637144655,0.07413790563459294,0.005176746677272637,7.03028798873011e-05,-0.0036580306139478674,0.022633450937403727,0.00822996857714116,2.067850429198831,4.590966280157137e-05,0.0033153831512950423
-0.0014506067627970767,-0.0005951354516574734,0.0010252659784361308,-0.029042008278403534,-0.003438088189048778,-0.01628460983340792,0.009325245212631545,0.0006073813492825278,0.005753409734726873,-0.006170079524528592,0.002855885724794052,0.006275368522805382,0.00267011264137625,-0.01699915687906803,0.010585370382243654,-0.010795108821595883,0.004514650267190412,-0.002969772483684121,-0.00056359574045109,0.0004621517918845393,-0.0004685767425891014,0.004375462280041784,-0.0053806884324703414,0.0061505470477941845,0.0031500839675012026,-0.0010299594979615238,-0.014203891887269919,0.0012781206862953669,-0.016709098321236456,0.00794573842406846,0.005083698148243157,0.004324569883415332,-0.034454000454984195,0.005964770392013395,-1.5908031984540263,-0.0162417440712157,-0.007310697046718658
-0.0022997717918302333,-0.0009335144439057261,0.015740692349324202,0.002138507176159919,0.0048509908816477335,-0.000874562384916382,-0.0017868546528842855,-0.009946570121775392,0.0025361030753092355,0.010783628063893552,0.0021933902496516187,-0.0031455185629195364,0.015724677633185666,0.0035528706348831474,0.0012165796099982593,0.013134722111771614,0.01041544276379554,0.0005158644765424874,0.00247811124518268,-0.0008809295332243327,0.01769154871238462,0.001976734581156326,-0.007412824311148562,-0.0012596815747408115,-0.004811196512557564,-0.0008795130002724368,-0.013625873576124381,-0.020881271323100293,0.06574722849843256,-0.009019789963730082,0.0024429763347510393,-0.041017924969217426,-0.0009531518435449697,0.006960307329332368,1.4172375279624452,-0.004642756466518978,-0.0007407923154102079
-0.005617479724311236,0.003910257966322821,-0.048807753246335496,-0.02293407176234766,0.0069172215781851355,0.0027700378566557415,-0.006817351112377073,-0.0037523481092156166,0.0012285207773882383,-0.004448876329987154,0.005211725183023957,0.0003103625798497009,0.007655555468964163,0.006612333700416839,0.006643264135528666,0.008008491256330482,0.004195157765270764,0.0032209833570542045,0.02001376904921919,0.005202230372919648,0.006353574266931697,-0.0019585410176273586,0.0023074489873590657,-0.0011056780588522197,0.0002300460969534615,-0.0011096243091359478,0.10954862718062962,-0.010468220284363557,0.04622050931270481,-0.005812463103842834,0.024881287048519652,-0.0012014720762817453,-0.00864557038335579,0.017836223255121124,0.3708701155798499,0.014845284263159881,-0.00047224121043752063
-0.010275991628338787,-0.00296024705971527,-0.015852933947722615,-0.046174957720425826,0.009242403801197813,-0.013488103693771722,-0.013855527536229997,0.0054234737734177065,-0.0014118026796428626,-0.008710064488771693,-0.004369917027898489,-0.00125732137028978,-0.03546076419527024,0.00631426988025833,-0.001389075787287523,0.01434575876717656,-0.0019409686739549608,0.0019142560165095455,0.02843101161631159,-0.00015961573113593074,0.007762995645192924,0.003465884831233542,0.0039304794102757445,-0.0007724211108464163,0.0006808815432343161,0.0011019431707423248,0.09247221459057796,-0.023045458055073135,-0.014072594358071273,0.011731399645486215,0.022295349639539577,-0.0050669291927630845,-0.027907624934985487,-0.02528635427157789,0.395943015696731,0.014129846167933757,-0.005177215860247906
-0.019802972960794352,0.0009341274642331549,0.004780827133360829,-0.035086209685957596,-0.00372926290559726,-0.0009920949303592924,0.01740458327285692,-0.0021989543684449967,0.004320943408118359,0.005821985760027075,-0.003240929815447909,-0.002558590563278444,0.006122763856816281,0.005182287253705782,0.005813316593600809,-0.005547903641314665,0.023485093203553468,0.007579504576106223,0.002636259672764684,-0.003960822098616232,0.014197788940703516,0.0005446944306719694,-0.0004201137332037249,-0.003217323324033257,-0.00027598677419471635,-0.0002809990788620978,0.017574372189361927,0.07036989117812131,0.059062839564460054,0.0064337958492417255,4.389368249955796e-05,-0.02027383707747131,0.02508157967827411,0.0009752918369002348,3.7980390850360073,0.007789100123813483,0.011269476252386107
-0.010331184540751404,0.0002211386992117444,0.0153185138623012,0.04351404557066651,0.006933800340330201,0.01001140981859411,0.0025477321762185676,0.011811931846078438,0.00452526832074466,-0.011325761874689099,0.007505151696680105,-0.0014829495088960788,0.007569982004311631,0.008360864738347898,-0.004090463409810691,0.004214957123383647,0.015177117747009364,0.002779192057715528,-0.009838477917821383,0.005528104675084118,0.0026284029566690397,0.015572584981611112,-0.002153252323072927,0.001660728628946806,-0.01034948636509477,0.0034651312233514196,-0.055863816783893246,-0.011347835107869629,0.04375734149476616,0.005181641489719406,0.015544408218772086,-0.010195806779597577,-0.0077472802478320705,0.008848993414806742,0.2842556769116348,-0.00044492480221592755,-0.00016758701761570015
-0.006217594147238784,0.004249693772219401,-0.010181069794013809,-0.03430850002937528,-0.006029476533707917,-0.00027663377365036765,-0.00662471960861694,-0.0015677769249517466,-0.00014017432996705527,-0.0017716114103946909,-0.012428680062463417,-0.00034549678472074616,0.011581338058118836,-0.09143128665167963,-0.0013021576690389696,0.001843892105579912,-0.008705161344064287,0.00323420326525679,0.00021777327634814894,0.014202998027657928,-0.008893936407456365,-0.002130468257628332,-0.0004768894182773895,0.0018657554230381186,0.0117623341414042,0.005154989649486997,0.01629382842858583,-0.00549671761072377,0.038279267843777894,-0.0035256247173313516,-0.004501387358213757,-0.009629550922182893,-0.019859258529294876,0.010269477329685637,-0.8428056034649378,-0.00013430586950101303,0.03825603029827077
-0.0021777865144176735,0.0030815465707299213,-0.017869323291526774,-0.038483920957859456,0.0013571013279485684,-0.0023792437502993843,0.0007280405497591385,-0.011164978778636694,-0.0007282917289636279,-0.0028144127273953923,0.002380100616818576,0.004435093045499859,-0.0279162965139083,0.007371946740012439,0.0014898438503059823,-0.019267332296972785,-0.011880206856235746,0.0037939725805155467,-0.008551481995305506,0.009703009616346873,-0.005131155503973247,-0.0049438225902372224,-0.003793132326967715,0.00043536244145058226,0.0015788483040215908,-0.0038223185878706084,0.023070331124238615,-0.004840732689815998,0.05434263894567454,-0.011365426971487583,-0.01173500328691135,0.002530223006287757,-0.016849623419248182,0.0067244270842072105,-0.4879223522977106,0.010722237896954877,0.009976762242116832
0.020997066575722503,0.0005886523233642304,0.03191306608805583,-0.07123291996288614,0.009333148376035013,-0.021754546233889286,-0.00729900918761234,-0.0015764491145182926,-0.003206439489064549,0.02721742005864797,0.0020237097389524945,-0.013875479925512644,-0.0338592869368113,0.0016398838313448176,-0.0002617513497787017,-0.04047445862632078,-0.0014932404400506897,0.0026997413957850483,0.023768724929558793,0.012974356249080462,0.0020424797287585425,-0.01768899830211523,-0.01120201870854173,0.0008845052858247499,0.010751704729726736,0.0025670829236473887,0.10871330669177073,-0.023543726327633834,0.06097961539654509,-0.00014099294141606494,0.0010951056602381036,0.002552252888401214,-0.019239528299079676,0.020810236740000255,0.4860819636969544,0.0037240651818633247,0.00041825735495810425
-0.0013522636657121176,0.0014895222511966699,-0.04687569974070366,0.03233206543919314,0.008401264804303098,0.019204943031985694,-0.0017459525215137548,0.007306638305567069,0.0015724012590186474,-0.00423629272975097,0.0017651686944847843,0.0019170437569411688,0.029345029804064893,0.002760677625066712,-0.005999349433930811,0.006067159608669595,-0.0015434371459341141,0.00654314241119198,-0.00784508375570266,0.0011485014733428026,0.010182354453469577,-0.01918989625095205,-0.005906946108745144,0.0016732773507022638,0.002185235119667467,0.006425075194878131,-0.03808810328309952,-0.009590224637651353,0.054341887039445085,0.0014911514548805438,0.010513948212017411,-0.000918668713558792,0.007130906160161022,0.002160144028080804,-0.03428119632285511,-0.004333817862063593,-0.00204766670966298
0.004629169923490865,-0.003126399652389103,0.03694737824245352,0.010931279877442704,0.0038256776656390196,0.005505904027089853,-0.003570580925915683,-0.007018259835515087,0.016823733390326515,-0.025900838892769413,0.0048316948067719185,-0.00379624963406285,0.0151478244433739,0.010758934880648623,-0.00039104796972199937,0.001914789881403525,0.02308713935130083,0.006200813672343333,-0.00045968407431921845,-0.01954744608057038,-0.005237895067335356,0.0026831847197754076,0.009240978156018466,-0.002726766892755898,-0.0015719680629552829,-0.0015114686463312535,0.019888005178760777,0.04843292188912876,0.06224148341511114,0.008796157757831807,-0.000987872322344823,0.002016527742868673,0.006943592518139814,-0.0012539332515086846,2.8749443279157143,-0.010328945115523326,0.004246650099687744
-0.0010655286773383992,-0.0016901370817062407,-0.0010276296271167628,-0.028255688057098032,0.015250543385225638,-0.02909176139117219,-0.010784757904596947,-0.00030568695683457517,0.007005426463623967,-0.009355943501614294,-0.0009337963290717102,-0.006741900080562341,0.007161358770906566,0.011070025889510688,0.0056109318953252475,0.00022878649650510724,-0.0033237443938911844,-0.004809285435075549,-0.001807908532503943,0.003998909716579339,0.0018838647650607993,-0.0016259955392897013,0.007008738312485191,-0.0074482743197955914,-0.0013744120959864737,-0.0019027814288360473,0.01777354016844404,-0.023235909668435327,0.06923323238178836,0.0026922209817630666,-0.006058956026314772,-0.006163093900094549,0.0065602208387616065,0.009918355570391344,-1.4906695994993577,-0.022237409771953386,-0.0010153457496067883
0.0027734368244503585,-0.001107153073340055,-0.0006994223186428392,0.017404409470994642,0.006489369461461521,0.009379170406888947,-0.036803822621623745,-0.01151327986430163,-0.003677448406818717,0.0190548651992894,0.0018961344304117736,0.004905765680520321,-0.020475733933499943,0.006061535466800407,0.002096714884780532,0.002644963069880963,0.010568964965582708,0.004473478903427271,0.0021173737850475978,-0.025032984024676658,-0.003731499689534527,0.01110535587068484,0.0004834359174941895,1.5535732585923964e-05,-0.0028269504272173773,-0.003912651070912007,0.018789381572728543,0.004523435121438735,0.07300408521774018,0.008662301275547492,0.009586890931283287,0.008818993825597667,-0.002754744841545266,0.004842432418913423,2.8141937674030344,-0.013650540665661392,0.00446713512138892
0.002959031614475774,0.00392932615181863,0.00563352577005156,-0.03610203790440288,-0.015174750803515522,0.0014092390637884637,-0.001864864659338704,-0.0040484952304613965,0.0032523811247559833,-0.0018653246882089894,0.0050329021914069455,-0.0008006042009137232,-0.01630708039299495,0.03806181188737189,0.004262281116626769,-0.0036756643453415153,-0.0022134581747237686,0.009215525504054361,-0.0012528435822449324,-0.0072552052846911776,0.00293189613007053,0.008559031146944299,-0.004176399086432193,-0.001137713064076032,0.010202737549074083,-0.001532726803332314,0.016096477897269746,-0.007931325558001983,0.02637707995350511,0.010931546661583792,0.0018612903112501232,-0.015323521085815884,-0.0197845902863555,0.003966039225286249,-0.8179612913485987,0.0032419294309244113,-0.005471448438604259
-0.0014368163677930623,-0.0037950129018984933,-0.0003146546348972788,-0.02812398369485657,0.009848868233932752,-0.01934677960432533,-0.005317026779919731,0.0036519399517727104,0.004600817207093408,-0.015961313851344843,0.003399976351578521,-0.0033487471927764988,-0.012790309380907517,-0.006535784169102657,-0.005580376741570065,-0.006770070539978701,0.013183733611425675,0.0006206610081041022,-0.008101829689775235,0.005164723983099118,0.003913203812269946,-0.010724846501871546,-0.0027214219030790164,-0.008221682058231511,0.0031732174574902023,0.0003096422188480067,0.021528214351169778,-0.01841635297765331,-0.009982223546534233,0.01886368983238483,-0.006472451251450679,-0.008333506988485243,-0.019714096188425092,0.015388562913524728,-2.256410783869017,0.006487078814187471,0.0003019315632254717
-0.010167157787799079,-0.006549414510849554,0.01708750986139147,-0.10937938803891134,0.0022260548072897336,0.019504869230521152,-0.008811386534326482,-0.008268936228754933,0.0018574975853967624,-0.0032193543543128427,0.008530712846835282,0.010882218491312145,0.0071125467346286044,0.004180401636973753,-0.0002998687785480343,-0.06818256518078239,-0.00782117856561595,-0.00040902340487885993,-0.0351647431663651,0.0038934953458936313,-0.0935288517863786,0.0034889115202063462,-0.01996437022605017,0.0007907251046556467,0.01588336855702451,0.00016030280713233284,-0.018201623844297497,-0.004193072794239992,0.018288407587937792,-0.002885979248145476,-0.019565343717546133,-0.00010523902025588818,-0.03829333190690282,0.011324335578226461,0.65479078602124,0.008938243303642084,0.004450933527651844
-0.01247269800662235,-0.0028802127832352406,0.001656460625295383,-0.03119856911562959,0.007047690927602486,0.009768079787991192,0.0007238371804718964,0.0013309600949648018,-0.0031837796466051807,0.004075002787855951,0.0035797800923215873,0.011127204660967626,-0.003615709669396108,0.00190187583406113,0.003143788858307652,-0.055179833137673606,-0.003739462285404617,0.01648608712966962,-0.0014941774498030565,0.0015726505723119108,0.014538181741039689,0.0018059151778817874,-0.021981823857756728,-0.0038635097440482043,0.006706642430673345,0.002325530928482513,0.03954025342610702,-0.029401024281090083,0.020721997924458505,0.003371659272023092,-0.02968551689935085,-0.003286386187271176,-0.031885877943146373,0.008456103356017453,0.838767317114747,-0.0074515346511241885,0.003575595734909092
4.5130310574259015e-05,0.009793397452768459,0.0031732640672219817,-0.000388125212002251,0.0031356534736225825,0.01119469276075962,-0.0077087013428140325,0.004318397767082014,0.0014424881897093294,-0.015631290646727584,0.006165319478891588,-0.003094541041338984,-0.043443176481953664,0.018084009927586926,0.006469339037892358,-0.0011760255948477048,0.006905876977900664,0.011405478917827588,0.0012052166895754753,-0.00311462986644483,0.01983890715914034,0.0025371358865280452,0.006924999960088295,0.0017434283152477125,0.00300226433207707,-6.0005799094682696e-05,0.031360663970080166,-0.028100361792170712,0.04172997463807297,0.004153999043979505,0.012920059895741477,-0.023102597678230214,-0.09230507522332515,0.012198895611710257,1.3677372540865151,0.01072456490384768,-0.0036073748494828053
-0.0009386924846937809,0.005879379102239445,-0.0005364419106558269,-0.031528929080608864,0.014075797188589315,0.00943528668230006,0.005102023246326479,0.002709910155092242,0.003917609930449984,-0.004124410030125371,-0.03779311701731208,-0.00034353861305937237,0.001204373871805116,0.01612984196338823,0.0037225958621609602,-0.005935151685693794,0.0031087297821501556,0.013217546610962751,-0.0013697649123919709,0.009016155190968473,0.0049254706275030135,-0.005441655334047143,0.005604284345216185,0.0020930266464915708,-0.00023604961809934016,6.559115258012978e-05,-0.01471374694524198,-0.02734561440490022,0.007240654494526384,0.003925978773858979,0.004918864244775735,0.0031657360450205534,0.0009679332715611701,0.0007122832959142248,-1.4644299437598864,-0.03653728516095155,-0.0182773030488857
-0.002729934869379208,0.002964260074079388,0.007810588907657401,0.028482910200086687,-0.005778206870086407,-0.0027887319005981317,-0.008886361066633788,0.004452966198706024,0.004852119584662856,0.030721528612063412,0.008720703605203035,-0.0026731462483248216,-0.034049547168366355,0.0016324047884788682,0.0016482327109067,0.004713305064605985,0.0005896193793431546,0.02406727843118516,-0.0036955875662211014,-0.004697593878083995,0.007099072726814362,0.0034278888473695895,-0.008544354924017838,-0.0007224827252718156,0.0014038552744744367,-0.0012026335988602687,-0.012756891710421756,-0.009269607743757109,0.08550676244351511,0.017295968184102582,0.009949275401426722,0.001346853881330624,0.060554236778635244,0.006607324328738729,1.7750793464741674,0.005527541307929213,-0.0051666582956438
0.03350667524233132,0.004673144079395496,0.012959325415797597,-0.0003711979727286573,0.006384157290598869,0.015020408657105789,-0.006866175495163296,-0.01865252128100433,0.004225950370450616,-0.008966453999874934,0.010676679997044723,-0.011015663348087177,-0.014736109440149919,0.0029649522599090755,0.002994451046633294,0.01757750252425541,-0.008900025231548262,0.007510278788118955,-0.004272503290438071,0.00361645486481287,0.010795573864753912,-0.000996679415519779,-0.026037088628713935,0.0030212271688281798,0.00419286025542637,-0.0007253056622812703,-0.02342670060401681,0.0007563801553679378,0.015833200841588863,0.003712980622025859,0.009324453250164861,0.0016942447156423365,-0.02916409298900372,0.01151579010580082,0.9548888761779083,0.012476060918546117,-0.003532188428437043
0.003505240777652909,-0.022496258368701384,0.01181955182485553,0.09638790216699646,0.006865669641094249,0.005501667526912614,0.0079884673687224,-0.023944439215188,0.0033877389762471933,0.010835849451853917,-0.024711166640555435,0.005468573907975016,0.009285370647369319,0.009169956589148877,0.009061424841987601,-0.03365992080237761,0.01823362723590613,0.00036719858271523317,0.006216364686921273,0.0070229760735198215,-0.007271465234473013,0.005090837447736615,0.002018435819008199,-0.0004637116882405823,-0.0035490490640525557,0.0003112831356179666,-0.006376430667179121,0.08580440143386413,0.07930857717888078,0.011675874940866561,0.0031575504696889373,0.016784809745879568,0.027683608498633366,0.02098275641189021,5.179972088202712,-0.0023222194590179616,0.007564357555110233
-0.0008455085617679217,0.0045215560836781325,-0.003931128233029617,-0.027279564420876833,-0.012050266173845756,-0.02260553510357543,-0.006035692511640965,0.007157219607341122,-0.0019026952377708037,-0.02049070451585292,0.011197257998866129,-0.0008975675574627919,0.005421317576282237,-0.004690092807718322,-0.010761815947242013,0.0006280744190672703,-0.006701033107622752,-0.004119792814855151,-0.004686971108229612,0.010780928390361098,-0.00860106881229553,0.013450927636038732,0.0004254060348238474,0.005796099614236118,0.003585971464129505,-0.002136017360746721,-0.013057076007443031,-0.05074476772112128,0.1221691741487183,-0.0056995302842885055,0.015599239838768427,0.0005335908835614607,-0.022940681930122383,0.021156786079359485,-3.036343505845961,0.004822623233134913,-0.0007143236115560573
-0.0012728183321285237,-0.005777333487660287,-0.003898163864252252,-0.03000212718279902,0.002766197468355147,0.005693450347411858,-0.0049783481634612025,0.0006126423358818508,-0.011638606425119977,0.000916254466950541,0.0017307990986824855,0.0029863614453283977,0.004220783778927524,0.0025612659673943717,-0.004687892028762328,-0.00470006658731353,0.00898200332706554,-0.0019304220467167544,-0.0038702298576025157,0.012225685190585247,0.004644251730994455,0.007062435012077205,0.010200977866945828,0.006039279111990948,0.00225942552446337,0.0020757798341722393,-0.011680406733373566,-0.011166857268522758,0.018422873757822828,0.023179851250846224,0.007790403510325284,0.009691952913053593,-0.028750270552727455,0.009985793013511738,-1.9981466490078514,-0.009414028148907991,-0.007852945118074087
-0.00025032653535967493,-0.009780310153449842,0.008505770846730109,-0.03264604280053476,0.0005815122489426319,0.00253950533001065,-0.0038825334061300997,0.0004488556159056423,0.00238798532679152,-0.0002430307443121905,-0.0249948443213359,0.005028064898340511,-0.010712501027214133,0.04423388898232491,0.008673027730017095,-0.008074272627711916,-0.0003825435563912715,0.007470303189850694,-0.003399023586047169,0.00608963832197148,0.002934003583569276,-0.0020809680987178103,-0.0011163336111910647,-0.0032473266680066283,0.0038084051908356233,-0.00016816939220907405,-0.011674342458077946,0.008817589105805377,0.03002275590451884,0.002519555486070912,0.0025566059745343083,0.0024141387478607422,-0.021814948111448653,0.0020095696197427793,-1.1811815644275876,0.005185067430234659,0.00042017926151256233
0.0032546119265575886,0.010928470686506792,0.001333714247730172,-0.02782298634584531,-0.022309183069877794,-0.005908568912836958,-0.007240631517984445,0.00234207254702338,-0.011045800424242571,-0.018374268288159946,-0.008014142101047972,0.01672182046293051,0.029270539182572792,-0.013963386777865659,-0.0028225587118500058,0.005113694402116406,-0.009400640314833357,-0.009820895055085764,-0.002459224568463085,0.0031943174887309462,0.005447768564002592,-0.006256943521743647,0.0064930358508899005,0.00094708807154339,0.008414870330499109,0.0006274567487978003,-0.013092200204991347,-0.03933293613288606,-0.1291361060820085,0.01719897084874955,0.0065443347447527766,-0.007205693725896398,-0.016423649546875627,-0.07244482180429272,-4.013192658695352,0.0005945569195520876,-0.012732527220833442
5.138282818587721e-05,-0.00787137379149138,0.0015000246513185446,0.02598262080605516,-0.0018664523535589874,0.007711624762620333,0.01678085210247494,0.006285467468137089,-0.00013439067518034134,0.019745098613246543,0.00420298521106026,-0.00039547928643768695,0.01656706389922333,0.0043300398085144515,4.8563198351566186e-05,-0.0016474224902590195,0.011873164878789403,0.007574401965303407,0.004123662659007837,0.015585637027804553,-0.04800253750205163,0.0016267538936438146,-0.002258607790105199,-0.0007328103290056339,-0.001969212780258435,0.0004181097671211202,-0.009823712528322412,0.05688808867770649,0.029971696041254308,0.010477193050184477,-0.006603813917567265,-0.04294705450619062,-0.013211141389389922,0.0033918987017695634,1.9955908878345616,-0.0023510683291674763,0.019232026489326603
-0.0006981859278430482,0.005788173102512565,-0.00023842955417629152,-0.029309468377170366,-0.015342249269929097,-0.004295165586178888,-0.0037818860352341757,-0.003504950677319663,-0.010644283771936946,-0.026085372670727115,0.0034839807729402142,0.013516226962017297,-0.019728185765643697,-0.018018453116280867,-0.003692188796527713,-0.014875834058370646,0.006211311869611178,-0.0037308112324222794,-0.005701808788794395,0.0056362438798432035,0.008561075067558264,-1.2097997123554057e-05,0.02478768084422041,-0.0035432096643421263,-0.004886958438279165,-0.0012858779760274047,-0.006651343022841373,-0.008084445937447988,-0.16264919131118674,-0.004881067998410796,0.006218571815325279,-0.0039500138274618304,-0.024304118168183796,-0.07063394808320929,-3.4448500126661825,-0.005786848028288909,-0.016609357566502437
0.006227958192073919,0.003629797177550003,0.057305346725178195,-0.03253473225510669,0.003215736254839326,-0.002940117470535593,-0.00594481799230285,-0.004117157397203534,0.002581343163070155,0.00033739831024820087,-0.007748457604787912,0.0070490659336878425,0.016485042514665402,0.006789113890897936,-9.450960652778573e-05,-0.023001064069519253,-0.006945216790105014,0.009045511952554328,-0.00025496241901488265,0.0035118042560034397,0.0046878343319729865,-0.003204343314417792,0.008446495080499833,0.0015030914938660486,0.0009855526651865306,-0.0021336450798747457,-0.012634680972097958,-0.0073705448554732406,0.03128445463399899,0.007561440045811715,0.00654162411558142,0.0027883771237612338,-0.019185202983435182,-0.000853982774737896,-0.35683102490880286,0.012501522225784413,-0.006416825282511844
0.0001916799803958944,0.011386250568782773,0.0041624403427802225,-0.014459606882347676,0.004759035803233772,0.007832791107090077,-0.012246787164480468,0.007690218985977298,0.00017881932269089715,-0.014162993803640056,-0.005379311636123989,-0.0035390899882353473,-0.033467069266143186,-0.01112252636993867,-0.0003132374735431833,-0.0010987893800181296,0.01410640718100253,0.0028788171414673674,0.00917800883175738,-0.007814347127584585,0.01822243230038107,-0.0019970450217343216,0.004008447440511208,-0.002276949737499851,0.0019688173766940257,-0.0007985854295164128,-0.013986008042912017,-0.0071406325228326115,0.03144156204353893,0.009487498364209167,-0.01598817134674961,-0.038306598822233015,-0.12874377694420228,0.012607734774759502,1.5110859180033687,-0.0005638603434946583,0.011999579163172703
0.005182695829887667,0.006834137510908123,0.0014485905496393143,-0.03646105202923607,-0.0019917274725274156,0.00033004961524855947,-0.0007115442818681332,0.00875582809546538,0.004541928464158721,-0.0008359599776121427,-0.008890636519487308,0.009998616010094028,0.006216768523273293,0.0187111699910137,-0.007554858963941877,-0.0008875768684893019,-0.005500845692926913,-0.009085948517660428,-0.0038002312123592893,0.00036121337644809366,0.00097984567034251,-0.007536962069437817,-0.0007444035088971112,0.0010060781609927709,-0.0029238491199267322,0.0030744370312178553,0.015702964394851943,-0.012312605534201973,0.031523121149508344,0.017359461228484505,-0.006793495028715143,0.00269765828235711,-0.018783157060889438,0.003942257616309569,-0.8001149688616699,-0.007501370151058291,-0.003851382597548154
-0.0013624556972093322,0.017430039198516992,-0.005407280552513047,-0.029072032807480948,0.00779326569389225,0.012022737148988145,-0.009345825173873328,-0.0016658364179247907,0.004092618480984322,-0.0012008952793281834,0.0006882952395501165,0.0012019158951808325,-0.006587094645089638,0.007551474323668098,-0.004632461004007649,-0.014162718385795614,-0.015478631339866943,0.0018053608484961043,-0.00243341001286558,0.010401056600750472,0.004566920299717267,0.009800704364848995,-0.0030142100430238894,-0.0107247077460517,-0.006072392969736277,0.0020790573230147105,0.01570308968809143,-0.021933205000626777,0.03200143508326042,-0.03630856411623148,-0.005929837450160916,-0.013746636541815193,-0.023121474728211012,0.00785551365614222,-2.2196628084830086,0.005299356930027555,-0.0013290528564912567
-0.0021609145291724913,0.0010799347382962356,0.05844811606417757,-0.05750658902796448,0.0005031094424976686,0.0020950875161729427,-0.002025548663882052,-0.02581537738882656,0.0004273799313309122,0.0011878659631514006,-0.004018540717622607,0.011876442152178165,0.009422724578730883,0.0057596723981819635,0.003557282488074957,0.017524756691027776,-0.0057303149520863995,0.0017272873927254978,-0.004149385863855224,0.006298134032130874,0.008900796585421516,-0.011300538503411325,-0.004618474075043928,-0.0005081792112446136,0.003991477027934364,0.007021417186793048,0.07527310147853306,-0.01855205810986098,0.06399088768105222,-0.00703809543942867,0.016224757924737345,-0.0037425560180513752,-0.021058446311719544,-0.00031916943740678316,0.12519182695882156,-0.005592757961779365,-0.0018097924717390902
-0.002187435785710151,0.001783280899742223,-0.010179512479310626,0.02792685201327546,0.00765246865876254,0.003912209216873001,0.0038973603542374513,0.0032396156519782803,0.0026029573354519526,-0.0007470077491393917,0.011731331866320227,0.008190425129350953,0.011989912073382613,0.006571646939649806,-0.002109473689739262,0.008921841076260126,0.030494026669828075,-0.0025971100077794157,-0.011594995122086808,0.0008254977232594533,0.007975692299703036,0.008231723913952415,-0.004988322735211623,0.0005804147319256314,-0.01008189265016005,-0.0011448288922285366,-0.03694699232876978,-0.008370976135399697,0.07292042218969746,-0.0047943197787649605,0.018566131405319562,0.001854647530677505,-0.015010156752165422,0.008231286550383634,0.03406807636945599,-0.005606309912716701,-0.003688923088240339
-0.0009790173555620071,0.010279681355065193,-0.0110957767127953,-0.029306964606192868,-0.007820255578261352,-0.005613405795237955,-0.0007992749550408114,0.003913043771266197,-0.0072387799401830485,-0.02950447089933479,0.004026539501809729,-0.0016525321331045271,0.044688573776903294,0.0002979565257383454,-0.0025748132448711607,-0.01608407606783683,0.00977923263888179,0.001048926135137818,-0.002311754504572099,0.006338099127624267,-0.01719090075255653,0.0014295263871554164,-0.004096034664955026,-0.005628328904268517,0.0024136465597627186,0.0012578770644996891,-0.00542711892789823,-0.004634426686708017,-0.13732443196196284,-0.0003800669615529784,-0.014430627220448853,-0.00143767276213131,-0.018812998626183772,-0.04122427680564364,-3.342124454723423,-0.003215331966459115,0.005112189913341119
0.02771779698443697,0.022629085334884332,0.025896202134621262,0.017148248905290344,0.015107807203119314,0.009944698779709873,-0.00017407215269716708,0.004959786978634139,0.005751591759853476,-0.002042727157598574,5.1250348544805673e-05,0.0007967816240292534,-0.008122141767029193,0.0050298968132172816,0.009149296516943576,-0.0007512621589869212,0.003705483732306196,0.006660555627876634,-0.010496271409543206,-0.001512279560034372,0.004362610909339179,0.012858912715311203,-0.003400578036101134,-0.011227145441029776,-0.005134743909319223,-0.0009666993973117935,-0.05748030616060192,-0.026801050853354137,0.026675333533180853,-0.0032370462211831715,-0.023005952007261434,-0.0004476721415532473,-0.026298534410507664,0.008783107278121668,0.37850984248931735,-0.0007411729460639663,0.0030088861875156967
-0.0014193504160072844,0.01209897205541073,0.017065247775311015,-0.025375646106155458,0.006387364770236454,0.005726188284140579,0.013492913268930479,-0.008572286799593161,-0.0008502753357168013,-0.011725986158478769,0.008273157328493614,-0.0001701219534397083,0.01376634993872192,-0.012722638131126751,-0.009331816089970382,0.003180502710983988,0.003817280804861796,0.021250602461002674,0.0019291070883549791,-0.009308672198575601,0.014229982179042297,-0.00055876244761482,-0.007353023289542182,-0.0007369049648409514,-0.003855110258954075,0.0003865998997195051,0.024803302470893435,-0.005473506651482938,0.02197095704960242,0.0033217047454069276,0.0052211628328230454,-0.03659542624312736,-0.1096961475878563,-0.003374912597408587,1.544383122984827,-0.001121091517769247,-0.0013829589487089802
-0.0007259853066950982,0.011562693218128688,0.002062329397350599,-0.028878744411015053,0.0058970377801166405,-0.011420322281246877,-0.010712287071544417,-0.0015204396124948029,-0.0093805245499894,-0.02678395363700811,0.007826834392305882,0.012658652757323316,0.012726141681257581,0.0022956165021543384,-0.003818544389401501,-0.0031785043899368237,0.004506554009338048,0.001046641049927677,-0.008528869997259355,0.003825863650465973,0.0050442357417476895,0.00197991917822868,-0.010769147906025563,0.002517258804410881,-0.0009054812153981948,0.0007498096363145991,0.020228854443425755,-0.04761381905097647,-0.14795152167909678,-0.004403416386469261,0.00750933046146519,0.003529496237856067,-0.02493790474749614,-0.025256209478981054,-3.4526895952421444,-0.006090264799379912,-0.01722423278927468
0.00018848726805359645,0.005916964178067897,0.0038352487189782635,-0.012070612376167512,0.001065596605018252,0.01111312483139362,0.004141937505418624,-0.005714059121638731,0.00023194153002566788,-0.008780900735184774,0.0020519153394817457,0.006661291898427587,0.010365673486020712,-0.0011500699854269322,0.007292613226205254,0.001192796395837771,-0.0032024712297727205,-0.01709413248145472,0.0024870860847250186,-0.007407096410549133,-0.00149162359946887,0.006435947696965037,-0.006599587269896955,0.0005950424788758255,0.0030819296745954908,-0.0010674768656349651,-0.0059226877443521505,-0.0016721549670460603,0.07368016349076828,0.0024388055774626958,0.001271968395598599,0.0011415962969282868,0.06663050107937452,0.006887044987083291,1.7593658616269032,-0.0012158439063303572,0.0022985086015485795
-0.005043025367802077,0.010059225665475397,0.009920255389243883,0.02881790014692976,0.007403923511955508,0.008482271556433258,-0.0028593424113575894,-0.004441355946452124,0.0031289938647923324,-0.014719629012331915,0.0016953281613275404,-0.0012234310889413268,-0.04138519250065713,-0.004056972787441819,-0.011645722518673726,-0.006658885280943109,0.016083441977595623,0.014531835483805395,-0.003928576720773881,-0.005759518285361233,0.0026497935856259645,0.002299903672188245,-0.0010522944619597726,0.0008569496642623428,0.0017689161688114225,0.0005781018077550607,-0.012105973652660857,-0.011032110674722928,0.026477392417827893,0.009793162438541522,0.006203384139158554,0.00010812157155009292,-0.15393774910763888,0.003187197021284503,1.537887539002922,0.003918592392183509,-9.473631470857045e-06
-0.002513558715666806,0.0015272910855192074,-0.003783715731275812,-0.030247939757219164,0.010437399949261746,-0.018008865283554713,-0.0035509637320062554,0.004105813792976568,-0.0025577298612573384,-0.01042241439833615,0.013197610618545843,0.0012790039360455554,0.009006173611609455,-0.010430538095849727,-0.00669131203140305,-0.007798190854052214,0.001013681372666833,0.011160854251422334,-0.005056387007641833,-0.0023646667181402184,-0.0051708623549684765,0.015984832515693194,-0.00241087503317413,0.005007036093835656,-0.004615648745472962,0.0009251208273279968,0.03611106371331667,0.009059488815392747,0.143473034761914,0.003240511592292718,0.01204070919375997,0.0012809858180410313,-0.019165463637980797,0.055707968929649014,-2.9246011311895703,0.0012690889262452004,0.003573426675388346
-0.0012334854976400356,0.00394800253076415,0.0022674492444039094,-0.028900662290277962,-0.02913905117570674,-0.011100418746789137,0.004692633702608094,-0.0011916206993693409,-0.004288429138101055,-0.01962678342555872,-0.0053551128685149696,0.00442704338335733,0.0014114828191630216,0.0019164541505363945,-0.0011117478168818002,-0.013428088313681266,-0.012738108706889045,-0.007112656659235267,-0.003644561797127397,0.0007507288066429833,0.00040440671842897164,0.0030680758943440727,-0.0012993440820130526,3.793163168740797e-05,-0.004420759297255135,-0.0005998346994128994,0.016054153174124907,-0.046564857056105656,-0.090678864022721,-0.019120581141307994,-0.0028029894590463644,-0.011418536008931569,-0.01795015333642112,-0.02500967636394243,-4.2905343291917895,-0.003880174285200902,-0.0011500359761315363
-0.0063730324730443206,0.011434868752422877,0.0055359307948147475,-0.02683586781183034,-0.004124652996367497,0.0074865159543992055,0.00330365869985581,0.0007643727639486768,-0.001061939020353104,-0.002625966499118272,-0.0020700045033314536,0.005973213925684047,-0.008637575391225944,0.006668266828332172,-0.0016280146810921253,-0.045709468574062787,-0.0012140271107496763,0.0011072676813731158,-0.008031685799304675,-0.000135595580457963,0.0020728397032274653,0.007457934371690112,0.006318206632737136,-0.002992253487181457,-0.026860111202862202,-0.0013122062795243624,-0.03575876561129692,-0.007770609866042244,0.020597751168524536,0.007447727685698895,0.00884528100196382,-0.0028253602250029332,-0.020315267424929288,0.008382654157707293,-0.03361646286644022,-0.015804636856158585,-0.004393221868686981
0.0051840361527548725,-0.0006264378941946967,0.006841234885377119,-0.007837091275640232,0.006939291426131485,0.007946963876560022,0.0033850208814082054,-0.00855709019138967,0.00030405644750464963,0.019672439108471006,0.004130616451111406,-0.0021472761286760213,0.010381714611591444,0.0033696445465058508,0.001998874616143094,0.0032554237557954977,0.0048616960660282805,0.005730436870086966,0.0009044590073673117,-0.0015685975155100107,-0.015191883363436099,-0.0010568360533981303,-0.003940649476846225,-0.004442806472294845,-0.001630458137211499,0.0011629368706326422,-0.009392881380210527,0.05869914153097441,0.061538778490856136,0.0013385610037727304,-0.01082742009310758,0.004853807717739113,0.027146779454243482,0.002854016220032585,3.535254448971704,0.008659371349423708,0.01381651100303676
-0.0010821068285226806,0.003395270774828865,-0.017005325222230673,-0.028665535467148968,0.002729228666237869,-0.01056309792026765,-0.009112991100774796,0.001846837297767461,-0.010146950097991126,-0.01810295997530392,-0.008201599923524974,-0.0007458285446756821,-0.02580791765597284,-0.007543196553189996,-0.00515577467614457,-0.011971819551475795,-0.018586972457432075,-0.007707777764627663,-0.004047013570745136,0.0009416373030590114,-0.0002375987454018538,-0.006626952653728761,-0.00577890965180672,0.00039489324098142557,0.00092037027054774,0.001011006018359663,-0.009300186025683868,-0.043354850819912444,-0.18980133009106448,-0.023420983840251236,-0.007836225896753809,-0.0026129102863265983,-0.021052884556782978,-0.03981192887785031,-4.490634446215547,0.0009048175918332378,-0.0005504861924790624
0.0024738770461628186,0.01043991468278949,0.01479765717301094,0.09844503004436526,0.0029988720748340084,0.004426059526658798,0.005532221745174891,-0.023903450894143682,0.013441477368250174,0.01602117139657082,-0.008590528111598167,0.0047785885261808474,0.008229815339284765,0.008906717382038007,0.008942274101908926,0.0450932824948106,0.016076494522451242,0.00038038752362421933,0.0008138478882752612,0.011718483038135009,-0.0031933221843865726,-0.004563698701404287,0.0022529958475709564,-6.100220648728381e-05,0.005641519956845966,-0.0003416369879895984,-0.00818096474133514,0.08061844275068282,0.08500418952911322,-0.003007023925254632,0.0014538609381736,0.025268794490499246,0.02713751751478695,0.02361839363214799,5.299256967453885,0.0005891621549009427,0.009161111609460258
-0.0013327706648888608,-0.0012966492236894914,0.028139183838985258,0.002830847136412821,0.00721446774623995,0.004343354025336215,-0.005208704014011195,0.00701229259581624,0.0019512144888046072,-0.0007476642097971365,0.002656068301941244,-0.003363331142131374,-0.005468697452935284,0.005554691426775399,0.0015623881132448634,0.00893164151127153,-0.004951007851353049,0.004980683290377457,0.03794443876510451,0.007283809526963691,0.008524879194238333,-0.02260587453983096,-0.0003910660862323817,0.0005869401000399866,-0.002723188763464756,-0.000740136911231769,0.12504478149829737,-0.02067828213527492,0.030184597014968513,0.0020389563258259346,0.017396210030097725,0.004748162194683454,-0.017940357012558153,0.00794451903882113,0.5025972529849391,-0.008513454979761876,-0.0015468187800939072
-0.001124595950655042,0.0034655204488684664,-0.02188617533675983,-0.029060761657078674,0.0020425122864448243,-0.008937750490857333,-0.01034540268434039,8.924800403413034e-07,0.004886559443272424,-0.017168933315007198,-0.007675446790538378,-0.00020946708084291184,-0.010379551561206016,-0.010080738526094556,-0.005527555722531689,-0.011408823559206109,-0.004976143506983512,-0.008313028697797596,-0.003516170091809501,0.005748049881429031,0.0034585007176990944,-0.002434709166189914,0.013628583782167981,0.0002676408580749107,0.0050560490734774255,0.0010558270788444937,-0.005865455470049854,-0.044433164839118806,-0.18090842206274077,-0.02549884224386455,0.006811866968041881,-0.004415537374242727,-0.022766784893788212,-0.04268804998183068,-4.472177361246913,0.004732006652573528,-0.006677637420512656
-0.010039249064415317,-0.0034624266730611006,0.019720467266004838,-0.04867452704008455,0.010874760212136897,0.021383347788437652,-0.001481817347029193,0.007749468511862633,-9.474244895995386e-05,-0.001509034935262325,0.013190040142570858,0.02370519080710293,0.00276741008069603,-0.0004258853804800925,0.008739323511640078,0.01791628802341692,0.00430242551148516,0.004035811298877335,-0.0020395022126137013,-0.000463085478363375,0.004877384167542081,0.01299199506979624,0.0004863669899899967,-0.0036809050451320946,0.020272638342116057,0.0013572776291079255,-0.0645754740229468,-0.021195272636211144,0.03556075218518633,0.001380628497725498,-0.009970119168588743,0.0026342319963313485,-0.018995457151512258,0.009242021139800835,0.3917274049784736,0.01165130276110034,-6.148058668096305e-05
0.006745889873483097,-0.002927026901238511,0.006882750745707061,0.06034181851175062,0.004130413943874704,0.00013906248649129857,0.01195814424070892,-0.0026276343468784793,4.1014649899695526e-05,-0.013245936484801523,0.007707198742104865,-0.006960775620571756,0.010961054529225111,0.005088664425706988,0.0026479249715333007,0.0007162498869082022,0.022243442095901615,0.008503576554525334,0.007217952400309486,-0.00890111697931614,0.021796682776782834,0.0026923430869588852,0.009769566710831627,0.0007716426806731255,0.006023756233805077,0.0012316177931667868,0.014252892315559547,0.06312318890194218,0.05319961976503331,0.007353982363598538,0.009810911373840632,0.003758404034317425,0.010532593304513999,-0.003590746806784468,3.256127541376966,0.011707402998441486,0.002253433365028106
-0.0007099989972401324,0.0033645567756328577,-0.0049845549817270195,-0.03005295007320573,-0.007358241378014142,0.009853717657791214,-0.016164871988762687,-4.3485337906697314e-05,-0.009300325267624364,-0.002423203005775649,0.010394681340816402,0.015661558087226562,0.0018799179965564724,-0.009429937781721836,0.028942749817430453,-0.008995527882007762,-0.0003000753594632668,-0.003112050926579586,-0.0003378674095398177,0.006625603464145514,-0.006989219836178733,0.00659336524561375,-0.001430390414735588,0.00733869992518214,0.008047399203777934,-0.0007086620815471515,-0.009570900039220035,-0.022274634937351975,0.07671899988562074,0.006851282504068967,0.005255658495410573,0.006280478919443205,-0.0310249856164664,0.015195691479895827,-1.508042382050814,0.020976699064259727,-0.002364303610683399
-0.0025132205743224187,0.0010120805482591306,0.009005749190984234,-0.023853068044788612,-0.000868871095054034,0.0022041441393565583,0.00036488191891363654,-0.0009124086788326797,0.0037895022545308054,0.0005771563523208072,0.0028798864348690213,0.0011412607757693791,-0.009575285512692915,0.0237409940568058,-0.01068459223631147,-0.009603558460286626,0.024670834910487355,-0.005165590413611377,3.824322294465794e-05,0.004788542265228371,0.0013765743025202606,-0.0013536496171350349,0.005549962413765471,-0.002289670748679158,0.0015395254774449323,0.001980484659654796,-0.005655202150833819,0.015596300719001331,-0.01023819113199599,0.004953687742145755,0.0029912225178786063,0.005352985848860462,-0.027636399112204214,0.007521649451322004,-1.156083850881358,0.01736440945471061,-6.1018556667710386e-05
-0.0038922832872612953,0.0005974353984359552,0.0030372999222843017,0.045976992782907504,0.004713010253798468,-0.0037796915980166895,-0.007205810867377536,0.00045636633991015323,0.0020841232150054056,-0.020989099880797214,0.0011928646447467068,-0.0014163304217313026,-0.04286209418122512,9.980641993269681e-05,0.0037367847490140478,-0.003521813633068794,0.01298303661020744,0.001522932105773932,0.008726984192751338,-0.005109950411066287,0.010485489898146181,0.0036306890502310774,0.011823146048927221,0.00025317733968833464,0.0006163552281119498,0.004149707844565351,-0.014068005577043565,-0.02921079116270696,0.058711004774685244,0.010961925952315932,0.0137083582172029,-0.040989268461844135,-0.012825152394459263,0.013622535287879092,1.4597384478094644,-0.005350528930509537,-0.0038523394260609996
0.0012786582347469877,0.008426592491684084,0.012377409586691162,0.021919762627334406,0.00923484489661906,0.012559826104476606,-0.01362949304328557,0.0014861730298979738,-0.0031882812708243784,0.008028451326211447,-0.003915280524834356,-0.0034646105821000395,0.02451843778098677,-0.002979392317911276,-0.01634855357726688,-0.005871567560378096,0.011352188432323712,-0.0007565338414585718,-0.0020999749610295347,0.0029524955592370446,0.005096660891745913,0.0018729265212114113,-0.0059412715384555784,-0.0009829140970614807,0.0019734673813030183,-0.002564959199874814,-0.011600262808399115,-0.016910982592824492,0.09045107367476618,-3.7205438777051646e-05,0.0017018852535101085,0.06806745994923666,0.07370584163360482,0.015272739049349483,2.0814500521999793,-0.0005786984979881601,-0.0021024806454598447
0.034557845581328774,0.01759289497254861,-0.004129249663920568,0.02535553060308742,0.008536022145004945,0.014676606206426565,0.001657652635850801,-0.003741667984018409,0.0009665690383149849,-0.0010813976455705723,0.010091170204650545,-0.005273454943396612,0.008758674545572137,0.004366587841789406,0.002110995179699344,0.009947265328084563,-0.00668860292285896,-0.00201538487776978,-0.0007016524880480314,0.0001579918644656596,0.002823505976204349,0.017288826231893616,-0.003302407367359576,0.004701126964740145,0.002069841815740424,0.005060439964752721,-0.0709522884683658,-0.01855195031850226,0.02743877486355382,0.001239306818949747,0.01572612855062839,-0.004864358597544533,-0.009453828708956613,0.00988298136433319,0.41952560892329516,0.010757989857934443,0.002374983410092409
-0.000552163668554536,0.004948171304920909,-0.0030090932982891902,-0.030646067081361635,0.0026356473086843807,0.0012342464386025276,0.0018279857145963238,0.00037174104832567135,0.003851043325784254,0.004309510720117683,-0.006318408824537,0.00272217987234592,0.006038685025570536,-0.011620189111628269,-0.009601029143965193,-0.004957878361308511,0.007581521068300359,-0.007281572073749459,-0.004005534675954556,0.016426359812195677,-0.001222751340015397,0.005648035414651221,-0.002701062390823475,0.005923867880259906,0.0018777868556715586,-0.0007218284287711809,-0.01113122295872671,-0.02089246195258226,-0.0003902752774080822,0.014218540677109745,0.008558602045582231,0.009665792292630496,-0.03127155967486005,0.0032307815728284174,-1.69458319072456,-0.0071004813870051055,-0.002557552119185509
0.0028034884596736045,0.0028203173599138285,-0.01640259818298296,-0.03350818759419973,0.006736702312035642,0.0017927357081480993,-0.005512049306223356,-0.01057976273883673,0.0013197355337987368,0.001476684943156778,0.011990448794916616,0.002366187225450615,-0.012410592082514656,0.03874665124727183,-0.0014028814482142447,-0.0025519277249065153,-0.0033719203108986628,-0.005508300551369582,-0.002951208873204622,-0.0006799293161237148,-0.004863259808238618,-0.004105635797987499,-0.0034998020376493947,6.486867356626299e-05,0.015949937807329995,-0.0008429163196851579,-0.008892557117894951,-0.005747247024222921,0.08949951795316152,-0.0024383761010268036,-0.0048282240939125295,0.013656367551867391,-0.011321393809800892,0.016654631254978295,-0.6895687778871433,0.004288582007546346,-0.005812919816888461
-0.0007277626150897585,-0.010351118579502678,-0.00998482317798893,-0.030224635043835126,-0.006153847373901339,-0.0027953410639961363,-0.00399136964177632,0.0009390969645132031,0.007181109313247403,-0.0021769495504107015,0.01537976742082682,0.01371015104557741,-0.010644155546644616,0.021381279383758865,0.004817601367551421,-0.0073356848272749416,-0.00509735412224779,0.009887932928081569,0.0013122747820775622,0.007683090200519732,0.0043626614247666284,-0.0012309597714279127,-0.005804588192953484,-0.004804397801672337,0.0011908072622926523,-0.0009826875305418723,0.015415994087951315,0.015067434354685114,0.030938872645747368,0.0001756056028213572,-0.012313300680799905,0.008271395022077374,-0.017004480784027252,0.0032382083162348437,-1.2385886230652297,0.0070813308438587306,0.0045149231126879715
-0.0062647707758549135,0.00179242981149231,-0.022382325557239745,-0.036560039484787914,-6.225951852382685e-05,0.002694331768653504,0.0026573341560868764,-0.011634304448253125,-0.0013398908856019935,-0.0022898532546970466,-0.007650641181585266,0.0031625881684254832,-0.003416867745900778,0.007107084233534786,-0.0005723643692448679,-0.025165372287363347,-0.01081807761471765,0.003981636522328325,-0.003535031656342716,-0.0003442371661653422,0.004351462748840289,0.004830188927892225,-0.004036764278833938,0.0020769342878783105,0.0020393983078463864,0.0006352849322174728,0.03281123822054731,-0.0018370145216730631,0.04085716957503972,0.007376922448508641,0.010582237054900662,0.001356862659439917,-0.023672208512172103,0.008048202990596475,-0.4364242413759609,0.0017728659606641153,-0.008380952449462025
-0.0018654956375899557,0.0031725313159121776,0.00273156583931263,-0.028105993815261656,0.0058932250821756346,-0.01642186189758064,0.00015380376709727396,0.0009455867213709913,0.003106011198918176,-0.0012282062184993485,0.013104482695285715,-0.0004451720636959537,0.00503724131552183,-0.0787329223587699,0.0068395437654160795,-0.00036739922070904514,0.013333760378802698,0.0023199771353493953,0.0005696254859575922,0.003963331224733158,-0.004567400242578703,-0.0017108897868486949,-0.00505687502383092,0.002029079453732629,-0.00931253664595342,-0.0011046852278698363,-0.00743426080065297,-0.0326353834977973,0.024307210270375686,0.001343791982540731,0.007249682548052443,0.004474903268529544,-0.030104828962954196,0.0062757529082019346,-1.397017800039869,-0.02678253826589748,-0.009284489501165644
0.00024964361949198985,0.001976240442828831,-0.0018930712552036235,-0.02913468870959572,0.006740523676996753,-0.004859548563845876,-0.019928411268712667,0.0018069833246522641,0.004580856095619282,-0.000900247789307232,0.003627495676132683,0.01813523719113197,-0.00610053278984486,0.0038853882133809215,-0.000786825657219884,-0.013951170583296169,0.010508719798693323,0.0004080179348761586,-0.0016308028903840293,0.00498382700680137,-0.0007002735078707093,-0.000265739976349371,-0.0035524580162722293,-0.021000410720272575,0.0031646408051371443,0.00326216767311784,-0.01186774639569945,-0.03436305284949885,0.020745962498320343,-0.002272716851880095,-0.0035422532380101224,0.003403789481463041,-0.010440221240573306,0.008125868611956289,-1.6300502235609962,0.027077687796644344,-0.004742480822232829
-0.0016800933952101566,0.00013280062412411315,-0.0075448943820597926,-0.02885124157652283,-0.0016205056613703213,-0.024246094936674015,0.002281508156671774,0.004139590999712527,0.0057477167076211986,-0.002574617285507553,-0.01092298546607473,-0.0008137418429712879,-0.023229703642418453,0.005868716453449522,0.0023262684824763864,-0.013696305505604718,-0.011233099930856182,-0.0016728491978125772,0.0003965680011091212,0.01211789042654645,-0.00022316378057704649,0.005399836717248539,0.0044103428236905,-0.009593456972141867,0.0033020468449295923,-0.0027641765679513684,0.028408765599181953,0.014892862647839554,0.00024166558267048205,0.0022866743379608622,0.005852324684658193,-0.0010024290338948492,-0.03148683223148785,0.007887814090791541,-1.6795966411998502,0.01447831215434589,-0.007757209666872482
-0.011874740508506223,0.0024515723557648433,0.014548708910085027,-0.019794494992260235,0.003715915304758524,0.001871462278696734,-0.0007721905155360809,-0.0013982223988613781,0.003379153416576211,-0.003988497760985353,0.012398449759865116,0.00903363463148301,-0.01247572706199788,0.020109662946138054,-0.003207394496031734,-9.05507760233935e-06,-0.008162974842327225,-0.004797382296282656,0.0014669174518105086,-0.004450912526919438,-0.00014587592594229133,0.0024572609445434462,-0.005235801267442715,0.0014918118137483404,-0.007019294887873209,-0.0013519648970280994,-0.006548798815847315,-0.0067397785484570516,0.0252875577192165,-0.007356772962146671,-0.0024393021980824597,0.02063116676520641,-0.0228933017049046,0.005691882343057623,-0.7675731324332363,-0.003704770564234224,-0.006627190593365917
0.027666881251264756,0.012433038509523613,0.01523533995257627,0.06310280583335091,0.007976610403572993,0.01696683630069745,-0.005766413784724618,-0.0025830235794237627,-0.00403386329572377,-0.013236207613220254,0.006032298532776926,-0.0026858910156597996,0.01458103004947972,0.0018651386420955823,-0.0018813126428452625,0.013800476638523056,-8.270429955171954e-05,0.00892739985726542,0.0053661258375039544,0.0036781973346737087,0.00995410633606053,0.0032977597848249823,0.04121571841022026,0.0014147952524632352,-0.003949705532137656,0.001992421603955693,-0.018679430462134966,-0.020286156210532678,0.029737776941675446,9.804375591514772e-05,0.009196169459225925,-0.0030699005922444726,-0.007829742132349006,0.009332131143735082,1.1118167240090462,0.012700683688430425,-0.00025547399712833204
0.007577171444571838,0.006233547018126608,0.01694963799945968,0.05430109609833314,0.0036884064981168537,0.014061180198261988,-0.012424061798292455,-0.005000016274485145,0.001832650002924663,-0.017840477530502944,0.012892796574439074,0.005261965115540656,0.006221868769762111,0.011316779844738785,0.01289329551419179,0.006335915866730682,0.009146475850741407,0.012105359940189816,0.004039333459714498,-0.010656294504771539,-0.0007884125000866193,-0.0029067387991523527,0.009290610695605628,-0.005644702340793211,0.00021943505825777073,4.9824505648997394e-05,-0.008983182345397973,0.037225162675275585,0.07154729472961785,0.004908214870205459,-0.002141311184337537,0.010260638248649586,0.025820901759058396,0.01912748812886245,3.949010250853181,-0.0003494570299745789,0.008428185920917127
-0.013785098315281042,-0.0023145158158867293,0.0014312227496159477,0.024623474137333592,-0.005664921316472731,0.02608921090070587,-0.010594646136268147,-0.01479071966208668,-0.003758900846350269,-0.03211028806220183,-0.0016289802988783027,-0.017524982306165237,0.005729596343449903,0.0021702438746746913,0.005561100586339362,-0.0057398224517011065,0.0048695587812177255,0.016894246946312613,0.009294613344533501,0.0015615846723103504,0.015006045750332337,0.0043350371921297755,-0.019341163335273078,-0.0017549383423576157,0.0032299763397905298,-0.00048013651951686305,-0.02789361341230356,-0.026478163877271678,0.026523018986043635,-0.00028201618529639607,0.007081544507900649,-0.005749547782395491,-0.00891658828672471,0.010787462736854847,0.8222626609947662,0.0038428098928676266,0.0006813515534761207
-0.013083120594955795,-0.0009903620455526262,-0.013139272865512858,-0.013149096637468034,0.004191142923589202,0.0005363197629313768,-0.0002712646433863282,-0.0038491954329243666,0.0030153148414093912,-0.0018324418736151832,-0.002429651269382853,0.0031442670821500347,0.007062449615381658,0.022666576396988897,0.007246241844841383,-0.0039105376800335915,-0.0052899233869722765,-0.0011849766923437192,-0.007374219569930108,0.016968709215833492,-0.002045039159521663,0.009035684650826705,-0.0007890929326866245,-0.0006873253412717422,0.00043386145545269234,-0.0012676279035888807,-0.0031959862530232764,-0.0013509262423717252,0.02263047197229774,0.006873960275282538,0.006281964447280413,0.004074980942626327,-0.016288188564408557,0.005761820991757824,-0.7706777347150723,-0.0004145385848976793,-0.008239632918619675
-0.0036000297286360606,0.002711697699570217,0.010101222053992137,0.04367791524198427,0.011397809522022987,0.008197574208833354,-0.015286841676114838,-0.003995555419947962,0.0018110019910971501,-0.019439755745178894,0.0033889056007867235,-0.00484786614377164,0.012627194060511535,0.006803993518581054,0.007172498514101456,0.005744755385834676,0.01337559276359784,0.00628288223757229,0.007221476422249966,0.0240689582721503,0.012572078055106399,-0.006134337004038551,-0.0005338490056855602,-0.003606843383803836,0.0038455091432986525,0.0034348351187103564,-0.01244963258212264,-0.000491382472768001,0.027914923236727663,0.011783621116667288,-0.0012430906426434984,-0.04619337053202428,-0.12474239693090575,0.010524157833267423,1.6236415005703275,-0.0013453436525240063,0.008866917376517286
-0.007085493779035064,0.0065621216167618904,0.054407294704280316,-0.008545021637874834,0.005068262786764372,0.0009256295055163937,0.0012379902217634913,-0.0016861457571137693,0.00143173002441604,-0.011659951874110317,0.005043775577660676,0.00213527872303229,-0.005642625225562957,-0.03409986032669014,-0.00023964352687822879,-0.001039637798093124,-0.016360559319741518,0.0004487548536245105,-0.0028648013447340483,-0.005906248565839354,0.004458233051955764,0.010085378031620431,0.0038664564334444165,0.000410215069881034,-0.008153710071700924,-0.0013880418030448617,-0.017215181894195002,-0.01327307567496274,0.04344742918152934,-0.013775285131237332,0.007109799695122769,-0.005373392522363204,-0.029793031532576602,0.006286499749164176,-0.47944062650589286,-0.003766941169210023,-0.00847140709900968
0.004389098083382897,0.002461536333776783,0.009407721135191224,0.00010210576581113326,0.006409922046495541,0.011173851955856993,-0.00028188004842551076,-0.006843685821332617,-0.0008055190701265207,0.022660575139171354,0.015518455269825433,-0.00022475846774412965,0.008490452865847417,-0.006203126352300102,0.004910957104793874,0.01716384195321257,0.0007224629607472253,0.009792614419349196,-0.00018715018396609515,0.026540156373005743,0.010862544761150898,0.004339440537146157,-0.006200232425658241,0.0005063244673903553,0.0024137483159108616,0.0016039193471689668,-0.003687056821461152,0.006468855507474398,0.08525326322140145,-0.0083599453838562,0.000813694890960844,-0.05094257321773752,0.05872113291170378,0.011244687094031163,1.5859197922817698,0.005918517957563356,-0.002345695456979974
-0.009745700903798919,0.016274765248144057,0.013026576008356211,0.0025506900421020276,0.0034536805551821552,0.0036749927324575124,0.004439351730936687,-0.020341539077854243,0.003162204794491049,-0.010408198744565503,-0.002885181049720031,-0.006124505875360558,-0.015005328710967731,0.0025193444955776043,-0.0031555223658820443,0.007674161336005826,0.006014816602436776,-0.006711044078187777,-0.003732798956370258,0.003254728581191101,0.01510616986197145,-0.001699822910960565,-0.02660366238804161,0.00034199731185334206,0.00018525521808166135,0.00045065268639049615,-0.029465576367832026,-0.03642753553730106,0.020218564725041684,0.013919981181567866,0.012538911035767271,-0.0039122294795822824,-0.03167600822099184,0.008124006039400167,0.8372248113965479,0.009001128028411506,-0.007493653703517023
0.005408509891873954,0.003156520932340926,0.035674365554065834,0.1044682772311131,0.004222726463170223,0.007024426235132761,0.005798490430154716,-0.007201775196048263,0.015673447776844734,0.0751947061719338,0.001215821955367145,0.0010935828721068304,0.013299560105793607,0.020112506043331303,0.0033996861160182075,-0.00452477508662239,-0.0003269138711091628,0.0021463178348700806,0.0010729453923335797,0.0066559841054185725,0.0176936439095468,-0.005668124136940494,0.004777178351893941,-0.0042279567189112705,0.0015266388600228252,0.0057951562341995435,0.018424470190125417,0.06501118215796525,0.06269638171447331,0.002241140042732142,0.0016295995369834987,-0.0008593114889304674,0.0017447799151944035,0.004896845626067134,3.076703004919474,0.017830384807511566,0.006969503691930242
-0.0023603315215732813,0.0026584196462893744,-0.04350652657143824,-0.03734868667849108,0.0011164081077765261,0.007058891263815452,-0.0016326390537485381,-0.008546769496598624,0.003306328209874025,-0.0017949476480663385,-0.01786984847954062,0.003966377403979933,-0.032815248316445014,0.015148094553572192,-0.0041055571200535376,-0.020706320180062486,0.06918142389714238,0.0023940356147428847,-0.00182189778548763,-0.0003528946708328928,-0.011085014395295458,-0.0025782609096874545,-0.005009211447177018,-0.0017084686782618715,0.014053008942926283,-0.004235217473670001,-0.009740939035444079,-0.018138533548758613,0.008645869205678216,0.0017862499099374437,-0.00887396524025597,-0.006371725322767249,-0.01578654461385989,-0.001670120076922403,-0.37890376220344163,0.009790758155343665,0.029470924142662547
-0.0015021182297318503,0.005789124781524088,-0.0002201607539557475,-0.030005951524167875,0.012492341906662308,-0.010843931490222012,-0.009209726226426263,-0.0004008990080581237,-0.01380185669854049,-0.005936982294227225,0.009284669873673882,-0.0004434627079158483,0.004974059079254313,-0.01536690870513675,0.0034898481512669784,-0.012005109854255786,0.00270246839701799,-0.001401249474762735,-0.0027067158231405056,0.009603133672624638,0.0015582113396332947,-0.0008410957868821128,-7.09492760024849e-05,-0.01659768758664586,0.004613715630433728,-0.002520935784493235,0.03211568718980409,-0.028222790756889785,0.027935501820674634,-0.002323482497919547,-0.004141742898746106,0.005076468031916439,-0.01783937201774199,0.005688579012333534,-1.6534105017349932,0.01212393162418828,-0.004854743673389031
-0.0007331402872905523,-0.00015257126221785897,0.053169165413726696,-0.029706969145058826,-0.0005384346987068328,-0.01059675220231869,0.0036853858794104895,0.002149778511194841,-0.012102654347061178,-0.0001443621584560143,-0.004602627736340241,0.01036531727654819,-0.029084781285174135,-0.003332002159492921,-0.0009292440532503367,-0.013983820032990632,0.04497591821421689,-0.0007027549443323967,-0.004665586779316696,0.0005337281805899373,-4.525269691136967e-05,-0.0010756448472293897,-0.0021339110607048258,-0.0018752971842085746,0.0007742327949855134,-0.0004297495658419809,-0.003764667266823866,-0.040265120161701536,-0.14004283606361376,0.019084110681274802,-0.004657182870859176,0.007944423540774131,-0.0255162532840376,0.012438132418963672,-4.101185765059407,-0.0042463068390499,7.099508070001098e-05
-0.005087463272408086,-0.0029015234742268137,0.016891055275773868,0.012828511869327557,0.004444630909956819,0.0010382569732885958,-0.009155357290393252,0.008567930577941639,0.0025285669520603584,-0.0071140990488837,0.005813566143967718,-0.0010667669003996735,-0.014725895154974536,0.02682518888701857,0.0022125436922045103,-0.008806914957961853,0.04618614393134524,0.010954132854316841,0.00769450992752619,0.0007076316490337779,0.0038317474451821844,-0.0067195628100201925,0.008400318811912038,-0.00017527733903926278,0.000872215350521133,-0.0009526430638916692,0.01627574183003612,-0.005104867175645565,0.027420336606137533,0.009781749292659734,0.002238799713606276,-0.008566668299296845,-0.01752128316548928,0.0019226540783131632,-0.7559540181732675,-0.001345404090475429,-0.007525129969893451
-0.0006871666800182053,-0.0025906805768376824,-0.004535672450359686,-0.029153862048349088,-0.01358829399204728,-0.004150742318281652,-0.004444328824819415,0.0013539386555768535,-0.005520242015691563,0.00668021752482808,-0.011049697753840404,0.0037586042761310876,-0.0006224250870039156,-0.011832530306597686,-0.005707948769741537,-0.012099454308555116,0.007977711738357889,0.0024425669692414603,-0.005650460277837143,0.009939279899058533,-0.029145744490322173,0.001808866650236532,-0.0009739684028325154,0.0008609148383852127,-0.015342203684241903,0.0005677945183307469,0.018187329678133655,-0.019754660413176015,0.024172956174696704,0.007955294529220782,-0.015163940220664253,0.0004261494088054306,-0.014956168437862622,0.016003509494537427,-2.798916766308941,0.005313213894676547,-0.0014838908822036243
-0.00098015724979817,0.0024601908928207684,-0.02032107450346345,-0.029157636377325286,0.0012469366687475451,-0.011047269278275826,-0.007654746452113252,-0.0002609350536235575,-0.015546010875214445,-0.00039462010716987425,-0.006787491843799298,-0.0020484107986530544,-0.023668798957889307,-0.006228005154157826,-0.005828678453446586,-0.013321117473001574,-0.009235578991690299,-0.0015099129460146988,-0.004080820619328383,0.00029004638798461755,0.0008071088407291795,-0.0006963870850104584,-0.005653984418051868,0.0005305200806942789,-0.002197769802424197,-3.9711943083027334e-05,-0.010629276169041664,-0.04194738292962991,-0.17966286247812394,-0.023843276798245223,0.0063711265438163335,0.0006714205235104996,-0.019531752873372603,0.02912525924813939,-4.424443712751439,0.0007883961087726915,-0.004896122911806817
-0.0014883661158703774,0.01119956106282602,0.005278320884725235,-0.029282146742010087,0.038344255005207425,-0.006529700528513323,-0.0024095623608188506,-0.004859300090347728,-0.012400797536199881,0.014743664557340472,-0.004539161908891058,0.007921375767662076,-0.019576172987089045,-0.0009775369755890663,-0.009255440264313719,8.695972566944885e-05,0.006179509443144402,-0.0036526350561563218,-0.0081802978703934,0.0015260173930651399,0.0051053166010449754,0.00316862271936987,-0.008279976286338241,-0.0015760462017301447,0.0004751679306855121,0.0007849282693414113,0.018050898374437255,-0.0195680349234397,-0.13545708299651701,0.007344262174596368,0.00783859971597388,-0.012702406243471919,-0.023982656136838726,0.023912320320160437,-3.9040665826809673,-0.004512764356453122,-0.008985611683313317
0.0020776578358304093,-0.013725727870670163,0.013001237627030393,0.03410018935378579,0.010486690895128057,0.012650422483635666,-0.0004094179553216866,-0.009642336628362532,-0.006199571053742404,0.008398124701276809,0.005855502456077508,0.014315417477397735,0.021166471047360733,-0.0017213657083002404,0.012560086279639652,-0.0007714905004344837,0.015945491819539175,0.014046847056946317,0.0025193873034709685,0.02260621627385987,0.00015447462693381182,-0.006709845390990702,0.005449553257571862,-0.00010620294461423445,0.004526907534251762,-0.0013061113399411275,-0.014432005986619941,-0.015208263556982588,0.09436914737639668,0.016133646938862697,0.002407743187606641,0.001975750902424419,0.08148454321438318,0.006913193403091783,2.049266226318909,0.001894209989593327,0.0013035090987876263
0.004339114275491636,0.0032902014738106066,0.0020900773280349613,-0.003230997824251,-0.0014411998931197583,0.011756113603597584,-0.007114488574698534,-0.010093829308342126,-0.0028678818903500416,0.01892867272125235,-0.0016223899282338413,-0.010269556004609019,0.011960422166070002,-0.0013494632915631037,0.005498566638275693,0.002444396408415662,0.010893355940842175,0.02613748532756554,-0.0008043157039622166,-0.0025572658555095954,0.005697260155936055,0.00794409297978675,-0.00767131828315154,0.00041620738724513356,-0.003936749805208211,-0.0015259138588253527,-0.015469861699130614,-0.028101305882254242,0.08204303077402346,0.006008325580434884,0.002009805654549818,-0.004856543550236528,0.0709457102862111,0.011504699928447163,1.779041146042065,-0.0029827953063408653,-0.0015292762662291585
-0.0010792358211790306,0.0032209443683448927,-0.025147045480886823,-0.029201981229903137,-0.008909290416690323,-0.009642629419045246,0.007583960405692501,0.0012949280028830808,-0.014847771065403796,-0.01967483027265218,-0.007450712682564776,-0.0014760968619358212,0.002027456491510801,-0.007819063436362987,0.0028150352701883465,-0.012953332666265664,-0.01748792513340036,-0.005705289597954149,-0.003821746677920319,0.0012779877070902951,0.0017768251765173544,0.0008660500519108228,-0.0010165414561585544,-0.003171527445087324,2.00209418369851e-05,-0.0002865115717892455,-0.011025000091338636,-0.04334378104652918,-0.17405709302279743,0.01658530600458861,-0.0018421736240674755,0.007428274367646485,-0.02394661998975579,-0.040799660206043684,-4.379402406869304,-0.0036042357664912168,-0.0035067869366757444
-0.001099633607891928,0.005376679456651549,-0.007471825433890896,-0.02962566683977229,-0.0022107291323712943,-0.009942382031449325,0.008414563612987452,0.000557967340131313,0.004468220166259738,-0.0016878258172526963,0.011913504707968557,0.0005163414548646329,-0.015986331107193153,-0.02195782466157669,-0.010476358821112437,-0.011883551075302671,-0.004292672500152035,-0.0004093950647478571,-0.0026496381297805983,0.012836415111567488,-0.0026949122427185612,0.005388094614311275,-0.0004585841317535556,-0.014430192485626298,0.002578855248037398,-0.0005984288854357856,-0.008362879837495564,-0.009357114063463335,-0.011156795151412938,0.00453102246249012,0.0011909537734816162,0.003699280606271906,-0.028825295999168932,0.00968910994733919,-1.4934542852798,0.0258835670835011,-0.002272010956348897
