grade_t1,grade_t2,grade_t3,avg_grade,comprehension_textuelle,inference,true_false_justification,communicative_intent,thesis_identification,argument_identification,concession_opposition,essay_structure,language_accuracy,historical_text,argumentative_text,reference_tracking,lexical_analysis,critical_reasoning,coherence_cohesion,bac_exams_practiced,confidence,essays_per_week,texts_analyzed_per_week,stress,filiere,comprehension_score,argumentation_score,writing_score,text_type_score,practice_intensity,comprehension_score_derived,argumentation_score_derived,writing_score_derived,text_type_score_derived,practice_score,psycho_score,preparation_score,imbalance_score,global_skills_score
0.005424467746555299,0.0011727545832734296,0.012559836214074652,2.554174479489517,0.007042695358097902,0.018439654135002884,0.022290292489774054,-0.0024756954127279924,0.026765571451428657,0.0005222849787929637,-0.008980385170255949,0.001627551361089254,0.0017141902856572756,0.01704249845828024,0.014396085501813628,-0.001846697163027193,0.010254762428038229,-0.018851165336736336,-0.009098213679585167,-0.008527168536166627,0.001820284429134042,0.004093908636187218,0.002240388379680135,0.001648929807380397,-0.005452051349798742,0.04917719971004394,0.03908406641889514,0.008990208232639529,0.04353893994492859,-0.0013141431923757497,0.021144771204649283,0.024232204829675058,0.023629395519661558,0.03497786471825614,-0.010956731976630713,0.0006452427378891477,-0.04095752746650863,0.003977078921221127,0.056741615756639455
0.003064938210314386,-0.0028885687120482188,0.059660433596472974,2.7227321685788106,0.009583052981143897,-0.003925125585237914,-0.0028272439864432766,0.049082597193006984,0.010840920478620689,0.004021466871877573,0.04007196207208041,0.025887311138449276,0.000642631310307061,0.0009378213112138912,0.014162525989410474,0.000551982856996588,0.008963385845864993,-0.010172508098684875,-0.002603893279447882,0.004217973722999271,0.0012696370690895972,-0.006677320532345763,0.009174647907864677,0.003250825092994332,-0.008586833776181288,0.03871574263701413,0.04894026497424431,0.0398320575770768,0.011981469133675196,0.0031494016208795405,0.0268809848673667,0.03949598694194872,0.01915708280566203,0.0071565762535450725,0.006401935891660601,-0.00017826129334344196,0.02781937659855397,7.469116553203599e-05,0.041727902569062676
0.015126683819534264,0.05124839282308751,0.1637054110991059,4.232340698457673,0.0012671167398608492,-0.0030316962461544414,0.013786059526392145,0.03390656782954113,0.05427250920749023,0.00394448731131879,0.012341135353681849,0.015602695173650967,0.009151717495765894,0.022015174356002275,0.03138965458227221,0.0017505498160754044,-0.0008901827954779538,0.0067407846379024606,-2.7388704409390236e-05,0.007270915753941554,0.0004038374866576445,-0.028025664681450027,-0.0005431907301600436,0.0015617353643063556,0.0062765444337060106,0.055182334069471484,0.033393025926140546,0.03190183296543678,0.04287965846995424,0.002104725779207256,0.017284647792670214,0.07194263065492573,0.014047189437071355,0.03509038473633563,0.0034821151583638516,-0.00011069072031130156,0.019030653024817632,0.0023876027522533984,0.04073934184335419
0.003624700557655396,0.023670256499690366,-0.058166399374625546,-0.5869519624189105,-0.0048165497077589815,-0.002220236432394304,-0.012300526706343998,-0.012595789724275,0.022170248550117067,0.003779867852230344,-0.00845436265634727,-0.011623842851277204,0.021805652020722363,-0.013123057083966478,-0.019185943272184706,0.009200686540016963,-0.003293767001346293,0.0023053065241583496,-0.005902619959769492,0.016153068599830015,0.00045207994915280673,-0.0009245977739554455,-0.005312261636425124,-8.36718152890902e-05,0.0077749458499716696,-0.052017136629179866,-0.043200033674901085,-0.0037322502382371066,-0.03161776480532145,0.011071195792322306,-0.002231610929353018,-0.04414193485788652,-0.003606970455788793,-0.010795391073602943,0.010590099447738487,-0.0010916441439609247,0.035674496132879555,-0.005133615296811939,-0.03959291288082251
-0.013487905810966701,0.014423115013410837,-0.04918349902933987,-0.6981205216593598,-0.00035110858694128663,0.006889819797771412,-0.0035882830629889568,-0.01527205037777587,-0.0074058687343994825,-0.0029577416444554337,0.005890714708397773,-0.005715431926942082,-0.017237103955061707,-0.00048381975986962135,0.022894815628514625,-0.003817178518974596,0.0018753595023363189,0.0005225788385153132,0.002422709922879161,-0.0050042283139213675,0.00018276923396650605,0.0026977291770272217,0.00018629604596374612,0.005549479984913237,-0.006137087672601953,-0.0069074597605452495,0.00859547630559079,-0.02891238565772862,0.018178166819162265,-0.0054769655130127905,-0.0030021465618922756,-0.0524195505346236,-0.017179746225016564,0.0032370680319479634,-0.0055024200105649726,-0.0012894328281825445,-0.028603213270727654,-0.0037055847515070944,-0.0489689759541054
-0.002255038161932035,0.008876856324733257,0.04444233659912446,1.8163527054968134,0.009683922869155613,0.004297413074255247,0.012500226559730033,0.02150958792998088,0.025744255733426355,0.025240519682051054,0.009906841122207041,0.026577850047624578,0.005242540391275137,0.007319798361941491,0.017195863865468782,0.0015937749901453998,-0.0032020835462851934,-0.0003782780278021988,0.0024160523989371872,-0.0009323196083586913,0.0005634214200384141,0.008655747859876443,-0.007560842015125569,0.004027497369126984,-0.008575104513128045,0.08391969224790262,0.07268035381157827,0.03061072308381928,0.02985244438963346,-0.0007520111423663929,-0.0007944098428733413,0.03628890699343212,0.0013022765778445962,0.012136949763449556,-0.0022806115498121534,0.0004704850453372422,0.00037401669001608015,-0.0015173288752232178,0.007723220552240576
-0.006165010090649655,0.010441206762011945,0.053137809228037625,0.7319735034654983,0.0005439749295697203,-0.0023444105160366244,-0.0161271136471789,-0.021903939513997682,-0.001321038182637443,-0.011655839429111888,0.003201048738488905,0.024220906484126448,0.00744216429146789,-0.046118163731845054,0.016712595298233948,-0.003572632292259027,0.0025988495271209,-0.0020440289738277036,-0.0011242239528230034,-0.0011503754889954274,0.0013311535485292258,0.002411451132948124,0.00025696580815991177,-0.001269942818224101,0.01009613607958481,-0.041671969915001994,-0.0016103452058468357,0.028592572993103745,-0.05002713584351678,0.00116068965333303,-0.012416717656483112,-0.00664038173551073,0.008461949865033118,-0.018984966153627984,-0.0008992540566904549,-0.012041935622905002,0.0038765384617689795,0.004102156426870524,-0.012772877667020822
0.00013568576332864362,0.004163816121746695,0.17683979690725996,2.651100199094532,0.008605976809557499,0.0003001420120662256,0.005217332043969513,-0.005846769444745824,-0.007869837599967488,0.0036321442517647496,0.0387006283392797,-0.00483797756119971,0.0071940538650677064,0.0066392370147131344,0.008388379023581501,0.006338048848347777,0.008116852770746093,-0.01381249285093949,-0.003816952318133858,-0.006790683010089234,0.002810620585762795,0.009704969974136704,0.0031285312186514016,0.0035054003102952336,0.005302005721414856,0.0342318796164255,0.008304561953347991,0.007856365032963072,0.02381965650747237,-0.005019033676993003,0.025991944968752883,0.03683078287977554,0.014705521198695518,0.016956841410987782,-0.011426935563568564,-0.0006869937643149329,-0.03516701793800615,0.002858626997740862,0.0413902480411276
-0.01377351016571484,0.0050886403330007565,0.048066439718088584,0.5680605075869393,-0.006766195183368673,-0.008023906471642871,-0.02759165818709236,0.028971052297335945,0.01720920943799079,-0.010881312080360877,0.005734114641785819,-0.044273735430213755,0.008022605282016362,-0.0064184658872010626,0.016842665940718832,0.0069218710954940706,0.004248303637888717,-0.002034030671608929,-0.004217355199831703,-0.004375135973813369,-0.0005243302671826596,0.001306161017191002,-0.0028776351140411727,0.002975449567471215,0.009232656549925906,-0.04550960560712668,0.02003447149911147,0.010607406314398446,0.009228065853640369,-0.0006985563097107468,0.01682567574430835,0.03837070757592802,0.007566051818313844,0.0020996356443709757,-0.003296274767745522,0.0067531447123884885,-0.014065188207082115,-0.0049021887263241476,0.08187631659414694
-0.0006414939440046349,0.010756180869405654,-0.03833573385633271,-1.9228571374199062,0.0035276689382759286,-0.0018447653605802793,-0.008681115621478622,0.017920837838986983,0.004815078168278283,0.0018349753624115792,0.024112307052749332,-0.007129262197352134,0.012805115122424644,0.008577824220723666,0.07983081519016287,0.0007497964325847128,0.001571797422038048,0.005452772660379313,-0.0014870789222562889,-0.004252333769028276,0.000302530614562036,-0.0005742187749471888,0.0006620022599567034,0.000982639572651056,-0.010676309852324362,0.022049582261441734,0.048711333730964826,0.004845718514815796,0.05273933132244542,-0.004749669137196343,-0.01029022849661906,-0.02245452362468707,-0.0055189966246223,0.01789272743573313,-0.015110277373503152,-0.0003621282825202746,-0.010997408293995143,0.005081194212932335,-0.013817022400038697
0.0021121357165396564,0.008292114010804461,0.059721506696485537,1.4841882925375263,0.0007431223491369359,-0.00411407435014111,0.04129812754988323,0.03490255925626783,-0.00490032372383661,-0.01176921908752138,-0.003288225575101574,0.01344298982850917,0.0043446265194001365,-0.005278481468077644,0.013194231340966254,-0.004893770826858228,-0.0002727169120513215,-0.0020522187733753652,-0.0018276739651047267,-0.0021088599846103835,-0.0015277808604865154,0.003231746633440148,0.002492580108005499,0.0011743986679836047,0.019106272770167763,0.03693450150777798,-0.02354372259339626,0.019433232579104242,0.01345818715095933,-0.0011292953760211966,0.00010483318801437342,-0.06173338960937467,0.0036674650259518674,0.005456545183371114,-0.002283038063016016,0.0012655340217632848,-0.010873855675644356,0.0008004741745264373,-0.015658988702124038
-0.0015838896625629136,-0.0011286077510056897,0.07715264743566981,0.0266061647301259,0.002827699214320074,-0.015852483283771826,0.009219544490264943,0.0032191053076453782,0.014430230634363382,-0.0006470492101051131,0.011721451440676588,-0.04499677147588489,0.012662344147884511,-0.02538351652062988,0.025600441953853605,0.0026271622710962467,-0.0019789636733094753,-0.0031576051819175153,-0.0018541451737082587,0.00687789932100637,0.0013827786365533548,-0.003002508282240857,-0.0016065041145746665,0.0028911076802997015,0.009677512060160286,-0.007084412147714316,0.005611810849561308,-0.02842966824850649,0.009169400449134162,0.009319832738081938,-0.016436953330678693,-0.05654561053368706,-0.014445942837027518,0.003054625511878741,0.0035321761754822534,0.004154651378114132,0.016377679893033195,0.014921896924440337,-0.04226353181632027
-0.0012115911404527557,-0.006432559975454358,-0.0808147247870387,-2.3462440665252755,-0.012169885448073126,-0.010514065580684483,-0.013790345705247375,-0.04121332996874446,-0.025119474056645174,-0.0009754878598570106,0.0033869368138852566,-0.01005137992865242,-0.011805628996929803,-0.022508414307647186,-0.01679537971369907,-0.0027412814492768227,0.0002692384312658474,0.0011413241487491395,-0.006011960780751344,0.0025267319874338447,0.0019175348975627353,0.0036704359045219323,0.001539161880159364,-0.002119763424642614,-0.007419434710600227,-0.06492367980340394,-0.021705261608740346,-0.013219914969304634,-0.02954448032247657,0.0029075966903362106,-0.02164190115327428,-0.022642001368203324,-0.0026893750267365808,-0.013495885492336875,0.0022612399075013965,0.001909322913013829,0.019439926212169337,-0.01355275134229723,-0.02011968181986262
-0.00037469729287422466,-0.007180148479484913,-0.0244661757308035,-1.4424146176793273,-0.002875156445550393,-0.01128049004255127,-0.008588918128004894,-0.04472292915509256,0.012908494319206883,0.00439069594901926,-0.007972382752381112,0.010246941048004351,-0.01015461059066203,-0.003962161922846949,0.036382323733209744,0.0010381770509578785,-0.0017371108236867948,0.000372434547513065,6.81048762857487e-05,-0.005030088798438081,-0.0006237992132780386,-0.001083159836868641,-0.003987572811767241,0.004714661708584111,-0.006004298002051282,-0.022351642752871055,-0.021333555706248234,0.006923584466385691,-0.005834208656878952,-0.0016933801985530386,-0.010665621246379303,-0.04831749339348062,-0.014814548626256505,-0.0033595258642695426,-0.0043438394440784575,-0.0005237342296017592,-0.005802466904977657,-0.005876526628120047,-0.016064539025765934
-0.014834229511373004,0.006064309121525357,0.048968014296296124,0.6110675355076984,-0.0011407730333025464,0.02212735268159706,0.004607497978256717,0.0026474033702685675,0.008682616054315462,-0.012377284958206797,0.00666771159612174,0.008982197694142614,0.010749170949560682,-0.011357249882119247,0.019202992273241574,-0.004900171834607167,-0.0017396483520593,0.002746959290336981,-0.0042087196015597505,0.0013130535667420602,0.0009863979301357488,-0.0019879273332999423,0.0009671803461268483,0.0002811241494317582,-0.009535020814685699,0.032726501922607516,0.0016710557173946108,0.01748284322344753,-0.002453663557395936,0.002377129421973832,-0.0039098536604814365,0.03198820439174493,-0.001679580281926856,-5.321538159194883e-05,-0.0007317043392145843,0.0023436185139383762,-0.010522314764628391,-0.003406676660075196,0.013178944447210126
-0.0016343027866154885,0.0075516243882697695,0.06111151303897112,1.5565957722110897,0.006953911651760385,0.001583125926509924,-0.001636965287045617,0.03271126688862852,-0.02370608196690168,0.011903086423582503,0.007212370889081056,0.015100494778338113,0.012391208721557731,-0.0391826231454504,0.013504911430808468,-0.0027195654488735696,0.006565477777698941,0.0018670290753774242,-0.0013770340513172522,0.00015507100842562492,-0.0011870831257482686,0.002944385776311742,0.0014834218361609293,-0.006980177417236239,-0.010123810797436229,0.08702498719229049,0.06403031421840762,0.030284539449906514,-0.012220756872884077,3.5691415667657406e-05,0.03222530861465355,0.0466868871469307,0.015238135095783414,-0.001051910905355604,0.0018598892328326416,-0.002053159732228283,-0.015068730605544743,0.0035140580348506693,0.054800936293013296
-0.003185199451331621,0.0005028983751637292,0.015553666141262853,2.5398488459201105,0.0007809258645781602,0.01108690236690696,-0.00043263121601548485,0.007456731075978177,-0.006310255183191188,0.0031825503153777267,-0.018469610495138684,0.024869546373540753,0.01204890109178649,-0.016279447823278483,0.012842541331017357,-0.0029502907237792158,-0.0014708553822997687,-0.010006008424797591,-0.008757978489366228,-0.0024082121495415682,0.0021259677351405854,-0.0013085108133343215,-0.0013868778592762358,0.0017311241187791167,-0.006756866053432216,0.0386680396833456,0.0018018124579327556,0.012491828346864253,0.009966723713322299,-0.0019909888400444667,0.016565996917045647,0.022968900303547774,0.01602029993263514,-0.010314065322694214,-0.0002828586012630079,-0.0005527940830679125,-0.004299640113523639,0.005023728300433134,0.04419016066061207
0.002425534918854039,-0.00042978512104530694,-0.054247441687651714,-1.9894253994382953,-0.001299091472237216,-0.004897978519364164,-0.00994631428787943,0.021635322359750978,0.0004213563552880709,-0.0158944761273384,0.004132151668058411,0.0017432048995685888,0.003109572454833036,-0.0208317867614666,0.08899627687455902,0.00016407560123945315,-0.01129362483280017,0.003663345380338929,0.0018674851103348288,0.0015887768663735069,0.0001949108994383355,0.0027607438099664064,0.0007076307240865398,0.0018350041242386921,-0.008325916781856771,0.010656500029622451,-0.009699603270676451,0.004631809506731317,-0.01462090547894328,0.0023880511235293616,-0.02309116438084207,-0.025064935828548913,-0.014437356011641544,-0.010202532352113181,0.001838809377423134,-0.0003526895611753494,0.001084144357728191,-0.007629431578231349,-0.02080138355168292
-0.0024586846516819784,0.004499250264016668,0.0460882423736645,1.59960300822095,0.01082173742200655,0.0007472071738788612,-0.018745872085961332,0.027608073097634217,-0.006961080453161871,-0.0004202528881217046,8.471958991785423e-05,-0.019395027424650088,0.01091263177417232,-0.052489379331009105,0.015778412608467768,0.00014845884173741433,0.004987477892291376,-0.0012216603027196357,0.0032925148183307698,0.0007978794078208536,-0.0002694320546837018,0.0049387861704927455,0.002671362610825509,0.0024333932009107046,0.010751158891052607,-0.029247146262277254,-0.012346367723012319,0.016620078851823244,-0.003306335610006581,0.0016750824589639372,0.018200335995427724,0.04003990870313005,0.021144053885281067,0.005084282349546896,0.000932854982347052,0.0019016754355367046,0.018675939059092327,-0.0009533125411957407,0.0501255490586818
0.005304483575541402,0.009786371853229036,-0.07476342144048782,-0.5867832218121514,0.0016662293737486596,0.0090463063422708,-0.011807851363144444,0.01556212918167938,0.013737002534804432,0.00039774592337620034,0.004498435483251117,0.0006066715931371665,0.012206218516271367,-0.00010409091155849104,0.024681040519085925,-0.00039341396357355174,-0.0076586845500845515,0.005485484337183208,-0.00240648669224358,-0.001534029130606936,9.964898967014272e-05,0.008811933983501325,0.00015506979392219608,0.0039134596984353115,-0.0072660156242159305,0.03246423064125454,0.028999132864841813,0.033089650221527454,0.022136698682552376,-0.003230319614800875,-0.021185803163615093,0.040860345750782755,-0.005953975840780216,0.005937349119248257,-0.0036328842256009635,0.0008174900937766235,-0.01779843818380464,5.198758953950592e-05,-0.03729100395548493
0.008685661740194603,0.001019095789358992,0.04555229290756417,0.6572723327994928,0.001789659381567838,-0.01031951225555056,0.005112877708313393,-0.01088529074656899,0.002085490590529147,-0.012656375590904925,-0.025820175502530008,0.010367009765725976,-0.015219332745331382,-0.010299777963499882,0.01854355810866328,-0.0009956918688107815,0.00033721329009544576,0.0032714788615579777,-0.010495268546004863,0.0020706539598285374,0.000897204577276811,0.0040989823579907735,0.0020371411851642994,0.0049067235022989845,-0.0050613174694821884,-0.039670170587189336,0.0004099265214829313,-0.018409947315993335,0.0036952741170939597,0.0008717476096047064,-0.011813816361970096,0.0147314766973491,0.0054145031970402055,0.00264882517875374,0.0016792568756843623,0.006015674870051787,-0.005993384137855044,-0.008356414995722154,-0.025844959708126558
0.007084504109878817,0.01611532502053257,0.02015735930114009,2.84897216793965,-0.006985090480406159,0.03322153484736663,0.031092026053246246,-0.002625239644982608,0.02671624703802271,-0.0026807523957088925,0.02286497021023727,-0.0052296632229172635,0.022292946914741554,0.021815132643654804,0.023263925841798552,-0.001788286298141214,-0.004848018087573246,0.010722895775678172,0.013952913773258439,0.004171685126367787,-0.0023423961930317126,-0.008128540704203099,-7.101828769516111e-05,0.0012634401911683563,0.008134825797117358,0.03815377441818553,0.037574853719034476,0.04727206562366459,0.04581603125091093,0.00966096269444355,0.012949301508409623,0.025141766556834422,0.0038967916629992013,0.03638882414244946,0.005268693658262125,-0.0004534047266685021,0.0100428893393115,0.005810050449586011,0.03846894887784335
0.004864326868087619,0.004878522672131011,0.04693061967658788,0.6506995045229446,0.0021997792769638397,-0.009857731059262902,-0.027211047248633873,-0.02875789673104952,0.001157818980923462,-0.011442802425176493,2.4858857365460472e-05,0.02678403258679602,0.007925750757323343,-0.01514063607832304,-0.023051989983861793,-0.00033255142273786055,-0.0038681846347179,0.002497377159839546,-0.005210172326668482,0.0012023559590206086,0.0014406887404033056,-0.0015225893902666562,0.00019578047816164537,0.005346687407200815,0.006696920200821582,-0.06594978372928707,-0.005384089480601676,0.016477630617557533,-0.05596065583836209,0.0016319871191250788,-0.01304455564002259,-0.01005930079655572,0.01254009377197633,-0.029057821735534627,0.001553357540058788,0.008986562616396004,0.019669012248671836,-0.0015004834846288483,-0.019555899271375937
0.0030276577050819234,-0.007166697792111956,-0.05632313052487444,-0.5166965176771525,-0.0037614213387669234,-0.00032767477687193003,0.005111536321739551,-0.0011439367000392014,0.0154900828017384,-0.0021464780807160023,-0.009613442092125226,0.004144829685964518,0.012611270263142729,-0.02572495041902142,-0.026981548477532497,0.006286516986847427,-0.003513204615002526,-0.0023392131099704396,0.000580238779228795,-0.0009488756472106055,0.00014619210382638546,-0.004411083674811549,-0.00034293435540503074,0.006037819801942534,-0.0026508875556437105,0.012432723827874494,-0.04563427195311676,0.03955828712839632,-0.03771695866328294,-0.0008510293683608209,0.03622854464928869,0.03943901446937118,0.03691567869774222,-0.014914509076142288,0.00018296341321704266,-0.0014610758079872184,-0.008988409218480336,0.0011665689645952763,0.0938744364357417
0.0037167142666883826,0.01508579616298006,-0.014465954065055443,-1.528302598223621,0.016947995592773234,-0.021799250177911247,-0.012931863028386616,0.042213474561734965,0.01249200129149399,0.0035141091004697632,0.004677394358902206,-0.0010142487048428704,0.0002722079150853775,0.009428318985640264,0.057354968810841955,0.0025471782309110084,-0.0028301745624333607,0.0033136317547533623,-0.0030821510418354747,0.0021567109854303173,-0.00026466538224738037,-0.00471506088085879,0.0020321513203109018,-0.00046926122872390094,-0.0055593130791668326,0.019471490775662605,0.02733547914319953,0.0033799948782286702,0.057041006778102886,0.0029754091407948055,-0.016784396651601783,-0.030288043921944292,-0.006367207849604359,0.020153928768781443,0.0032538813267529833,-0.006881543633608381,-0.0011985937382604846,-0.009151356690576392,-0.018943161288858378
0.0021985991231494887,-0.0044772194668402125,-0.015220392618546585,-0.6005258978179586,0.0020431498560149488,-0.012893544338697575,0.002965706955139182,0.014829575590656579,0.013727444175561912,-4.923641949676519e-05,0.009819881687409673,0.009896152864000753,-0.007943852731343763,0.0013307435249893214,0.022965604561776817,-0.002944027419047144,-0.003021438781906792,0.00029061356536720065,-0.0003227757949545962,-0.006266351772702588,0.0002015723536753781,-0.0002491554923790934,-0.0025552924733345684,-0.017578806636877276,-0.006438153944025563,0.020236892959290306,0.035261600568524475,0.03315639056237782,0.03052361716548509,-0.005082006094797005,-0.007065807658598077,0.06186714387390283,-0.016382990160480688,0.007287368811415255,-0.00270944011810827,-0.0002907350404903205,-0.027021903206440347,0.007324011613567406,-0.043591089444323286
-0.00013653923328488688,0.02488129934933212,-0.04292000947000055,-0.31863798120859116,0.0036184616102322526,0.002621364448959697,-0.01309201303808257,-0.002138378568887922,-0.07589099480463328,-0.0016705900925677727,-0.007112800339144007,0.008407328568629366,0.03210827185896668,-0.014836616092430328,-0.023947494295050116,-0.0020006456387166222,0.004280546541123346,0.000345684016449555,0.011927533658919106,-0.0020111740069930395,-0.00026302285263086816,0.0020600582653613744,-0.008006083198299175,0.0029481301748963415,-0.0036229710241648346,-0.02345545130188062,-0.06760603246716984,0.047272298710871415,-0.027523432860285735,-0.0027303289289014308,0.025080859554539647,-0.04388536263645303,0.038791914690664266,-0.01582437839632354,0.0004991060039625889,0.0019460234481337786,-0.00200746178485403,0.007135284499269566,0.09048559683903395
-0.0004261472046804123,0.009230051632451327,0.057328060871205844,1.6708912236986577,0.009630355832677908,-0.001977219542832383,0.01203745650192447,0.029344992189481722,0.03732999898145224,-0.012564205578634862,0.006699874230272624,0.011725896482752272,0.008951565737394569,0.021266935038412062,0.015268221399044244,0.0010917950803834948,-0.0031107227538784,-0.001242096466585421,0.0022375353292109993,-6.641785077449142e-06,0.00042687088544095074,0.005088987274616286,0.0031530850969599465,-0.00888598803396431,0.0077359017068475075,0.08964453197908613,0.017736250378749423,0.031133777114939535,0.028896054694696482,0.0014381265182936073,0.03608607263976059,0.03978091874180242,0.013804820895390538,0.0026112760466943633,-0.0020907494816754654,-0.0008960405352147929,0.0010107583829777962,-0.0043331456814511,0.06654314900400368
-0.003308462929336056,0.012285579406257562,-0.08189795909522501,-2.1101944492536044,-0.00299591343239645,-0.012460897409755626,0.00706928286204291,0.011310470197093919,0.0012904495157812336,-0.0019388279106814915,0.013744809960508678,-0.006798271743333596,0.021899337750878527,0.020220353067735064,0.008624480233506085,-0.0006090016019867177,0.007791704166292112,-0.000648378023232678,-0.0007308273578089164,0.0006333398977131095,0.0018963051502011196,-0.0009576862754551767,0.013814021396635068,0.0008039687145898102,-0.008494058546915208,-0.01110506817141072,0.0625688685140344,0.011413785082109112,-0.0059821485085124505,-0.002339769278117073,-0.005555752947825545,-0.02109558750737505,0.002114685071577884,0.002133351164316113,0.0030558622960364127,0.0027163866220095414,-0.013995113459378757,0.00010326303944697922,-0.013888018102299842
0.003409456177235817,0.00702486689448388,-0.004712693091397544,0.9875573219478392,0.010726503369728198,0.021528592712021823,0.003002117620557986,0.034348872690166496,0.005134096610110306,0.02471218135534291,-0.0012853900395250173,0.023152211580179,0.006947388396761247,0.005028673413223308,0.019413429686860384,-0.001991726134306992,0.001744236463463863,-0.003862113008248283,-0.005739698921946775,0.00319009913650826,-0.0023385748333864505,0.0017972770301336928,-0.008448236059671467,-0.004513654334491027,-0.010452645323414606,0.08765499958817492,0.037236070390565416,0.010118012119084113,0.04862590620849011,0.003095381250997392,0.025799483661113218,0.04524861667555641,0.00643660943261786,0.011918428298656464,-0.00010613720719029852,0.003379977408276646,-0.02746469643694476,0.0009028141765332686,0.07537654635899668
-0.008164577655515998,0.00836296827166179,0.04947480040575522,0.7066278712686309,-0.0030818985641347615,-0.010794676816745794,-0.025747174704283848,-0.0019081270101615382,-0.0004752571525421759,-0.002200759671679742,-0.007367099318533039,0.014604459478022984,-0.019001422926126915,0.009298371741107174,-0.009767855689673881,0.0013685686062313205,0.008777622988681665,-0.0015732865927919994,-0.010706725872596416,0.006461920471843283,0.0013460433688777214,-0.0019367593926911037,0.0006769919580457502,0.0023771346048094884,0.006192807795719513,-0.05913281825486771,-0.03522460974400613,-0.02137302548009038,0.000532419934429978,0.005509146027643994,2.4969431650242254e-05,-0.03497486893283972,-0.0036550556092039567,0.00192257325535843,0.005297149290763879,0.01192815270558009,0.024832104842490307,-0.0034096092573148037,-0.025933065204098053
-0.0022299683919737765,-0.013351188316932836,-0.08642537101435704,-2.328263784620767,-0.00016643774970511263,-0.015332517359220928,-0.011313795324583598,0.015042378852422631,-0.011065166022566382,-0.0015695558016451284,0.006494298678772743,-0.020746605324840836,-0.012100196746900828,-0.026169148213685045,-0.02190677938477442,0.003362194145561867,0.004290207830840327,0.0010440831983199908,0.0034390351882032386,-0.0031107974682259587,0.0009198202367330459,-0.0023978081860850154,-0.004190995175423216,0.0003219917329168216,-0.009123696146657345,-0.0010133816225291429,0.007350920329098302,-0.02060161126929763,-0.031983710395457256,-0.0036548862831847274,0.005693971082675687,0.0013559611295138486,-0.010804372318738414,-0.017877107711314674,-0.0011360775887090389,0.001962353888654588,-0.004810371239839385,-0.0076481781217289085,-0.021198788969647223
-0.002870369764585015,0.008042516373682463,0.05168472406096028,0.7573379982669456,-0.0006854577107982375,0.0024028025546510502,0.011196826697762969,0.04233682469645142,0.011737559511834821,-0.004521330396519984,0.006695644163045921,-0.020613424245453246,0.004056201579960408,-0.0052231775507393064,-0.0012352928614508987,0.001176575618284873,-0.0020627048566576197,0.0012451764333283562,0.007124863710368237,0.0005115971279633863,0.004816444466573755,-0.0025231143462003747,0.0008208085170554185,0.002958058163228211,0.007458837387516138,0.04663576089340723,0.01297183855792051,0.005547378735917472,0.0032932471596467915,0.0020106097308102153,-0.01873111872395521,-0.03346896951368031,-0.007629503171125982,0.0006121361933030344,-0.00010437541902404282,0.012307327821920254,0.006643244223925375,0.000537348494524482,-0.04047359805088214
-0.004670473689985434,0.013780482006720761,-0.019063441827539926,-0.3039509911131914,0.0004055269890098043,0.011407581703593754,-0.00222343451423259,0.011227534488285078,0.01358493065113606,0.0009298568111910502,0.008700097441602907,-0.0026729106766736413,0.0005432790069086251,0.0013689007574201602,0.028947494390308415,-0.0009686195877737148,-0.0016349809258688654,-0.005089479078211893,-0.0035923525999651926,0.0035514689328071825,-0.0008375383227997289,0.00010445757607054757,0.0012343132286695953,0.00726068554183528,-0.009800664952406992,0.021008472562777377,0.032335194612601245,-0.012796772859158586,0.033486434896203114,0.005470751763288563,-0.007231185322647233,0.03438763642274997,-0.012393955471425133,0.0262252233827894,0.004397826754149254,0.0011258610752902616,0.02168361848250921,0.009730567721444467,-0.04340222959081437
-0.0016102302982106303,0.010916821140547213,0.05489173209706794,1.3702165998656588,0.001453404440448538,-0.0017043771290557836,-0.010970290142646753,-0.01738419295838715,0.000558264512496564,-0.012220025815426111,0.002176911025019115,0.006169833497788008,-0.003301595367731105,-0.03569547625480413,0.017389598324786534,-0.0017583419433301465,-0.0030479486896166277,-0.0011659540150040283,0.002844328507144249,-0.00040311716338992435,0.0036939200616877377,-0.004154530037956104,-0.001324333546736879,0.00023024455400078467,0.011606406353914854,-0.026448411767636733,-0.026804800044916918,0.00604732743237973,0.00440852116667981,-0.000491975612323211,-0.017289537159239875,0.003107597896120482,-0.0018796034870040205,0.003097688653067449,0.0004514505538234724,0.0011048650044305102,0.022575514914438245,-0.00019990635636911024,-0.022860667925997353
0.0038806366333079736,0.011365533198427513,-0.04721532250185354,-0.4864667841994254,-0.015353563464331551,-0.0007323004497729333,-0.008094623325482705,-0.022837921953914146,-0.05326159760934521,-0.0012583761736837246,-0.02908641891233897,-0.014051575956061912,-0.014074126844545074,0.0019816440111666213,0.015790939949359983,-0.003644960644850676,-0.0010752858247261592,-0.00028156771055773985,-0.009637476977278178,0.004623781796956266,0.00187236502805556,0.010583114032998893,-0.001039575924240833,0.0015455297402102834,0.007712646198173566,-0.07616084125553353,-0.05486861733402096,-0.021523487441289516,0.002319248210091351,0.005984190702169458,-0.005355518394715677,-0.06226637001705905,-0.006775794392225388,-0.003227292114110899,0.0016212477451249,0.0009112917843032394,-0.006392061688225039,-0.005419712031833257,-0.040635519698447135
-0.018529247938863732,0.0005548695345434825,0.0485274054664454,0.7898465778385633,0.00974285987217358,-0.006121370294199086,0.006249212046015528,-0.01719557760133696,0.02444359045233117,0.017507332407220445,-0.002015666313196593,0.026314030701902615,0.01284193577489174,0.01828641514993223,0.020239563595100762,-0.005472719722300198,0.0031174086720076157,-0.0030198209650502354,-0.00817863188871587,-0.0023920793569494176,0.00018261607885701505,0.0008390145125288358,0.0011843906092724571,1.049905657846298e-05,-0.008238351885886513,0.0693453132878504,0.01703129290696873,0.009054752329074107,0.027757605773845968,-0.0032947849100638466,0.025818325118236948,0.05224215014096419,-0.001176245988665446,0.0051930214784656524,-0.004591570698630111,-0.008299072142514217,-0.007948141155325527,0.001071131987097453,0.07299652188240328
0.005845246228344541,0.008886060473671957,-0.009508183166923711,0.8614360499223841,0.009865823378638849,-0.0005442733695851159,0.004178422302616336,0.031452248920004935,-0.005293991338060226,-0.01013216014020293,0.001071612210962128,0.009628606851133769,0.009829342234379378,-0.015847608241035406,0.018862794326634492,-0.0031985789069479825,0.0046893453333384915,-0.002550355155390275,-0.008385861744165337,-0.0017010738761118161,0.0019816903243074363,0.0037811633327940056,0.0016105731805609804,0.0037853125574788824,-0.0080289790861301,0.03589607041743014,0.0013958848242574564,0.004545853128449935,0.0008993948302815945,-0.004293263034938169,0.028283409436131057,-0.0006698313356052007,0.006830983939115186,0.004371247765328357,-0.003906814718362939,-0.0035581924646289538,-0.011102487241651185,0.0009405408590966785,0.0416164342117167
0.005783104065922547,0.021183227604111326,0.029802428745138446,3.027750437884183,0.006853460213582136,0.020468399751449193,0.0019399131923402084,0.07529129254145117,0.042069436672068146,0.0061140429378658415,0.02869417957850525,0.001642004229328854,0.023662089100362257,0.03294524481397912,0.026949115618398762,0.003701896285655765,-0.00106624742934566,0.008179533615272105,0.004985859061029449,-0.009478672985317146,-2.3804998297225312e-05,0.00878867934629554,-0.010726633962512763,0.0010188258785175915,-0.008502068651234585,0.08397744705138217,0.06442666916202186,0.03560203416700923,0.06198129952267442,-0.00598282133615456,0.020945233977996722,0.03799772444101307,0.01635507283981211,0.041064147287729044,-0.008075934143438762,-0.0004954930868471627,-0.03220090477317585,0.005761348703040632,0.04555843307820249
-0.0027367113303138823,-0.018545686308164378,-0.04925434119495753,-2.212312350674944,-0.005964406725919174,-0.005779386751479883,-0.009568109864016584,-0.026119877336393545,-0.024933073619980622,-0.001795192301777135,0.019095312274381278,-0.01323505923724329,-0.008902094065013846,-0.02496377427231849,-0.01680844403606098,0.002652247150026956,0.004294112837538156,-0.005746858468272141,0.0010273187551649585,-0.0024519004167019003,-0.003379204388830356,0.00027056140346996165,-0.00037107290612539777,-0.002334324524535237,0.017285024011163323,-0.057151338827994405,-0.016832722530874644,-0.014824474869774404,-0.03274651206707365,-0.001058030525246599,0.0016887875487816492,-0.00948308415487355,0.013734272625784825,-0.011819049947568775,-0.0007780860188448068,0.003478530356794379,-0.0133507691981225,-0.002564350725552341,0.01678059104811933
-0.0016592980642161652,0.008360374180085903,-0.0847637258181019,-2.145461887844383,-0.0028872294845355556,-0.0020717317384382665,-0.008447872220275134,0.01547745543822834,-0.025073539268982644,-0.0007269870382933118,0.012717312212128684,-0.015661766387577346,0.007110854598053771,0.014715734234476615,-0.023963130265946198,0.002586757526143331,0.0049275182090432286,0.0014856504339252994,-0.005501864517191679,-0.0032462784681004187,0.007988326014420035,-0.0023885715387736354,0.0029708643783011583,0.0010245376319571729,-0.008212850019452,-0.01606514533607377,-0.01800513508850579,0.0005782138565007284,-0.02681194090463117,-0.0050487125812346025,0.004796772308856608,-0.023852316610816923,-0.0009539849012360209,-0.00734626188774305,-0.004235994986931295,0.001530628864927029,-0.017055175576736737,-0.002510987225322501,-0.01536210910674724
-0.0030657745937397816,-0.0032133051056780107,-0.02550763368284614,-1.8909895455805779,0.0042633390278086075,-0.0028559724100499693,-0.0003221807058483453,-0.00022987731997052698,0.0022413134577574127,0.0018372107170298937,0.006316033252209057,-0.003097949445111025,-0.00768696958858878,0.010779640636676385,0.06783526693153719,-5.157154257718667e-05,0.0007605573504039609,0.005888993585582941,-0.004453007408634899,-0.0026961141041423517,0.0005563534691393636,-0.002037093713510241,-0.0033241603474692336,0.0004966780109744526,0.012302867297415697,0.010859923718656432,0.011073559451405635,-0.010623321254973552,0.08139794566810545,-0.0014950435299322083,-0.005195982783164547,-0.025775425364153573,-0.0172944702561009,0.02620746457780874,0.0006789086732521594,0.0002928583088964129,-0.013105538734246835,0.00467402178252905,-0.017139253347832183
-0.027268864916878917,-0.020189182749563748,-0.10113616072063815,-3.2628867203068506,-0.012620653856819914,-0.014876854792974589,-0.01852875225482571,-0.00278547582036742,-0.024967273132499135,-0.008045474741824479,-0.024315576920991736,-0.04649505380884994,0.009190669250689057,-0.01881858817191747,-0.014161361059884182,0.002393378894535621,-0.0031517721810753086,-0.007307781165992769,-0.001618027543221569,0.0021515578951543453,0.009636530304239539,0.0049009691091390275,-0.004676507131212031,0.006873922368901827,-0.006754333683990295,-0.06708174811178928,-0.039093551251929065,0.01606113989530536,-0.02297967686896117,0.010519344437035847,-0.002932398921700529,-0.029551235815231034,0.006741442258829624,-0.011355091546479033,0.0020378641707790913,0.0054785556706505555,0.013482913232093373,-0.003294580966415335,-0.015635589044453033
0.007831207070109052,-0.005537943060772936,0.055615689954426485,0.8400942237465836,0.012510520821690291,0.032025283788745015,0.012555288618252993,0.03290587363596545,0.002566544549397449,0.026762179443932856,0.005703287923128636,0.01672027707683603,0.0025848946038696365,-0.019119904574925618,0.020126156333413043,-0.00250808837813162,2.2189261537918805e-06,-0.006384313381045827,-0.0007489401813817596,-0.0047269015276673355,0.00488860471412988,-0.004072246248764601,-0.003847925763279278,0.003983399563039953,-0.007431099450398282,0.08530556078377567,0.014850665811314893,0.037146924514740914,-0.003664519789848711,-0.006671150682901639,0.025728122728749733,0.03965781605248877,0.002468399997692326,1.2113162450292514e-05,-0.007077653488115131,-0.00772231579927573,-0.004239559991558927,-0.0013994194385651723,0.03258682010164443
-0.018645212910089616,-0.023121030331223497,-0.059357982238146555,-2.906319194160593,-0.01069287399247789,-0.034361767358667146,-0.01016181068609845,0.004421948141591816,-0.02469298526584738,-0.0027086314943837024,-0.013945568906832368,-0.06261188399584701,-0.009648987621731957,-0.0067168790491656276,-0.011894729665108194,-0.0003751177389701156,0.0009570614947107454,0.0012261326040075157,-0.0018703849608778553,-0.0009299235465727558,0.0008458760694784074,0.0033587142387388274,-0.0008330293352106731,-0.0014359100074703064,0.020317143339340687,-0.056929720860862475,-0.03656283252683366,-0.05645774635559018,-0.019752499315046673,0.003714269466369633,-0.016137168215531766,-0.02412567536698248,-0.0024415895980144857,-0.0016127665912384227,0.005446216312667751,-0.0012384520833376596,-0.001770214291329923,-0.007455940006127538,-0.02120551985736622
-0.003486489064107011,-0.011698917247540132,-0.008619933932724972,-0.4769053494542069,0.007622391947380317,-0.0183877773132217,0.007084078830118242,0.011744888240920737,0.013238973766853004,-0.003127697552026537,-0.008909538600862821,-0.02393152547855279,0.02185233669100345,0.0020549847164040664,0.018296883471725603,0.0033082091576840202,-0.0016014019521219285,-0.002751010024320252,-0.002152568136194344,0.0037085575052820197,-6.123342988564688e-05,0.008468959093851529,-0.0015537832416028445,0.0028431802380883596,-0.006204992043832579,0.02434286737219115,0.020651334551181098,-0.020995014538136205,0.015463676360139612,0.005438010145864626,-0.00487400896415273,-0.054811664071695326,-0.006226078551651627,0.0017190145552137101,0.001597306875008866,0.0021946021528628508,0.023195884076514975,-0.0011356256130760688,-0.04200430831615354
0.0001364272525749377,0.010542289251834508,0.0614463122969677,1.4408038359099935,0.010416200809257963,0.007785695034736003,0.0028152960110053495,-0.015218152898246757,-0.019504312777185583,-0.008531797860902506,0.011596631921079308,-0.015349090772672288,-6.776517653284093e-05,-0.01825104660217559,0.017152503790058327,-0.002909901229281699,-0.002558941729611745,-0.001555968540831963,-0.0009437790208986386,-0.0005711769335981602,0.0028459587533790345,-0.006632301797740974,0.007143191783758138,0.0008332457242720836,-0.01973799499729939,0.0676077549645568,-0.028932006751701943,-0.0006066215591746974,0.019012370229450976,0.0005921663288650971,-0.009389621053006699,0.001842674935570308,-0.0052537780089622135,0.0039055934846665176,0.0005400394279686465,0.0009520354316925392,0.02202576534649367,-0.0019217260393779995,-0.01856643351040924
0.0019189863433908675,-0.009620521068823515,0.11373049095676478,-0.5461774399753012,-0.0024952344313639474,-0.00917022256482658,-0.007377278613182935,-0.016798455528765677,0.026423946564079964,-0.0027571083852114915,-0.015700882090365728,-0.020504571149783345,0.008327430270913363,-0.0006670243897905822,0.025787501613324545,0.0006806396859970156,0.0004224710055691561,-0.003381576958769488,-0.003012925303384659,0.0011682658988690087,0.002345342589978004,-0.00374376484767872,-0.009323591630531158,0.0036210460539602032,-0.006128261429076318,-0.04873810727279228,0.002732691693094443,-0.03859530519597944,0.012567244644905677,0.004022794913667616,0.000852257322481437,0.06986179083484512,-0.005146155174405792,-1.2310985211670623e-05,0.002026060714639558,0.0001044372271611023,-0.021805118981082415,-0.002013938028580762,-0.01797224069237083
-0.007063427637870491,-0.003381374873099767,-0.03855039853335132,-1.2886623263035561,-0.003938838046877256,-0.005770625115718363,-0.02011839976677347,0.0026813894170630965,0.03079927184309548,0.00019567896621214628,-0.010745419307978687,0.0004652929093200311,-0.011828078046427458,-0.005948364570138418,-0.021943405080011226,0.0032657190572418474,-0.003025588634831829,0.0067472026780661535,-0.0019115904300304135,0.008182392775831942,0.00039075591716069413,0.0018812629907792886,-0.0040232847449630385,0.0009866094944246317,0.007336117351176594,-0.03197678446797797,-0.029873138403184365,0.0008442314708692775,-0.014064688612285253,0.002664911281647697,-0.018961149354635443,-0.051162444185578575,-0.012403145977842294,-0.00984142030722723,0.008537787221714917,-0.0003832922984782609,0.0032451392216206743,0.001008141649819613,-0.01669210049958403
-0.0037371625017695964,0.013150065857972886,0.021892002529233012,-0.41785248522038465,2.8965619619343076e-05,-0.0047990746126959395,-0.0029387306565955397,0.016221953148322598,0.0164460990548335,-0.002964640884295997,-0.008447583013170275,-0.022303472124095718,0.015356862046702054,-0.0014109883287851846,0.02340416740905521,0.0007655765307483985,0.008807209545161433,-0.0028519561341737503,-0.002046822998690798,-0.004663628819723399,-0.0006610262376981365,0.004870936992863298,-0.00010860276331290547,0.007892582721613101,0.009834292628950738,0.021479318178955088,0.018223785592109177,-0.03481472365044825,0.01744684784890608,-0.011995542780685771,0.02461524566660668,0.050637542090367006,-0.0033033795314163835,0.0034584699307258515,-0.005133572116819347,0.0007846433479927372,-0.010036242778599103,0.0028137339202368573,0.04367536623841945
-0.0025651823700489243,0.008294124651295413,0.04074093566310257,0.7364619158878056,0.0036791099996628463,-0.0069474563471135335,-0.0013568238072494147,-0.01945150691364376,-0.003341874055968296,-0.01094328681809224,-0.0013208684147852133,-0.0560172397724867,0.009548855870963385,0.0009357267118432662,-0.0024429168493232054,0.00045498769611447055,-0.004217643286625701,-0.004011574800896147,-0.006182736265463298,0.0012079297453461322,-0.0019316597610770818,0.0037564313420043833,0.0021853009176952187,0.0018313246214592684,0.006847580071214723,-0.05568211152059732,0.001100763123915456,-0.008480446862163671,0.0008435857189220634,0.002009739269362441,0.0023402254942125494,-0.03161053883477561,-0.00497256202107667,0.002849246082483823,0.0003816705572434279,0.005166190183558887,-0.010477631777744363,0.0013600363483690899,-0.026499224560529194
-0.0006509482730840398,-0.005486676710752797,-0.08158291596778419,-2.1522942139329104,-0.00479654190894532,-0.003480388912405538,-0.009951931210508589,-0.01625697807394793,-0.025161747119858954,-0.006981208350426806,-0.0008619524239653174,-0.019250623543856826,0.004634655573390189,-0.021470387811112462,-0.01734683752497186,0.0011709005063359856,-0.0052741488902418405,0.003127378693388341,0.006104004214362882,-0.0034516913936690997,-0.0013183293273198128,-0.0030292557471405398,6.527761794118808e-05,0.004407129152330196,-0.008410638679558404,-0.04433260590577499,-0.06577607031555684,-0.003045225524173959,-0.02690019213636078,-0.004370950851058362,-0.022115626260186733,-0.02789646113591094,-0.007404813020778915,-0.010853846678217396,-0.0043013827131687275,0.007483427143829387,-0.008456094560185748,-0.0016543964016753278,-0.025170347828720064
-0.01089196848636742,0.01644099982604565,0.11149925644944197,-0.34467799807792565,0.006842314998055158,-0.0011966785086893674,-0.0087751178181176,0.007591504452764776,0.017756314077150635,-0.004038182315178545,-0.006474309962861188,0.009016393413336127,0.0004893841120993105,0.004913718119938913,0.021173626733281905,-0.003317382041376649,-0.003682497598859862,-0.005165917315419887,-0.002644132366577514,0.00443482236551491,0.0006912481336165685,-0.004999505119354817,-0.0024446447028617607,0.006325905509993767,-0.004992371465021205,0.033759509437060534,0.017969379858290516,0.011296971414995,0.019902404634720525,0.00478357267045689,0.0025677873168699398,-0.05854134332515927,-0.006159907378072814,0.0028838703365845052,0.0035651432340020922,-0.002136285864022771,-0.014034944485267901,-0.003039634918963143,-0.030712416455234023
-0.009383869994819213,0.0014020435375207976,0.054423147171418496,0.8325907199507353,0.008433353748345654,0.031782586987426954,0.014564394715362278,0.029202689753762147,-0.005093067845330886,-0.0046307863302998175,-0.0018307135369159734,0.009819228008332,0.003185229998512898,-0.0032287550970284983,0.013712535091400828,-0.005744066764723701,0.006490174835366736,-0.0012977413277673448,-0.006122109065432159,0.0019214196248308303,-0.001677662555944772,0.003904796790571368,0.003392790745981912,0.0033270121076376916,-0.011436180321507037,0.07747481639058997,-0.0014940493491780317,0.005411532720651954,0.052538344804837,0.002770617350142642,0.028255203525259863,0.00676654911378652,0.0018665165701641769,0.01776248149790522,-0.0006005811978733234,0.00311290998832813,-0.0022211079688826416,0.00180424562727185,0.04680047585218655
-0.0017584186608017034,0.025681310110487177,-0.08287402910317587,-1.8073734196431652,-0.004829302644419979,-0.00705705386398587,-0.015120291563605908,-0.08312103888237184,-0.03139035006269044,-0.010974538777175238,-0.0033925297588339185,-0.04279540802988342,-0.010338324376226244,-0.019345479791875637,-0.03484702447579385,0.001174834404003408,0.0022525969614931533,-0.0027892724305318816,-0.003215936118999566,-0.0024928626396513985,-0.002722464133468908,4.365965092706684e-05,-0.0027348183362001796,-0.00027110212412736177,-0.003967806898307287,-0.07035312254260806,-0.05045699071314804,-0.03860524903037341,-0.0353984319350858,-0.0020162360038632186,-0.009208090653183768,-0.03643450521216547,-0.014650786742064749,-0.015321017073986434,-0.007542331895429367,0.0009775382238587321,-0.020210640477904322,0.0006986219345813877,-0.017982318269190486
-0.0007958185804294571,0.010273885216942995,0.06216372555410482,1.5795808012310877,0.006522533460780687,-0.002271672729667219,0.016094893087881864,0.008431702910698691,0.02213533654638665,-0.012855037355250221,0.0053972194122892374,0.01767848449415777,0.006488615810650023,-0.017375429981444063,0.014270726626851513,-0.005037113417654969,0.0018401077196607994,0.00450447668096863,0.006033810212643234,-0.0007888897444622529,-0.0010075809310181808,-0.009177712287727275,-0.00712011507244561,0.0030971224668768535,0.007613570178272663,0.06573473303107853,0.006421635132010162,0.03366293790392595,-0.002579544508871623,-0.0008431389959475649,0.0172890288143956,0.04097424865119882,0.01453735507589503,0.00038050773502834785,-0.0045056292605684415,-0.002103793617955318,-0.01455948823923401,-0.0033916327010351586,0.06213391139975147
0.0059728295095806535,-0.00030771010688950456,0.03982285810449743,0.8120695628612983,0.0036040297633641877,0.024682493701218975,0.010238845862727887,0.019514491406380678,-0.004484336452258259,-0.004479453446813047,0.00833317063228663,0.006677482638173568,0.0050259945534477084,0.012447301116543774,0.019870741104747843,0.0012903382372813337,-0.001271398125967179,-0.001493803575578826,-3.076677610648414e-05,-0.0003443325769188747,0.005801787989883504,-0.007349737016396952,-0.009575134305514762,0.0036928460470598036,-0.010050592492735802,0.0708947848554097,0.017188005056334707,0.0006822928438425806,0.07026155827255907,0.000700428891486158,0.0005503991905220177,-0.02842258321374665,-0.007014040050814001,0.015953743891960158,-0.0013146115698315594,-0.010994745248867082,0.025681486391833472,0.000625661431913476,-0.034691012439531696
-0.004696804095536525,-0.004830111134347686,-0.061142682141664684,-2.2048353785515653,-0.0022785375254680083,-0.014394355277428513,-0.009677283183916318,0.009448590562473205,-0.02226355534357931,0.0030029796407622985,0.00316812761401794,-0.014968167299860445,-0.00893472740867847,-0.007096915182899454,-0.02222661049478691,0.0009312448849071643,0.004624619303342797,0.004920143618639416,-0.004846168958547009,-0.0035388569229160703,0.001458309075656725,0.0008762384455216554,-0.006180711161433714,0.004631744942753442,-0.010757694255019646,-0.06606171176264998,-0.014636278428727662,-0.009201394668008416,-0.030510351653103302,-0.0025661834749279386,-0.009245689445616712,-0.021474331915156884,0.0016037396856764237,-0.01281480581247627,-0.004391562129832681,0.004508490343745443,-0.004933769706120346,0.005247736464500371,-0.015090623742783896
-0.001831353661908984,-0.023598841526214356,-0.09604037155270972,-3.1524901810196955,-0.015127868592385393,-0.007748043493876387,-0.021708044560073643,-0.02726894808719002,-0.02243300210398093,0.0007637658423549986,-0.01577827146541796,-0.006122706810754147,-0.005462030106865709,0.01953522859629675,-0.014332876316269191,0.0027700625821441152,0.005023524463789893,0.0042306600463980935,0.0008603147280878196,-0.013216338059227341,0.007135915223849635,-0.0035081522862664485,-0.00358098133000772,-0.0010653286815755407,0.014886304576677117,-0.06113538489069619,-0.034903921513134754,0.07182697924638977,-0.01802360628382259,-0.019636745060385413,-0.01421728337178752,-0.026715811599563752,-0.004596877539351128,-0.0059782140530514035,-0.006898024512738025,0.0008211022007696713,-0.0206058620726003,-0.0069732319587834934,-0.018915554996394458
-0.004836841987055771,-0.0119052063296292,-0.03967936312451253,-1.031848850449527,-0.002354496150553679,0.010792318526837248,-0.003910906146237712,0.010103730547965286,0.02954457373811168,0.0011746508072736207,-0.0025962952597635195,0.004122829627755995,0.0030124402714852496,0.010975750619557599,0.0055648268952137835,0.003072161973049443,-0.0003720995469629043,0.0002872819256394439,-0.0034073506526453652,-0.01018746671841311,-0.00093795560207745,0.006205799176766142,0.0007356780867888306,0.000948275287526923,-0.003558020669694282,0.02589856708140205,0.03944207972300141,-0.002228422932502577,0.027581844958210176,-0.006515244061737763,-0.011087513517350005,-0.04854913399857721,-0.012571538192377867,0.013355446547158622,-0.007596134826291934,-0.0013558159353328114,-0.02104442261637493,0.015718537540258967,-0.02792777805295289
0.005767181688226925,-0.00554673025786585,0.15911265144187625,3.870731113417953,0.0010049198338393846,0.005434320973484808,0.01875029247847777,0.017376480728459636,-0.06877142621251364,-0.003846029156713763,-0.03497815547699537,0.017438083733637547,0.005815431701198877,0.017775717617777603,0.018099575267471905,0.0021300482777472374,0.003428789171647068,0.00021755166291910342,0.006771645300242966,-7.416368274594175e-05,0.0006858698219819697,0.016495753966008418,0.0002079109529267491,-0.012856906216039287,0.006211618763254491,0.038887392125957876,-0.026056854315819004,0.026038905588940366,0.03223750925106777,0.0015002350429198868,0.004846760185886304,-0.0068383022664347485,0.003408121060845331,0.027472652866506134,0.0008140503402481841,-0.00028486833655876564,0.012534437378279766,0.001311228551040352,0.017687186730860487
-0.025520732366777855,0.006436612465771108,-0.10364134478922886,-3.1878755565548174,-0.005473408362421933,0.022248678731514055,0.011726449923289693,-0.029292210928118713,-0.022349163200551345,0.0018422153968335076,-0.01956557201787051,-0.031539825174699714,-0.006990226341684952,-0.0162769489291978,-0.009159371880847124,-0.004012284825650238,-0.004044982065095187,0.007506974518546764,-0.006118764975883308,-0.008562977593807862,0.009862451035106544,-0.0035592402849373957,-0.0031158801486472925,-0.003941696486738473,0.017176518348040116,-0.06387593505954986,-0.039505278816567194,-0.051418169930188,-0.02489221989500745,-0.014229528580558632,-0.016694445485996568,-0.027093733915706665,-0.006061154035247979,-0.01112655650033517,-0.009568835798332667,0.0006751553606616265,-0.0038119625324222065,-0.016960854635026175,-0.017256193667844994
0.02387523628642532,0.04486271351177843,0.20516706856388325,4.388813617462867,0.0027410573330785806,0.0006745948596222658,0.01850327141236848,0.04423964184475263,0.00021466269410718366,0.003281716838150578,0.029559254981709675,0.008273944529547028,0.010707660223109755,0.023906415259508627,0.02967752743498797,0.0012249864859803818,5.7863145965854405e-05,0.0023241194044219065,-0.005676423292615759,0.001768046868861721,-0.0023226320259554932,0.017038680200093356,-0.004497261016522218,0.004057800154195287,0.005180539196116745,0.06372792078131648,0.04734198013790466,0.01252438538622665,0.04423943267317944,0.0020242108183320473,0.0160666774937308,0.06634267461613272,0.019583063824147057,0.03789258041727481,0.0017322306068698924,-0.0005486115972447148,-0.01699970110123186,0.0032953112066686384,0.04606374238025443
-0.0009633553936996728,-0.007904386939942214,0.0009446513862922834,-0.32531902892926456,0.002884679155534238,-0.0024819333214241932,0.006381881609437418,0.007339244783586047,0.018557893665253386,-0.0010112654847686516,-0.006374962717225439,0.011926800322433286,0.01564950499317908,0.0018857241621381105,0.021710830176751742,0.0010391736621270559,0.0001378575690993273,0.0038536770305339155,-0.004779245869838379,-0.009230740727210161,-0.0008573507462724865,0.004959599473781237,-9.379743284046449e-05,0.01045548959711759,0.01119594064374084,0.027796291311131212,0.0251614734941307,0.033692239568434104,0.017784000238396613,-0.00828142063454453,-0.01101070342804201,0.052412623477911674,-0.008629644216002205,0.0032506876088218596,-0.005154496880549029,0.0019013208437118376,-0.013620556909301812,-0.0022123038075660723,-0.01568020085886108
-0.02899553175652473,-0.010778839391638149,-0.09621473250203484,-3.2431931814089836,-0.008394918104300882,-0.026407625403517477,0.008685327963666015,-0.027417286676808733,-0.02056707792912073,0.0028400524199561116,-0.020930552650909248,-0.046890100408490634,-0.008909458072697317,-0.019761023586552542,-0.011194896275706514,-0.0037537890290329566,-0.006765216142729058,0.0025142003893285575,-0.0011301439763973604,-0.0010825564550550515,-0.0013019904794947233,0.007680304555364138,-0.0011771844631372882,-0.0005870496798813875,-0.01492118315137348,-0.06747951861213235,-0.03946708973747483,-0.0633298797447054,-0.020294728130571846,0.00312758419069181,-0.016219308110093512,-0.025717330592677702,-0.002847015373060059,-0.013027161923572467,-0.008626391819903852,-0.0008225061470131263,-0.007302122816627786,-0.01781831722233111,-0.01983176174444458
0.005919570566801602,0.008453424967009225,0.06801538497113511,1.1973174130574922,0.0012315842209270405,-0.004936142888576502,-0.016368429642479178,-0.033226595300321835,0.006966303885969985,-0.013099554797944054,0.0007436674184174131,-0.02465411778046308,0.007806972345375468,-0.012733990602561335,0.02364097419105031,-0.004717924387200814,-0.002922742625530202,-0.0009376148509731346,0.006111805334297836,0.0017023819556074829,0.00021640241853662073,-0.0019775730318915548,0.0033957060340931476,0.003501609263835943,0.010544518345828209,-0.058768332644828745,-0.02162238104516489,0.006609309991915985,0.015960007527514208,0.0027534263508928332,-0.022849509045730475,0.0001586459689065679,0.02521235072774815,0.004953732274000545,0.0005466497411930564,0.0025046127715985535,-0.0015667628018844776,0.003768982397700974,-0.003700657243381168
0.0014976531912881538,-0.001044073615599589,0.007999374140744194,2.5256450106698196,0.008765687280892777,0.021076000624368266,0.004247636489891079,-0.007345278850395983,0.01258612763546218,0.0016103012720036704,-0.03152567017922619,-0.004211781029002705,-0.008929127424434214,0.0026122071943127257,0.008873512086415384,0.006169903766456539,0.009058334059966651,-0.01638742894416322,-0.007045887239079175,0.0066385313499338445,-0.0018664359135179107,-0.0009913019427499237,-0.00046655763574249796,0.0025864620576249065,-0.006575596279566626,0.04270709908635352,-0.0004899627074525293,0.011877867422047425,0.016096573449130295,0.007741777746101743,0.02998161787064415,0.025319926883479504,0.023244562589381772,-0.0025782681850583964,0.013401376768492311,-0.00031978864104664724,0.03129760257744432,-0.005672004535830631,0.04376470067129615
0.003518136128684106,-0.005981337314117781,-0.05490890183778578,-1.9208961624644232,0.002274549765082823,-0.0014609030608916198,-0.010655311675335753,0.019378373425415416,-0.021668451440634617,0.002176483451833431,0.023311020869549674,0.00016163458915205518,0.0033805404459410705,-0.02421024730272787,0.10110240991280857,-0.0014942253632301882,0.005664771754959627,0.0009469648693641635,-0.0014037476877149513,-0.006511579151578499,0.001047910073432389,0.001363935617089178,-0.001199693828709669,0.000753185200953153,-0.007150092452944829,0.013451370521282065,0.01793282416155239,0.006119396403180887,-0.01033669523801854,-0.0059210947467949315,-0.009731901491307475,-0.018997641033577164,0.003680497710026487,-0.012120998302195533,-0.0014781518197303036,-0.0007376030176707534,-0.014816188640023568,-0.006194537762101302,-0.012749935584895915
-0.007701901651737835,-0.00958762782532198,-0.08383971469309824,-2.2298479606935677,0.011994155959413702,-0.0051871233027686574,-0.00822001323740793,0.006939003011250675,-0.007533286581890203,-0.0007573767447977123,0.00605797824441842,0.00790755939475844,-0.01410815748318839,0.013511723149140266,-0.018161071345463672,0.008105322188850763,-0.006916033673511015,-0.001418648215684159,-0.006132776233408548,-0.012419034633193871,0.0002979999245218462,7.767672613229627e-05,-0.004453879535244295,-0.0010035509613542794,-0.0069448753917468724,0.0022413620829210114,0.03346219649083591,0.0003827137904235274,-0.019594522355477383,-0.004631139256367055,0.002996001948276678,-0.020504136475624414,0.000918071477619564,-0.004654563466440019,-0.004820137269156805,-0.0010629443595938479,-0.006925177891785631,-0.0012878148871954952,-0.019863438238372874
-0.005669388359424842,0.010706039078562024,0.0461662653112114,0.8105762470907498,0.008797198991031891,-0.006074925493892116,0.0063339718252437855,-0.0029330124934729574,-0.025399629711311735,-0.01669260386677525,0.0060046378012685205,0.02124181886349439,0.008974208976988357,0.013383942295889127,0.013675238541312801,-0.012488351341301728,0.003458734137120406,-0.0032689450030223407,-0.006689551647331477,-0.0031176952636468368,0.00010135790865161467,0.004391376325013375,0.003407558458376024,0.0057260536827663565,0.0078102089711316654,0.009628662939084065,-0.00010123090474304007,0.005613754010000534,0.05093344372417255,-0.0022895360957732795,0.02566491582367843,0.008540579685678961,-0.003370202496553679,0.014585185715014338,-0.006271567749122663,0.0031721911234945865,-0.01881391824785062,-0.00021703203455714082,0.03991068006004098
-0.003449026123612545,0.002209845236838599,-0.0004745008362125756,-0.3159172010387342,0.0012452541202418329,0.009167927378764444,0.00604352475552988,0.021402721100188777,0.0224851172397897,0.0025797276757561125,0.01889532719173624,0.01218868159520272,0.02366276875071273,0.009112119859998729,0.030528000663171285,0.004303429304433822,-0.010004975192911875,-0.001331106839799926,-0.006705280560518869,-0.007465410000792445,-0.0003839755429888142,0.005499106942274207,9.222305446199112e-05,0.0015300324511127701,-0.00607566146785266,0.06464730139257119,0.051052581400001316,0.05389787120862992,0.03487789077628966,-0.004705448509835371,0.00392599297534806,0.04753946441124042,0.001360322257520141,0.03847926921850385,-0.0024482962304354944,-0.002205179822439222,0.00014649462259944384,-0.0004339821546783464,0.029181334452181285
0.012768807195429735,0.014432653148701659,-0.07302069321036733,-0.25938632180631516,0.0028871918520160735,-0.0016015650019485456,-0.015200084616016006,0.00972917363926304,-0.05246002558683953,-0.0015688401298551565,-0.00476280018665016,0.008694272105038248,0.015855985398687242,0.0020222860173328147,-0.00018520229982629523,-0.0008596968772486247,-0.0020818604890553323,0.0005521369670037,-0.0017314874498261705,0.0029250631184893857,0.0003352157241545772,0.0025705039388377103,-0.0035044253187045725,-9.45225008024087e-05,-0.010809878961296383,0.021408381330732296,0.010225249731093462,0.023809171946179312,0.019128323733506893,0.003822301389613127,0.005031773496875791,-0.04826064383128323,-5.4833129306609916e-05,0.004903822741651889,0.0018100691040919287,-0.0005697328223676934,0.01409981665708137,-0.003036578448978533,-0.018610603971690495
-0.002109509506740613,-0.01107030578444713,-0.12287468793274642,-1.6136719257613032,-0.008122512264539623,-0.012872755696177598,-0.011501970165339678,-0.055547757910258344,-0.04502343965641995,0.00545252149200496,-0.022949205861303532,-0.04014536041150021,0.00766431019270657,-0.015069603559405502,-0.022046425283783196,0.000797839517524461,0.0012579312163303173,0.004321736859039642,-0.005291156038853044,-0.008556971437843721,-0.0016990074069517028,-0.0012370913137507093,-0.0028057778704107523,0.0012098578921060036,0.006600248897055839,-0.016100686253496713,-0.03177234158080616,0.0012487459101070202,-0.028637998033069025,-0.007884810210563245,-0.010460959121414103,-0.04376119821810138,0.006387796448657377,-0.01741220782523004,-0.010264645986942269,0.0007936815947576859,-0.00768856606612962,0.0003396667929372204,-0.01866736441759799
0.001487715392307186,0.0017189542807294056,0.021698036701198752,-0.3330473839071415,0.0028176468502861293,-0.0008609038258108945,-0.012965934107803652,0.016314897320500732,0.0175543839888758,-0.004723191298517112,0.002611666863529667,0.008850715842433344,-0.005730456563986783,0.006534629119956567,-0.018443067135303796,-0.001215470757190719,-0.004386866388389427,0.0038720142894450756,0.00023889728270391162,-0.005429803170638344,0.0009606433690942239,-0.007780021747207207,-0.00037640226164825977,0.006010312810027564,-0.006704334927936877,-0.02948459669128185,0.019147900121837445,-0.0013331008156691228,-0.006341376732692415,-0.0035873445776271697,-0.024124882184947734,0.04856832527207758,-0.0063424713266860356,-0.004094003591728693,-0.0036659226706068767,0.0008265297283336257,-0.015887037508029233,0.007175792866045659,-0.03032885498790407
0.0044864053723381375,-0.012710686267565578,-0.047203755807082796,-0.8830430655460035,0.007246440717948568,-0.015454661440034628,-0.011169299118987983,-0.015431651290845243,0.022126708999915104,-0.0005758291722547106,-0.005915517821972228,0.011293263316798524,-0.007362371293737893,-0.005372373326614816,0.01988100900568098,-0.002703346142757284,0.0004111054832273649,0.0010896041301232606,-0.004286000385494468,0.000768633363849496,-0.0010857564336164355,-0.0008027800971604644,-0.0017407409738893886,0.0009109454853219864,-0.0045073506181626385,-0.02512300791169297,-0.03827721382440907,-0.0061631250841133085,0.00019159703703276707,-0.0010271032228922313,-0.0150227596594663,-0.05293301220588818,-0.0034598171064307804,-0.002309294344822177,0.003252433843351886,-0.00020619123815893614,-0.012087269862607655,-0.006726177213051689,-0.042380382508268144
-0.012570337054876798,-0.010367195887795404,-0.011793865713791695,-1.362435275321129,9.494044420709901e-05,0.005433815487314047,-0.015274027476145214,0.03053117709724716,0.03307020979585112,0.0015354819957086874,0.004676089649240794,-0.009148015211876524,0.0013449962837321404,0.007539154953673128,0.04533083375723578,0.0027909540982131616,-0.008884870313712604,0.0024120357680597845,-0.0021025421432018187,-0.006868506991760341,0.0008460543107252168,-0.0002399304377190419,-0.0022537454095534672,0.0004985731431707933,-0.0030293392863620584,0.02331178571084784,0.03528613539137903,-0.001198115008985825,0.05098574283829223,-0.0011470434244797351,-0.020431557462981975,-0.0504773693780965,-0.021901245566790645,0.019372519864251814,-0.00458875636939521,0.002137366449531318,0.004101238719963079,-0.004635910078887393,-0.017804314363956866
-0.007459335370620556,0.00880251701607977,-0.020284399692522426,-1.1084246869792227,-0.0050956373561914774,-0.009561653329315504,-0.004682242065182783,-0.007243967536387106,-0.05165044726039618,0.005660468908359176,0.001607395852588478,-0.033684266891853006,0.011536724706728082,-0.020594806825439297,0.01832350893034501,0.004071551981484513,0.0015876741627238425,-0.003944386431909352,-0.0033341988564482743,0.001429030085160841,-0.00017388073901856705,0.00021927766220707705,0.004121750563414977,0.0015753195891308612,-0.004716603267142663,-0.033346279875154254,-0.03518607771143992,-0.011576366874478572,-0.0219636277279616,0.004975998009592295,0.0035616919247702743,0.06980114202219395,-0.0021165569105149606,-0.0137656470873784,0.007146409284887343,0.0012252816221927972,0.022222293080780633,-0.006702740657517159,-0.005800528986846284
0.0015437872464133665,0.0015795948393865018,-0.0394945410039899,-0.7672812861808262,-0.0015131054612586528,-0.012697965965984959,-0.01065138001622903,0.00036757749860023305,-0.03793869808645352,-0.00297287816397361,-0.008096512646401401,0.0028937788471660067,-0.014058755186658075,-0.013173602231099788,-0.026141138859985792,-0.006184582271266064,0.0017380211508392402,0.00255087578130521,0.003395907141451894,-0.0012682461619175096,-0.0004076252044729691,-0.0014322523527241567,0.003293733261246871,0.0004925913593847337,0.0058595139921583834,-0.07024016266380864,-0.03945753303919609,-0.006828950805851899,-0.020474107606331993,-0.0015914972081763137,-0.05392428679419949,-0.057650623664431834,-0.009234845389642084,-0.014232927887975293,-0.002451557037769851,0.0007157243096876381,-0.005026180957281028,-0.004099328016244057,-0.050338359960315236
-0.009686059224245556,0.01604460624896522,-0.05588636101516037,-1.2373975984712144,0.001553477717232573,-0.03108054993252644,-0.0010016401007621348,0.0163607962375221,0.018983269908354583,0.001602993942499736,-0.012069603792670795,-0.007539288433415077,-0.01525382712230555,0.007481112613574141,0.01652976227783175,0.0017248726565084484,-0.0035742971332128246,-0.0009230494781211641,0.005669027874068638,0.00786468219388075,-8.543163801258072e-05,0.0003286891058250027,-0.0059336158800397856,-0.00027787866867858045,0.008391209882949124,-0.02892714441394155,0.015386213331467469,-0.019438702893612544,-0.004185298355006553,0.003148291941085241,-0.02060072211161473,0.03254053421226549,-0.011094577947900591,-0.004422980839436943,0.009807095550438436,0.000835548964095136,0.006346427583489363,0.004422821541226922,-0.020982027110616332
-0.010562664703801565,0.017918381055480707,-0.05969271327654854,-1.2784150202356166,0.01827166922890034,0.006116374071621789,0.000819592922479038,0.018703368681111682,0.027715520846818522,0.0041272694039244774,0.003817838345647897,-0.025843594530117087,-0.0059104574018468276,0.00828761601820585,0.03728265542147538,0.0045663114637693476,0.0020791047779552757,-0.004375364958325628,-0.009284316090868135,-0.0112673788081773,0.00041459400893115064,0.005296244516125276,-0.004117111363454868,0.0016410530145918025,-0.00357696182772201,0.030810593389197144,-0.034134357927117914,-0.00896202663837778,0.020864006963446695,-0.004796710078048045,0.018705060451944398,-0.05047078634355107,0.0019332148974054496,0.009968107653078791,-0.011437618111830505,-0.0019182209051574709,-0.022917440004881957,-0.0017352252202882691,-0.005122275373046462
0.0018072929710396743,0.00314604066342868,0.056593471364483165,1.2177073187466751,0.012217186102616176,0.005547864995678764,-0.0057005380640253005,-0.024477597820186534,-0.001620345087359923,-0.012019439331935715,0.0015536572231332527,0.012129778302673097,0.0002684356814384337,-0.048929970844071954,0.011869128308705986,-0.0053065267030746235,0.00016537223742613211,0.007058704954843604,0.006321421834060412,0.001325299497757873,-0.00024814494079247176,-0.005415452402423618,0.00243554136833888,-0.002009662699450819,-0.016179073833849186,0.04019638487700168,-0.02024448560936129,0.014974422582977643,-0.003262507277317957,0.0010664911670939738,0.017514221784799316,0.010403609934099764,0.021123485207676155,-0.0023740343997127548,0.0018951343126285053,0.0016370298592367693,0.006582009297606451,-0.0015380293203903867,0.056945168653007874
0.004850359958184508,0.02737830697841628,0.019569315604952404,3.4227042894084816,0.006998924826479931,0.012330806604059578,-0.011623399364671369,0.00782032323943235,0.013112757699209717,-0.0006575147769335966,0.03465760895368676,0.052276807794884236,0.002609135550549148,0.01228053926443636,0.03132725809622957,0.001320555683191702,0.0016331472160282664,0.0006663885471367387,-0.00466333460706637,-0.003402121149194317,-0.0007655996205437542,0.007862182116053192,-0.0028761446844679846,0.0017484047335011184,-0.010125196695825027,0.03847456152974911,0.04048596757195637,0.04049523132081947,0.044173375590726205,-0.008775607893738354,0.02316007580762077,0.04306588991016693,0.0301790694884641,0.03611400085420117,-0.003309570402884092,0.0002482538631265139,0.012269352067240483,0.003914062581764853,0.041661536334570065
0.006871774779151435,0.00882287876628125,0.05038231295021884,1.248605314687259,-0.004232257044428796,-0.0018898120075172904,-0.0007400592374917228,0.04171375137780491,0.00669106936458501,-0.01038986210184853,0.017482185298329005,0.01194627162654115,0.004458186152043282,-0.01668924174830446,0.01670961798403065,-0.004760056812078399,-0.0006643104149880376,-0.0030392393817034336,0.003725401859431064,0.0036991691770047303,-0.0025308401900931195,0.003417213722903421,0.005025588492892533,0.002894711316752786,0.012362373719982068,0.006079097343832606,-0.019217389173626264,0.010558938341110553,0.007779440250099354,0.003619627314028562,-0.014583422748023397,-0.028841254740873422,-0.0036819186624011528,0.0028253611941499728,0.0038814607044398994,-0.0029354193612057405,-0.004864999361811584,-0.005504514475164676,-0.026221710364817564
0.0029682426878355275,0.005682853099343994,-0.03342808700955598,0.6233766047730308,-0.0009102577204233191,-0.01070337644369553,-0.029208337018867218,-0.02228288272666061,-0.0009067889673747537,-0.01223397801247638,-0.030834184604813696,-0.022466403890937812,0.010035423090542046,-0.011955926710760104,-0.016119014805701732,-0.0018424256513991045,-0.0017429639828892961,0.0013376012821015365,-0.0054221173810781,0.0056078536165294025,0.001972126359088681,0.0015026518235003346,0.0011028608347542549,-0.0007962487205367298,0.008427718553284613,-0.07060075422698502,-0.03874145650079262,-0.004723984683244947,-0.05797913230543126,0.004400346497801766,-0.016695668401978763,-0.04553201983346057,-0.0021142751767483634,-0.031973865483179285,0.008384931010111929,0.010615838832625108,0.017835791404902174,-0.011325212177631157,-0.04615026930761582
-0.0006692664409680384,0.008139869058641086,0.043429470963368536,1.6966623512507466,0.010051679718638351,0.0008270108457152234,-0.011891704649068054,0.014065802651351527,0.01281771544436143,-0.012517656465648813,0.004044136975230877,0.0031089751762866874,0.0113322668231892,-0.03696201903273787,0.01594355681116099,0.004642859752439026,0.0020648152960437817,0.0007350147868386897,0.004758021989706847,-0.0007030797128248071,0.004066351963909934,0.007295730854551617,-0.005444506855421656,0.004557650178211562,0.008560182557496769,0.06961504918344145,-0.015020415709395314,0.00777135734130976,0.001580217798518997,-0.0024463913402024153,0.03394070668614417,0.029424106011836582,0.003101571664789256,0.0031120489088576064,0.0008760648485571812,0.00037290310409949156,0.013237037892012523,-0.0020826617335332285,0.02621381032298517
-0.0008311228230232355,0.018225027525927022,-0.052111484530544545,-0.26471352354630023,0.004628838796206441,-0.002220796014219,-0.008470348719939898,0.00889725745682906,0.025342427358569324,-0.0029709377738439155,0.006040910898267809,-0.013325446908530927,0.01022365498411801,-0.013029475811113578,0.01796772353039846,-0.0019308703608757645,-0.0014414822467235676,0.004997494970020727,-0.006265326824194189,-0.0033432457400807323,-0.00016885011258344242,0.01668479189152337,-0.003739929141952706,0.002536711143040788,0.010629607380028886,0.019295276612444585,0.01859168472708925,-0.032428355704295996,-0.014411152684059918,-0.005594220291756659,0.014112850518270485,0.04082427881895831,-0.006883874709926606,-0.012831285783528708,-0.004334393551370557,9.913269819212003e-05,-0.005961262927513088,-0.0015848471753967916,-0.013235890473565623
0.0006338162560204611,-0.005344293506956516,0.07809576407820686,1.5950882339807797,0.01000580560133445,-0.0029909274119929714,0.0043358881740705145,0.013201379442229736,0.01362434990409381,0.0037739610473952008,0.0020965908444264586,0.009664937989642798,0.0038395504964926367,0.02459098118921948,0.015787760151335574,-0.001470734061656152,0.007204051970145169,0.007076493377671044,0.00043624443708102135,0.00015760161814288578,-0.003505183413175646,-0.007952798600506884,0.0017934285839323084,-0.008284014969925703,0.011115476272845636,0.06675213704249225,-0.029577517098484534,0.01813340216801075,0.006173150936738753,-0.0019424715635745667,0.02700258401405541,0.04013133919699189,0.001991374948901791,0.004450317022310258,-0.003632628385214653,-0.002710739866868475,-0.014793460182955877,-0.006606016777664386,0.04719416509441556
-0.0017260490465373346,-0.007855304463010795,0.003177185408380105,-0.3844500924551232,0.0007081497232404624,-0.0038722066785065764,-0.012771127630532947,0.022282852148962553,0.02727762712075395,-0.001999992377264392,-0.006093907405599591,0.007194540221935642,-0.006676194472896349,0.0007921285861116821,0.0220571355598999,-0.001631702910748386,0.002660496292205386,0.0027238755635295023,-0.0024103614375096563,-0.0037648423831664014,4.2449392324500726e-05,0.006048303196654785,0.00017020443354365993,0.0076572296791686725,0.010447079028168077,0.022726907319108525,0.023421748166389155,0.0333642187594555,0.01804912185444996,-0.004504279409948903,0.029302131828250817,0.05012475230571337,-0.003618285774066007,0.002023571785055332,-0.003071873785084265,-0.0001200881304979013,-0.016545531941035994,0.0006006016997260168,0.02962761325658401
-0.0015441032144802068,0.011102978274431496,0.0607747660927055,1.6398073781739784,0.007222543136350635,0.01028404895352782,0.03002741230100478,0.015327379329627185,0.037964298280264125,0.026411607832871706,0.006863695643653274,0.015409419602523506,0.01115582787255825,-0.015705768798918676,0.016066676301639153,0.00024033210627468285,-0.0032397031853831915,-0.0002452536261887186,-0.002862859547463761,-0.0006777550581968761,0.000719509143088921,0.007129532569919492,0.0011464478954362671,0.003617321977358162,-0.007850729597730463,0.0860993016670727,0.09409212586304895,0.03372584951414548,0.027492841221761346,-0.003642279689038708,0.0013311204525282504,0.038938535971258105,0.0056028671082806805,0.010339448157144975,-0.0037584179928036193,0.0005142425953157583,-0.006091672111542762,-0.0025620590917157047,0.029699204986806477
0.012529207847462028,0.006003578278007764,-0.0564205159231623,0.006334147399187417,0.0015105255685127854,-0.006457278192148335,-0.00994105837947175,0.011977939408182614,0.01105842063993396,-0.0031927105523391606,-0.030309182693934754,0.00884628735320189,-0.013460350689451719,-0.007580917206433527,0.020367541858853807,-3.696033399177385e-05,-0.004904303604395082,-0.0007025153272903865,0.004708266208501352,-0.00783279382880138,-0.0010666754245815232,-0.005565299301197286,-0.003245172722338485,6.191979399084103e-05,0.009941286953178145,-0.005010752686653788,-0.012806576593451888,-0.015104319380455394,0.012289275252257722,-0.0060821361933414515,-0.01009799778978367,-0.0487495581358638,-0.015860104680347525,0.0029367643206818735,-0.004857610877272188,0.0001717752052698611,-0.022159767539250936,-0.004977942221202638,-0.04636193581006087
0.0015986103336524957,0.00045810327725167384,-0.06698463954836165,-1.7413041212060716,-0.01219471695819782,-0.006873470974001415,0.009313017630661396,-0.05108941664298554,-0.02878028264304154,6.149072678186217e-05,-0.003021690718033573,0.0004780720228717525,0.011295818671768642,-0.016619987043603335,0.07249320035114672,0.0028191702473973415,-0.009578312241623595,0.0050163016334269965,0.002191937357701346,-0.003006607694973595,0.00022335397220137027,0.004339043696991221,0.0010594419366260304,-0.0009097164329833536,0.008250669094178872,-0.01205333518097317,-0.014760031560453423,0.00877992794610483,-0.015406800698932608,-1.0076392709902821e-05,-0.019788514360895383,-0.040410918811597626,-0.01236427755003465,-0.008826958268662255,-0.006046105258822079,0.00027567078179764517,-0.0034462704780004565,0.0020981359790388644,-0.028027634186563278
-0.00032772079022436857,0.0064304507092506945,-0.07813469503971328,-2.123329776874601,-0.006460462587092379,-0.012128525516829157,-0.012022473799550435,-0.05953630220227988,-0.02366879005846434,-0.001708000512190328,-0.028590583510662813,-0.011122040234256104,-0.008792331831149412,-0.01667451914095699,-0.018025534231526304,0.00277339179851843,0.0022559196077677236,0.004851238844794097,0.0058379398454378685,0.0023613734585533033,0.00020004907338203314,-0.004000448001868896,-0.0005283696069115151,-0.0004725753598784795,0.012928209311956138,-0.07149847355545126,-0.07189402471742347,-0.02743968121406563,-0.031000899632380167,0.001373740603072315,-0.012653110922549081,-0.026975010671468,-0.01315851965919589,-0.014251773057548057,0.0012064534837524022,0.0014839035153147476,-0.008659035035723527,-0.0003598087981127436,-0.020584873465823862
-0.0059476202741713955,-0.01617785828914378,-0.07037885238060707,-0.7143926757977059,0.00244941042421978,0.008231148385074017,0.005166033036655946,-0.017633856568043504,-0.03759291990622709,-0.000755618298262082,-0.00594800046611729,0.0032288050951546914,-0.0065196131140167705,0.003918766860854115,0.01206882929923181,-0.000741416948912519,-0.0001012124681788847,0.0010137150259337398,-0.0008975046971559049,-0.00020180918819075286,-0.0006811775921723588,0.002566335760799661,-0.002635029255067116,0.002874469139320825,0.006405787733926745,0.027231606413553468,-0.05983792671116041,-0.00924457285207052,0.008829248235185442,0.00029815633049182005,0.01170364837443004,-0.0580264514328743,-0.009948580811919107,-0.0019408233932136385,4.0136013302942674e-05,-0.0004116554944716223,-0.007785299293445314,0.001132062220291305,-0.04868712755974107
-0.01846851351982185,-0.023537928036611075,-0.09727198493533329,-3.200800077535989,-0.00211185986974621,-0.01845792780418496,-0.018839194694185282,-0.00220569417058145,-0.022076452644790148,-0.004279260906172033,-0.013566174277020619,-0.007090409630994562,-0.005726037790531362,-0.010743571524148626,-0.012190838734825139,-0.0010092496566473186,-0.0038845203667988606,0.0012640565641131869,0.000946217068909559,-0.0042565503805881075,-0.0008508235491604494,-0.0053496988506421435,6.66901969763059e-05,-0.001290279086832665,-0.00779863840192848,-0.0625267647534456,-0.020385496818278927,0.07094821561227221,-0.01809100543442855,-0.012953923543350843,-0.011882820402396677,-0.020612098375137056,-0.004003671645497372,-0.011044959788837093,-0.006545916171480505,-0.0005938959300476633,-0.018341186490333596,-0.01231241123039766,-0.017185342491085723
-0.01913957379382801,-0.02037457808567194,-0.10009731831695598,-3.2403897127850696,-0.006934183639624193,-0.011048742664645885,-0.004279344634537566,-0.02973699185373691,-0.023910481235268677,-0.006890414481980914,-0.014061756863115695,-0.04099198538256314,-0.006044525688598567,-0.016775837201660725,-0.012526402072959734,0.003844260244348202,0.009883661530226495,0.0061867950160678685,0.017209032615995455,-0.0008735613777428046,0.009288526227070841,0.00437178817076945,0.010292116389748309,0.0022567860627702063,0.018430640753420297,-0.06443988274365359,-0.03663416241670903,-0.05967221926554215,-0.02706146093043001,0.0004820573439415337,-0.015218700442097867,-0.02817784966513242,0.005885845323439131,-0.01187992394375187,-0.004440297333600657,-0.000798188581959036,0.011510554518454631,-0.006142547710248507,-0.013161421085151935
-0.015270733104537127,-0.022568537562087657,-0.10394001087196801,-3.3297246162999192,0.015373359273315299,-0.02119631277167587,-0.008885659280397739,-0.03075946847067054,-0.02380286987185985,-0.006074147431056539,-0.021401901474879158,-0.03367414497851933,-0.008538769243535532,-0.019997491826071394,-0.013267261202997078,0.0021975419736003417,-0.00595316260699652,-0.009964434066921676,-0.003616833079593798,-0.007411662292846563,-0.0022963363100494258,0.006863294053598992,-0.001965351932467867,-0.001681875097908629,0.019476845427168897,-0.0635073805742512,-0.028948562989265965,-0.06376526334345617,-0.02423161272558793,-0.0099029168613702,-0.007113659759929646,-0.01821178990601729,-0.006976687978642681,-0.013066771473488517,-0.006387144062816626,-0.0022889395413065792,-0.01877589153418706,-0.01350670318067653,-0.018296137019718807
-0.007449949583706184,0.008524238568954946,0.04807821580133091,0.9490082320758328,0.010336857093865573,0.02362081906548513,0.010207746483290401,0.024719104872394756,-0.006596682992111317,0.009256068342636965,0.00341895654546987,0.023533676956821084,-0.0005140886441281305,0.01670944458084804,0.019401184652363544,0.009259447750693518,0.0003192839426063138,-0.0012565496406987994,0.0014864117031470024,0.0017400303554183682,0.007212460072517524,-0.0025263615325858625,0.0030983933537277204,0.0012418414490554454,-0.011579774785079941,0.07541388957278629,0.007495797671496514,0.027478646290550177,0.05695035727175768,0.00404621835534537,0.02794234370931937,0.0008640813626970876,0.004175925094258427,0.01642540203564488,-0.0016353832458888763,-0.005185672131435564,0.027839748839435706,-0.00021242452257683062,0.03753437090076412
-0.0022007842628177588,0.00514112109541133,0.0736939943159185,1.5441436718358112,-0.00593706321743133,-0.001391395423593728,0.0013072029506583352,0.022729157508997937,-0.009874272598702204,0.01261861080738858,0.011557474679088192,0.011844807691357406,0.005529441241226717,0.021969436219607535,0.01192328905564021,-0.0003387218881120322,-0.0036402045500895375,-0.0034687807733522124,-0.003821001732847786,0.0012495451447818782,0.003299897112664176,-0.004531995757592801,-0.00658622029121678,-0.0025420745450924417,-0.011893658166741174,-0.024040456399341183,0.05314717071320998,0.024894359112503456,0.0027584392766046057,0.0022931303225018616,-0.001205485933218451,-0.00798830837426667,0.003152350658404055,0.0005035461016310421,0.0014875566270295816,1.9431526375112508e-05,0.02092220552013191,-0.0022762877135972027,-0.0024853183651181413
-0.02377805597325801,-0.009248386100556037,-0.09323252831343062,-3.2630835702469443,-0.010039071526046914,-0.028538197749727108,-0.01968103931179408,-0.03259559565748784,-0.02494191598062509,0.002982510627480682,-0.023056741897194314,-0.0370262096805293,-0.009321186076804025,-0.021152507231294804,-0.010363430622294743,-0.004109750685405129,-0.004583953701538319,-0.010963897224209299,-0.00883808097064355,-0.007545348246580082,0.011483309943436581,0.006605601371369115,0.0007663593112643037,0.011090406952269724,-0.013967916431910468,-0.06793418474633878,-0.038724538984058574,-0.015278436192761292,-0.021828887425354108,-0.009136121558960304,-0.015642738153473494,-0.023941560343214555,-0.00616583477398122,-0.012026238740194647,-0.007702754967428875,-0.0029803067324422334,-0.0014692770384871854,0.00019935537792559532,-0.020289280298761526
-0.005134905076608293,-0.004259818711985315,-0.1034891375747343,-1.7128949192372258,-0.003459949308569007,-0.014694501545716694,-0.012574880535723316,0.016864353054894726,-0.00524510011222416,0.004635329443129728,0.005314132159588521,-0.025858002377675347,-0.010422231469380521,-0.010943344179039416,-0.03946706754307299,0.0021661748543382094,0.000854449729133254,0.002620565740315578,-0.0041736050360204864,-0.0025502077855163565,-0.0015380703030890795,0.002404227274711321,-0.005089197462988952,0.0020902842424935053,-0.006548346657946447,-0.005080268872031732,0.03322527062966442,-0.016395265624511973,-0.03574150025032732,0.0024768291340038127,-0.015294786844121425,-0.03405366157120899,-0.011710462471726142,-0.018101503299729673,-0.008063219812956875,-0.0016908863727358307,-0.010322011741433084,-0.008932799447505566,-0.017712123766618928
