student_id,gender,region,filiere,reason_for_choice,is_repeater,brevet_avg,brevet_math,brevet_physics,brevet_science,brevet_arabic,brevet_langues,brevet_hfada,as1_avg_global,as1_math,as1_physics,as1_science,as1_arabic,as1_langues,as1_language_avg,as1_hfada,as2_avg_global,as2_math,as2_physics,as2_science,as2_arabic,as2_langues,as2_language_avg,as2_hfada,weekly_study_hours,study_consistency,time_essential_subjects,time_non_essential_subjects,private_tutoring_hours,exam_anxiety,health_state,family_support_score,learning_style,comprehension_speed,focus_level,weak_math,weak_physics,weak_science,weak_arabic,weak_langues,weak_hfada,problem_solving_gap,sleep_hours,stress_level,bac_avg,bac_mention,study_efficiency,grinder_index,time_allocation_ratio,resource_reliance,improvement_momentum,grade_volatility,stress_performance_ratio,sleep_debt,health_stress_index,family_support_strength,weakness_count,subject_balance,filiere_alignment,consistent_weak,efficient_stressed,repeater_penalty,kabylie_boost
630,M,bejaia,maths,grades_pressure,0,10.66,11.29,10.42,10.0,11.07,11.17,10.05,9.96,10.22,9.48,9.39,9.88,11.02,10.45,9.78,10.76,11.45,10.14,10.7,10.56,11.09,10.83,10.6,18,0.31,19,0,2,5,2,2,reading_writing,3,3,0.24,0.32,0.29,0.3,0.26,0.29,0.28,6,5,10.97,passable,0.61,25.5,190.0,0.11,0.8,0.45,0.45,2,20,0.4,0,0.45,0.54,0.0,0.27,0,1
631,F,blida,maths,interest,0,10.66,10.15,11.74,11.6,10.02,10.0,10.43,9.59,8.29,10.61,10.73,9.66,8.8,9.23,9.46,10.17,9.78,10.4,10.6,10.48,9.77,10.12,9.98,30,0.49,18,12,0,4,3,3,practice_based,4,2,0.35,0.31,0.29,0.3,0.35,0.33,0.33,7,4,10.1,passable,0.34,68.86,1.49,0.0,0.57,0.36,0.39,1,12,0.6,0,0.36,0.51,0.0,0.13,0,0
632,F,blida,maths,grades_pressure,0,10.94,11.88,10.0,10.0,11.2,10.73,11.81,9.86,10.2,9.24,9.2,10.23,9.74,9.99,10.55,10.44,10.71,9.9,10.06,10.6,10.05,10.32,11.33,24,0.35,11,13,8,4,3,3,practice_based,4,3,0.29,0.34,0.33,0.29,0.33,0.24,0.31,7,5,10.55,passable,0.44,44.63,0.84,0.33,0.58,0.33,0.38,1,15,0.6,0,0.33,0.51,0.0,0.16,0,0
633,M,annaba,maths,friends,0,10.22,10.68,10.0,10.61,10.0,10.0,10.0,8.88,9.18,8.12,9.55,8.24,8.81,8.53,9.4,9.6,9.94,9.04,9.89,9.26,9.88,9.57,9.56,21,0.5,10,11,0,4,3,3,auditory,3,1,0.34,0.4,0.34,0.38,0.34,0.36,0.37,7,3,9.63,echec,0.46,37.75,0.9,0.0,0.71,0.37,0.41,1,9,0.6,0,0.37,0.48,0.0,0.19,0,0
634,F,constantine,maths,friends,0,10.29,11.04,10.67,10.0,10.02,10.0,10.0,9.15,9.75,9.48,8.48,9.6,9.52,9.56,8.05,9.42,9.79,9.67,8.7,9.41,9.58,9.5,9.36,29,0.49,10,19,2,5,3,3,reading_writing,1,1,0.35,0.36,0.42,0.37,0.36,0.38,0.35,6,4,9.42,echec,0.32,68.47,0.52,0.07,0.27,0.39,0.53,2,12,0.6,0,0.39,0.47,0.0,0.17,0,0
635,M,other,maths,interest,0,10.96,10.96,11.93,10.64,10.83,11.37,10.0,10.19,9.15,11.29,10.04,10.32,10.79,10.55,9.59,10.7,10.27,11.07,10.75,10.56,10.86,10.71,10.67,30,0.48,14,16,0,3,3,3,visual,3,2,0.32,0.26,0.28,0.3,0.28,0.29,0.29,6,4,10.83,passable,0.36,65.23,0.87,0.0,0.5,0.27,0.27,2,12,0.6,0,0.27,0.53,0.0,0.1,0,0
636,F,setif,maths,grades_pressure,1,10.0,10.0,10.0,10.0,10.0,10.0,10.0,7.35,7.1,6.54,6.4,7.67,8.38,8.03,8.02,8.19,8.11,7.92,7.66,8.18,9.02,8.6,8.26,22,0.35,7,15,4,4,3,3,reading_writing,2,2,0.46,0.47,0.49,0.45,0.4,0.45,0.47,5,5,8.27,echec,0.37,46.39,0.46,0.18,0.84,0.46,0.48,3,15,0.6,0,0.46,0.39,0.0,0.18,1,0
637,F,other,maths,academic_guidance,0,10.62,10.53,10.7,10.5,10.03,10.97,10.97,9.66,9.24,9.09,9.22,9.96,9.99,9.97,10.47,9.98,9.27,9.54,9.8,10.59,10.75,10.67,9.95,21,0.42,6,15,0,4,2,3,visual,3,4,0.38,0.36,0.35,0.29,0.28,0.34,0.37,5,4,10.12,passable,0.48,36.22,0.4,0.0,0.32,0.58,0.39,3,16,0.6,0,0.58,0.48,0.0,0.19,0,0
638,M,tizi_ouzou,maths,interest,0,11.07,12.13,10.58,12.11,10.0,10.93,10.66,10.0,10.25,9.82,11.06,9.23,9.63,9.43,9.98,10.43,10.63,9.54,11.27,10.4,10.52,10.46,10.24,30,0.55,16,14,6,4,3,3,auditory,4,2,0.29,0.36,0.25,0.31,0.3,0.32,0.33,5,4,10.52,echec,0.35,66.75,1.13,0.2,0.44,0.55,0.38,3,12,0.6,0,0.55,0.52,0.0,0.13,0,1
639,F,oran,maths,parents,0,10.16,10.0,10.99,10.0,10.0,10.0,10.0,8.87,7.98,9.79,8.74,9.26,8.85,9.06,8.59,9.39,9.54,9.9,9.52,9.13,9.16,9.15,9.07,33,0.41,14,19,0,3,3,2,auditory,2,4,0.36,0.34,0.37,0.39,0.39,0.4,0.35,5,3,9.19,echec,0.28,87.41,0.73,0.0,0.52,0.28,0.32,3,9,0.4,0,0.28,0.48,0.0,0.09,0,0
640,F,algiers,maths,parents,0,10.36,11.31,10.0,10.27,10.0,10.57,10.02,9.69,10.65,9.98,8.87,9.47,9.33,9.4,9.82,10.13,10.32,10.62,10.46,9.5,9.9,9.7,9.99,23,0.31,7,16,4,4,2,3,reading_writing,4,2,0.31,0.29,0.3,0.37,0.34,0.33,0.3,5,4,9.85,echec,0.43,43.69,0.43,0.17,0.45,0.41,0.4,3,16,0.6,0,0.41,0.52,0.0,0.17,0,0
641,M,setif,maths,friends,0,10.21,10.26,10.0,10.74,10.28,10.0,10.0,9.18,9.48,8.73,9.4,9.78,9.23,9.51,8.44,9.68,9.69,9.28,9.77,10.5,9.56,10.03,9.29,31,0.32,13,18,2,4,2,2,practice_based,2,5,0.35,0.38,0.35,0.3,0.36,0.38,0.37,5,3,9.71,echec,0.31,75.18,0.72,0.06,0.51,0.41,0.41,3,12,0.4,0,0.41,0.48,0.0,0.13,0,0
642,F,tizi_ouzou,maths,academic_guidance,0,10.83,11.27,11.0,10.03,10.83,11.34,10.53,9.76,9.78,9.57,9.14,10.24,10.48,10.36,9.35,10.1,10.09,9.88,9.57,10.65,10.16,10.41,10.25,22,0.39,14,8,8,4,3,2,visual,1,2,0.33,0.34,0.36,0.29,0.32,0.32,0.33,5,4,10.18,echec,0.46,39.25,1.73,0.36,0.34,0.36,0.39,3,12,0.4,0,0.36,0.49,0.0,0.18,0,1
643,M,setif,maths,friends,1,12.18,12.7,11.55,11.29,12.45,12.18,12.88,11.29,11.31,10.89,10.65,11.53,11.51,11.52,11.84,11.93,11.87,11.76,12.39,11.93,11.97,11.95,11.67,13,0.65,11,2,0,2,4,4,auditory,3,2,0.21,0.22,0.17,0.2,0.2,0.22,0.21,7,3,11.83,assez_bien,0.9,12.96,5.24,0.0,0.64,0.22,0.17,1,6,0.8,0,0.22,0.6,0.0,0.15,1,0
644,M,algiers,maths,grades_pressure,0,10.54,10.0,10.32,11.24,10.0,10.92,10.75,9.3,8.78,9.16,9.75,8.48,10.07,9.28,9.54,9.69,9.9,9.58,9.24,9.53,9.86,9.69,10.01,27,0.36,12,15,2,3,3,3,practice_based,2,1,0.34,0.36,0.38,0.36,0.34,0.33,0.35,6,4,9.71,echec,0.36,58.92,0.79,0.07,0.39,0.24,0.31,2,12,0.6,0,0.24,0.48,0.0,0.11,0,0
645,M,other,maths,interest,0,12.82,12.29,13.51,13.82,12.19,12.72,12.41,12.14,11.54,12.63,12.42,11.46,12.61,12.04,12.17,12.5,12.0,12.56,12.94,12.34,12.41,12.37,12.76,20,0.72,7,13,0,3,3,3,practice_based,3,1,0.2,0.16,0.14,0.18,0.17,0.15,0.18,8,3,12.44,assez_bien,0.62,27.83,0.53,0.0,0.36,0.31,0.24,0,9,0.6,0,0.31,0.62,0.0,0.15,0,0
646,M,bejaia,maths,parents,0,11.34,11.18,12.19,10.52,12.68,10.95,10.55,10.34,10.95,10.78,9.71,11.35,9.73,10.54,9.51,11.05,11.81,10.97,11.4,11.43,10.07,10.75,10.63,24,0.42,7,17,6,4,2,2,reading_writing,2,2,0.21,0.27,0.24,0.24,0.33,0.29,0.24,6,4,10.94,passable,0.45,43.32,0.41,0.25,0.71,0.6,0.36,2,16,0.4,0,0.6,0.57,0.0,0.16,0,1
647,F,tlemcen,maths,interest,0,10.98,11.25,11.29,11.44,10.32,10.56,11.01,10.23,10.81,10.79,9.92,10.07,9.95,10.01,9.83,10.68,11.03,11.12,9.96,10.42,10.21,10.32,11.35,34,0.49,18,16,2,5,3,2,reading_writing,3,2,0.26,0.26,0.34,0.31,0.32,0.24,0.26,7,3,10.61,passable,0.31,82.7,1.12,0.06,0.45,0.45,0.47,1,9,0.4,0,0.45,0.54,0.0,0.15,0,0
648,M,setif,maths,interest,0,11.06,10.54,10.86,12.84,10.93,11.17,10.0,9.82,9.17,9.13,11.06,10.11,10.24,10.17,9.2,10.25,10.35,10.25,10.25,9.95,11.06,10.5,9.63,21,0.54,14,7,2,5,2,2,auditory,3,1,0.31,0.32,0.32,0.34,0.26,0.36,0.31,6,4,10.14,passable,0.48,36.18,1.97,0.09,0.43,0.37,0.49,2,16,0.4,0,0.37,0.51,0.0,0.23,0,0
649,M,setif,maths,interest,0,11.66,12.49,11.15,13.1,12.15,10.06,11.0,10.97,12.16,10.19,11.49,11.86,9.56,10.71,10.54,11.47,12.0,10.6,12.05,11.54,10.55,11.05,12.08,27,0.41,5,22,4,4,2,2,practice_based,1,3,0.2,0.29,0.2,0.23,0.3,0.19,0.25,5,4,11.56,passable,0.43,51.26,0.23,0.15,0.5,0.66,0.34,3,16,0.4,0,0.66,0.58,0.0,0.15,0,0
650,F,annaba,maths,friends,0,10.91,10.38,12.92,10.63,10.63,10.52,10.39,9.98,9.8,11.25,9.17,10.37,9.95,10.16,9.31,10.47,10.16,11.38,9.96,10.74,10.92,10.83,9.65,22,0.33,9,13,0,3,3,3,auditory,4,1,0.32,0.24,0.34,0.28,0.27,0.36,0.28,5,4,10.28,passable,0.46,38.94,0.69,0.0,0.49,0.52,0.29,3,12,0.6,0,0.52,0.52,0.0,0.13,0,0
651,F,setif,maths,interest,1,10.0,10.0,10.0,10.0,10.0,10.0,10.0,8.22,7.34,8.27,8.61,8.56,8.2,8.38,8.34,8.48,7.66,8.67,8.56,8.57,8.82,8.69,8.61,20,0.33,10,10,2,5,3,2,practice_based,3,2,0.49,0.42,0.43,0.43,0.41,0.43,0.46,7,5,8.45,echec,0.42,38.45,0.99,0.1,0.26,0.41,0.59,1,15,0.4,0,0.41,0.41,0.0,0.25,1,0
652,M,setif,maths,interest,0,10.44,12.13,10.0,10.0,10.0,10.54,10.0,9.07,10.33,7.94,8.43,9.43,9.76,9.59,8.53,9.8,9.83,9.46,9.91,10.36,9.71,10.03,9.51,31,0.48,17,14,8,4,3,2,visual,3,1,0.34,0.37,0.34,0.31,0.35,0.37,0.36,6,3,9.73,echec,0.31,75.07,1.21,0.26,0.73,0.29,0.41,2,9,0.4,0,0.29,0.49,0.0,0.13,0,0
653,M,bejaia,maths,interest,0,11.73,12.84,12.3,11.15,11.52,12.24,10.34,10.98,11.73,10.85,11.0,11.06,11.25,11.16,9.95,11.69,12.27,11.9,11.17,11.65,11.82,11.73,11.36,29,0.34,8,21,0,4,3,2,reading_writing,2,3,0.18,0.21,0.26,0.22,0.21,0.24,0.19,5,4,11.67,passable,0.4,57.9,0.38,0.0,0.72,0.36,0.34,3,12,0.4,0,0.36,0.59,0.0,0.14,0,1
654,M,algiers,maths,parents,0,11.37,10.82,13.31,11.5,10.44,11.98,10.18,10.31,9.75,10.97,10.32,10.32,11.03,10.67,9.5,10.51,9.91,11.25,10.55,10.54,10.65,10.59,10.15,26,0.31,19,7,8,5,3,2,reading_writing,2,1,0.34,0.25,0.3,0.3,0.29,0.32,0.29,7,4,10.38,passable,0.4,52.24,2.68,0.31,0.19,0.43,0.48,1,12,0.4,0,0.43,0.53,0.0,0.19,0,0
655,F,annaba,maths,parents,0,10.24,10.67,10.31,10.0,10.32,10.15,10.0,9.25,9.72,9.29,9.28,9.13,9.77,9.45,8.29,9.64,9.84,9.55,9.71,8.96,10.01,9.48,9.77,21,0.45,7,14,2,4,3,3,reading_writing,1,3,0.34,0.36,0.35,0.4,0.33,0.35,0.35,6,3,9.46,echec,0.45,38.3,0.5,0.09,0.39,0.36,0.42,2,9,0.6,0,0.36,0.49,0.0,0.19,0,0
656,F,tlemcen,maths,interest,0,11.25,12.15,11.93,10.12,11.3,11.21,10.78,10.69,11.23,10.74,10.33,11.12,10.63,10.87,10.1,10.96,11.31,10.98,11.42,10.69,10.92,10.81,10.41,34,0.34,19,15,4,4,2,3,auditory,2,3,0.25,0.27,0.24,0.29,0.27,0.31,0.26,5,3,10.9,passable,0.32,81.02,1.26,0.12,0.26,0.27,0.36,3,12,0.6,0,0.27,0.56,0.0,0.12,0,0
657,F,algiers,maths,grades_pressure,0,10.32,10.36,10.0,10.28,10.31,10.62,10.36,9.81,9.83,9.3,10.01,9.84,10.11,9.97,9.8,10.01,10.13,9.62,9.95,10.12,10.11,10.11,10.15,31,0.33,14,17,2,5,3,3,visual,3,2,0.32,0.36,0.34,0.33,0.33,0.32,0.34,6,4,9.98,echec,0.32,73.63,0.82,0.06,0.2,0.19,0.5,2,12,0.6,0,0.19,0.5,0.0,0.16,0,0
658,F,oran,maths,grades_pressure,0,16.31,16.51,16.49,16.8,16.21,16.54,15.3,15.3,14.41,15.59,15.41,15.53,15.95,15.74,14.91,15.83,15.19,15.79,16.53,15.97,16.07,16.02,15.43,9,0.87,10,0,2,2,5,5,visual,4,4,0.0,0.0,0.0,0.0,0.0,0.0,0.0,8,2,15.92,bien,1.75,4.87,100.0,0.22,0.53,0.44,0.12,0,2,1.0,0,0.44,0.79,0.0,0.22,0,0
659,M,blida,maths,parents,0,10.13,10.0,10.0,10.79,10.0,10.0,10.0,8.27,8.2,7.65,9.34,7.96,8.26,8.11,8.19,8.83,9.15,8.2,8.84,8.99,8.87,8.93,8.91,33,0.5,10,23,4,3,3,2,practice_based,1,3,0.39,0.45,0.41,0.4,0.41,0.41,0.42,6,4,8.63,echec,0.26,91.45,0.43,0.12,0.56,0.33,0.34,2,12,0.4,0,0.33,0.44,0.0,0.09,0,0
660,M,algiers,maths,parents,0,10.14,10.0,10.0,10.33,10.53,10.0,10.0,8.59,8.23,8.13,8.97,9.22,7.85,8.54,9.13,9.02,8.55,8.18,9.32,9.63,8.65,9.14,9.81,25,0.41,5,20,6,4,3,2,reading_writing,2,3,0.43,0.45,0.38,0.36,0.42,0.35,0.44,6,5,9.14,echec,0.36,53.87,0.25,0.24,0.44,0.53,0.43,2,15,0.4,0,0.53,0.43,0.0,0.16,0,0
661,F,annaba,maths,interest,0,11.03,12.26,11.22,10.0,11.6,10.16,10.94,10.17,10.92,11.22,8.78,10.35,9.52,9.94,10.2,10.47,10.75,11.25,9.62,11.06,9.57,10.31,10.59,21,0.32,8,13,6,4,2,2,reading_writing,3,2,0.28,0.25,0.36,0.26,0.36,0.29,0.27,6,5,10.57,passable,0.5,34.93,0.61,0.28,0.31,0.72,0.37,2,20,0.4,0,0.72,0.53,0.0,0.19,0,0
662,M,annaba,maths,interest,0,11.91,12.94,10.01,13.97,11.81,11.38,11.33,11.08,11.26,9.93,12.22,11.31,10.84,11.08,10.92,11.74,12.18,11.18,12.32,11.4,11.79,11.6,11.59,13,0.66,9,4,2,2,3,4,visual,3,3,0.19,0.25,0.18,0.24,0.21,0.23,0.22,7,2,11.9,passable,0.91,12.9,2.2,0.15,0.66,0.44,0.17,1,6,0.8,0,0.44,0.59,0.0,0.15,0,0
663,M,oran,maths,interest,1,16.76,16.82,16.64,16.86,16.05,16.93,17.23,15.97,16.54,15.36,15.92,15.64,16.37,16.01,16.0,16.5,16.76,16.49,16.72,16.37,16.44,16.4,16.19,11,0.8,7,4,2,2,4,4,visual,1,4,0.0,0.0,0.0,0.0,0.0,0.0,0.0,8,2,16.24,tres_bien,1.46,7.04,1.71,0.18,0.52,0.16,0.12,0,4,0.8,0,0.16,0.83,0.0,0.18,1,0
664,M,annaba,maths,academic_guidance,0,10.0,10.0,10.0,10.0,10.0,10.0,10.0,8.9,8.48,8.75,9.24,8.93,9.39,9.16,8.62,9.47,9.63,9.66,10.0,8.87,9.17,9.02,9.48,33,0.32,12,21,8,4,2,2,auditory,2,3,0.36,0.36,0.33,0.41,0.39,0.37,0.36,5,4,9.37,echec,0.28,86.13,0.57,0.24,0.57,0.4,0.42,3,16,0.4,0,0.4,0.49,0.0,0.12,0,0
665,M,tlemcen,maths,interest,0,10.54,10.23,10.09,10.0,10.84,11.41,10.7,9.51,9.04,8.74,8.77,10.11,10.32,10.21,10.08,10.15,9.9,10.31,9.87,10.27,10.15,10.21,10.37,28,0.54,15,13,0,4,2,2,visual,3,1,0.34,0.31,0.34,0.32,0.32,0.31,0.33,5,4,10.16,passable,0.36,60.67,1.15,0.0,0.64,0.18,0.39,3,16,0.4,0,0.18,0.5,0.0,0.14,0,0
666,F,tizi_ouzou,maths,friends,0,12.05,12.62,11.78,12.96,11.86,12.11,10.97,11.26,11.61,10.78,12.4,11.12,10.97,11.04,10.65,11.14,11.68,11.4,11.74,10.73,10.59,10.66,10.69,32,0.49,11,21,2,4,2,3,visual,3,3,0.22,0.24,0.22,0.28,0.29,0.29,0.23,6,5,11.3,passable,0.35,70.81,0.52,0.06,-0.12,0.48,0.35,2,20,0.6,0,0.48,0.58,0.0,0.12,0,1
667,M,tlemcen,maths,interest,0,10.22,10.4,10.06,10.0,10.27,10.58,10.03,9.31,9.1,9.04,8.38,9.7,9.92,9.81,9.72,10.17,10.07,9.27,10.27,10.6,10.6,10.6,10.22,28,0.46,10,18,4,3,3,2,visual,4,5,0.33,0.38,0.32,0.29,0.29,0.32,0.36,6,4,9.93,echec,0.35,61.77,0.55,0.14,0.86,0.49,0.3,2,12,0.4,0,0.49,0.49,0.0,0.11,0,0
668,M,annaba,maths,grades_pressure,0,10.14,10.07,10.0,10.0,10.29,10.0,10.45,9.09,9.17,9.45,8.18,9.2,8.85,9.02,9.68,9.81,9.8,10.29,9.31,10.03,9.37,9.7,10.1,31,0.44,12,19,4,5,3,2,auditory,5,2,0.35,0.31,0.38,0.33,0.38,0.33,0.33,6,3,9.91,echec,0.32,74.05,0.63,0.13,0.73,0.38,0.5,2,9,0.4,0,0.38,0.49,0.0,0.16,0,0
669,F,constantine,maths,grades_pressure,0,11.53,11.78,11.08,11.27,11.16,11.13,12.73,10.57,10.85,9.84,9.65,10.36,10.8,10.58,11.96,10.94,10.68,10.07,11.25,10.79,10.75,10.77,12.1,32,0.34,16,16,6,4,2,3,visual,5,2,0.29,0.33,0.25,0.28,0.28,0.19,0.31,5,4,10.82,passable,0.34,73.19,0.99,0.19,0.37,0.38,0.37,3,16,0.6,0,0.38,0.53,0.0,0.12,0,0
670,F,constantine,maths,grades_pressure,0,10.5,10.47,10.75,11.0,10.04,10.19,10.55,9.59,9.46,9.52,10.5,9.01,9.53,9.27,9.52,10.4,10.32,10.59,10.47,10.39,10.17,10.28,10.45,22,0.55,15,7,4,4,3,2,practice_based,2,2,0.31,0.29,0.3,0.31,0.32,0.3,0.3,6,4,10.31,passable,0.47,38.83,2.11,0.18,0.81,0.14,0.38,2,12,0.4,0,0.14,0.52,0.0,0.18,0,0
671,F,oran,maths,academic_guidance,0,10.58,10.0,10.0,10.47,10.98,10.57,11.44,9.62,8.41,9.53,9.32,9.95,10.01,9.98,10.48,10.17,9.71,9.87,10.44,10.27,10.33,10.3,10.39,20,0.34,8,12,4,3,2,3,auditory,2,4,0.35,0.34,0.3,0.32,0.31,0.31,0.35,5,5,10.19,passable,0.51,32.94,0.66,0.2,0.55,0.28,0.29,3,20,0.6,0,0.28,0.5,0.0,0.15,0,0
672,M,tlemcen,maths,parents,0,10.75,11.52,10.18,10.79,10.0,11.21,10.77,9.89,10.3,9.26,9.99,9.14,10.55,9.84,10.1,10.39,9.89,10.52,10.94,10.06,10.52,10.29,10.43,28,0.32,16,12,0,3,2,2,auditory,2,2,0.34,0.3,0.27,0.33,0.3,0.3,0.32,6,3,10.2,passable,0.36,60.46,1.32,0.0,0.5,0.37,0.29,2,12,0.4,0,0.37,0.52,0.0,0.11,0,0
673,M,blida,maths,friends,0,10.03,10.01,10.16,10.0,10.0,10.0,10.0,8.79,9.01,8.53,8.35,9.31,8.89,9.1,8.63,9.16,8.77,9.4,8.72,9.75,9.47,9.61,8.86,27,0.52,16,11,8,3,3,3,visual,2,3,0.42,0.37,0.42,0.35,0.37,0.41,0.39,6,3,9.44,echec,0.35,60.21,1.44,0.3,0.38,0.41,0.31,2,9,0.6,0,0.41,0.45,0.0,0.11,0,0
674,M,blida,maths,grades_pressure,1,10.18,10.0,10.1,10.0,10.0,11.01,10.0,9.21,8.5,9.49,9.38,8.55,10.09,9.32,9.23,9.66,9.11,9.77,9.9,9.26,10.26,9.76,9.65,29,0.47,9,20,0,4,3,3,auditory,3,4,0.39,0.35,0.34,0.38,0.32,0.36,0.37,7,3,9.69,passable,0.33,66.97,0.45,0.0,0.45,0.42,0.41,1,9,0.6,0,0.42,0.48,0.0,0.14,1,0
675,M,constantine,maths,interest,0,10.39,11.42,10.0,10.13,10.76,10.0,10.0,9.37,10.4,8.51,9.48,9.96,8.1,9.03,9.77,9.69,10.07,9.36,9.78,10.02,8.91,9.47,9.98,18,0.38,14,4,2,4,3,3,auditory,2,1,0.33,0.38,0.35,0.33,0.41,0.33,0.35,6,4,9.85,echec,0.54,27.94,3.41,0.11,0.31,0.44,0.4,2,12,0.6,0,0.44,0.49,0.0,0.22,0,0
676,F,annaba,maths,interest,0,10.4,10.0,10.86,10.0,10.0,11.39,10.15,9.43,8.53,9.92,9.43,9.24,10.34,9.79,9.14,9.93,9.75,10.02,10.71,9.7,9.77,9.73,9.62,30,0.31,16,14,2,4,2,3,auditory,4,2,0.35,0.33,0.29,0.35,0.35,0.36,0.34,5,5,10.12,passable,0.34,68.77,1.13,0.07,0.49,0.38,0.39,3,20,0.6,0,0.38,0.51,0.0,0.13,0,0
677,M,bejaia,maths,academic_guidance,0,11.78,12.4,11.9,10.97,11.91,11.71,11.82,10.83,10.49,10.78,9.94,11.58,11.11,11.35,11.05,11.15,10.68,11.63,9.94,12.22,11.39,11.81,11.06,21,0.34,19,2,0,5,3,2,auditory,4,3,0.29,0.22,0.34,0.19,0.24,0.26,0.26,7,4,10.97,passable,0.52,33.88,9.05,0.0,0.33,0.79,0.45,1,12,0.4,0,0.79,0.54,0.0,0.23,0,1
678,M,blida,maths,grades_pressure,1,10.1,10.57,10.0,10.0,10.0,10.0,10.0,8.72,8.96,9.14,8.33,9.08,8.24,8.66,8.6,9.14,8.92,9.29,8.29,9.68,9.15,9.41,9.52,25,0.53,19,6,2,5,3,3,practice_based,2,2,0.41,0.38,0.45,0.35,0.39,0.37,0.39,5,5,8.83,echec,0.35,55.33,3.11,0.08,0.42,0.46,0.56,3,15,0.6,0,0.46,0.44,0.0,0.2,1,0
679,F,bejaia,maths,interest,0,11.8,11.68,11.96,10.89,12.67,12.09,11.52,10.73,10.45,10.17,10.04,11.5,11.19,11.35,10.99,11.2,11.44,10.6,11.12,11.29,11.24,11.27,11.51,21,0.42,5,16,0,4,3,2,practice_based,3,3,0.24,0.29,0.26,0.25,0.25,0.23,0.27,6,3,11.45,passable,0.54,32.67,0.31,0.0,0.48,0.29,0.35,2,9,0.4,0,0.29,0.55,0.0,0.19,0,1
680,F,tlemcen,maths,parents,0,10.54,11.64,10.14,10.7,10.0,10.77,10.0,9.41,9.78,9.51,9.5,8.93,9.96,9.44,8.77,9.64,9.8,9.6,9.89,8.87,10.27,9.57,9.4,31,0.54,7,24,6,4,2,2,practice_based,3,3,0.35,0.36,0.34,0.41,0.32,0.37,0.35,6,4,9.74,echec,0.31,75.04,0.29,0.19,0.23,0.46,0.41,2,16,0.4,0,0.46,0.49,0.0,0.13,0,0
681,F,bejaia,maths,grades_pressure,0,10.99,12.39,10.39,10.85,10.66,10.52,11.11,10.31,10.98,9.46,10.08,10.29,10.16,10.23,10.89,10.78,10.96,10.92,10.46,10.41,10.68,10.54,11.25,29,0.4,14,15,0,4,2,2,practice_based,2,3,0.27,0.27,0.3,0.31,0.29,0.25,0.27,5,4,10.63,echec,0.37,62.3,0.93,0.0,0.47,0.23,0.37,3,16,0.4,0,0.23,0.54,0.0,0.14,0,1
682,M,bejaia,maths,academic_guidance,0,10.39,10.88,10.0,10.0,10.25,10.75,10.48,9.49,9.92,8.63,8.52,9.65,10.11,9.88,10.11,10.05,10.51,9.29,9.75,9.82,10.6,10.21,10.36,34,0.53,5,29,8,4,3,3,visual,4,4,0.3,0.38,0.35,0.35,0.29,0.31,0.34,6,3,10.1,echec,0.3,85.83,0.17,0.23,0.56,0.49,0.39,2,9,0.6,0,0.49,0.49,0.0,0.12,0,1
683,F,annaba,maths,interest,0,10.43,10.36,10.47,11.07,10.0,10.0,10.65,9.51,10.48,9.51,9.08,9.12,8.88,9.0,10.0,9.86,10.47,9.92,9.84,9.28,9.57,9.42,10.11,27,0.34,5,22,6,4,2,2,auditory,1,3,0.3,0.34,0.34,0.38,0.36,0.33,0.32,6,4,9.81,echec,0.36,58.45,0.23,0.22,0.35,0.4,0.4,2,16,0.4,0,0.4,0.5,0.0,0.15,0,0
684,F,setif,maths,grades_pressure,0,10.0,10.0,10.0,10.0,10.0,10.0,10.0,7.89,7.93,6.57,8.29,8.36,8.11,8.24,8.09,8.73,8.54,8.21,8.9,8.4,9.05,8.73,9.26,31,0.34,7,24,6,5,2,3,auditory,1,3,0.43,0.45,0.41,0.44,0.4,0.38,0.44,7,4,8.91,echec,0.29,80.24,0.29,0.19,0.83,0.31,0.56,1,16,0.6,0,0.31,0.43,0.0,0.16,0,0
685,M,tlemcen,maths,friends,0,10.27,10.0,10.48,10.43,10.71,10.0,10.0,8.82,8.61,9.12,8.58,9.53,8.85,9.19,8.2,9.53,9.02,9.99,10.15,9.7,9.34,9.52,8.99,32,0.38,10,22,6,5,2,2,visual,3,3,0.4,0.33,0.32,0.35,0.38,0.4,0.37,6,4,9.31,echec,0.29,82.04,0.45,0.19,0.72,0.41,0.53,2,16,0.4,0,0.41,0.49,0.0,0.15,0,0
686,F,blida,maths,interest,0,10.98,10.0,11.98,11.02,11.04,10.43,11.38,10.18,8.44,10.88,10.49,10.15,10.35,10.25,10.77,10.71,9.15,11.15,10.29,10.85,11.3,11.08,11.5,18,0.53,15,3,8,4,3,2,auditory,3,4,0.39,0.26,0.31,0.28,0.25,0.23,0.32,6,3,10.77,passable,0.6,25.89,4.84,0.44,0.53,0.78,0.37,2,9,0.4,0,0.78,0.51,0.0,0.22,0,0
687,M,oran,maths,interest,0,10.31,10.0,10.12,10.52,10.2,11.01,10.0,9.47,8.73,9.21,9.52,9.72,9.92,9.82,9.7,9.61,9.8,9.59,9.66,9.23,9.62,9.43,9.76,27,0.5,10,17,8,3,3,3,reading_writing,5,1,0.35,0.36,0.36,0.38,0.36,0.35,0.35,7,4,9.61,echec,0.35,59.41,0.58,0.3,0.14,0.19,0.31,1,12,0.6,0,0.19,0.48,0.0,0.11,0,0
688,M,tizi_ouzou,maths,parents,0,19.47,19.5,19.5,19.35,19.5,19.5,19.5,19.26,19.08,19.5,18.95,19.35,19.5,19.42,19.16,19.4,19.5,19.32,19.5,19.15,19.44,19.3,19.5,10,0.76,7,3,4,2,4,5,practice_based,5,3,0.0,0.0,0.0,0.0,0.0,0.0,0.0,8,2,19.5,excellent,1.93,4.92,2.26,0.4,0.15,0.13,0.1,0,4,1.0,0,0.13,0.97,0.0,0.2,0,1
689,F,tizi_ouzou,maths,interest,0,11.57,11.45,10.94,12.27,12.52,11.23,11.03,10.65,10.35,10.83,10.77,11.54,10.17,10.85,10.25,11.17,10.72,11.58,11.08,11.28,10.92,11.1,11.43,34,0.32,8,26,6,5,3,3,reading_writing,3,3,0.29,0.23,0.26,0.25,0.27,0.24,0.26,6,4,10.92,passable,0.32,80.88,0.31,0.18,0.52,0.29,0.45,2,12,0.6,0,0.29,0.56,0.0,0.15,0,1
690,F,blida,maths,friends,0,10.44,10.87,10.52,10.29,10.79,10.0,10.14,9.76,9.49,10.14,10.19,9.6,8.92,9.26,10.22,10.07,9.98,9.79,11.14,9.85,9.58,9.72,10.07,34,0.5,19,15,0,4,2,2,reading_writing,2,3,0.33,0.35,0.26,0.34,0.36,0.33,0.34,7,4,9.7,echec,0.28,88.41,1.26,0.0,0.31,0.55,0.41,1,16,0.4,0,0.55,0.52,0.0,0.12,0,0
691,M,algiers,maths,grades_pressure,0,12.2,12.6,13.48,12.38,11.95,11.63,11.15,11.29,11.25,12.05,10.7,11.53,11.16,11.35,11.03,11.47,11.23,12.18,11.2,11.54,11.26,11.4,11.41,19,0.48,7,12,0,4,3,2,visual,2,3,0.25,0.19,0.25,0.23,0.25,0.24,0.22,6,3,11.25,passable,0.59,27.57,0.58,0.0,0.18,0.37,0.35,2,9,0.4,0,0.37,0.58,0.0,0.21,0,0
692,F,tlemcen,maths,academic_guidance,0,10.67,12.31,11.0,10.01,10.0,10.69,10.0,9.6,10.53,9.44,9.2,9.43,10.4,9.91,8.58,9.93,10.29,9.47,9.79,10.12,10.43,10.27,9.48,30,0.54,14,16,8,4,2,2,practice_based,1,1,0.31,0.37,0.35,0.33,0.3,0.37,0.34,6,3,9.83,echec,0.33,70.3,0.87,0.27,0.33,0.35,0.4,2,12,0.4,0,0.35,0.49,0.0,0.13,0,0
693,F,annaba,maths,interest,0,12.3,12.34,11.72,13.11,12.93,12.08,11.6,11.25,11.15,10.96,11.9,11.55,11.01,11.28,10.95,11.36,11.39,11.51,11.38,11.84,10.78,11.31,11.29,25,0.38,12,13,4,4,3,2,practice_based,2,1,0.24,0.23,0.24,0.21,0.28,0.25,0.24,6,4,11.19,passable,0.45,45.79,0.92,0.16,0.11,0.34,0.35,2,12,0.4,0,0.34,0.57,0.0,0.16,0,0
694,F,constantine,maths,grades_pressure,0,11.16,12.19,11.84,11.97,10.0,10.0,10.95,9.83,10.69,10.54,9.85,8.69,8.79,8.74,10.42,10.19,10.45,11.4,9.66,9.79,9.76,9.78,10.11,19,0.35,10,9,4,4,3,2,reading_writing,1,3,0.3,0.24,0.36,0.35,0.35,0.33,0.27,6,4,10.22,passable,0.54,29.91,1.1,0.21,0.36,0.66,0.39,2,12,0.4,0,0.66,0.53,0.0,0.21,0,0
695,F,oran,maths,friends,0,10.94,10.97,11.36,10.0,12.15,10.82,10.34,10.07,10.03,10.56,9.13,11.18,9.97,10.57,9.56,10.45,10.26,11.04,9.8,11.32,10.36,10.84,9.92,27,0.53,15,12,4,3,3,3,reading_writing,2,2,0.32,0.26,0.35,0.25,0.31,0.34,0.29,5,4,10.43,passable,0.38,55.69,1.24,0.15,0.38,0.55,0.28,3,12,0.6,0,0.55,0.52,0.0,0.11,0,0
696,M,blida,maths,grades_pressure,0,10.04,10.0,10.0,10.0,10.22,10.0,10.0,8.82,8.96,8.45,8.65,9.29,8.96,9.12,8.62,9.41,9.89,9.42,9.4,9.04,9.64,9.34,9.05,31,0.41,18,13,2,4,2,3,visual,3,1,0.34,0.37,0.37,0.4,0.36,0.4,0.36,6,4,9.73,echec,0.31,75.07,1.37,0.06,0.59,0.28,0.41,2,16,0.6,0,0.28,0.48,0.0,0.13,0,0
697,M,blida,maths,parents,1,10.21,10.17,10.0,10.0,10.81,10.0,10.31,8.84,8.65,8.6,7.02,10.03,9.39,9.71,9.37,9.22,9.69,9.14,7.74,9.76,9.26,9.51,9.75,32,0.48,10,22,0,4,3,3,auditory,2,3,0.35,0.39,0.48,0.35,0.38,0.35,0.37,6,4,8.96,echec,0.28,84.38,0.45,0.0,0.38,0.73,0.44,2,12,0.6,0,0.73,0.44,0.0,0.12,1,0
698,M,tizi_ouzou,maths,academic_guidance,0,10.87,11.11,11.27,10.94,11.42,10.46,10.0,9.84,9.24,10.12,10.0,10.01,9.71,9.86,9.97,10.5,10.26,11.02,11.17,10.31,10.16,10.23,10.06,24,0.51,19,5,4,3,2,3,auditory,3,2,0.32,0.27,0.26,0.31,0.32,0.33,0.29,6,4,10.37,echec,0.43,45.26,3.73,0.17,0.65,0.42,0.29,2,16,0.6,0,0.42,0.54,0.0,0.12,0,1
699,F,annaba,maths,interest,0,10.72,10.0,10.75,10.36,10.67,11.46,11.11,9.81,8.95,9.91,9.72,9.43,10.4,9.91,10.45,10.07,9.46,10.55,9.99,9.74,10.01,9.87,10.69,29,0.55,15,14,4,4,2,2,visual,3,4,0.37,0.3,0.33,0.35,0.33,0.29,0.33,7,4,10.19,passable,0.35,64.43,1.06,0.14,0.26,0.36,0.39,1,16,0.4,0,0.36,0.5,0.0,0.14,0,0
700,F,constantine,maths,parents,0,10.27,10.14,10.2,10.0,10.0,10.22,11.04,9.48,9.1,9.36,9.5,9.19,9.48,9.33,10.27,9.77,9.55,10.32,9.46,9.58,9.43,9.51,10.27,21,0.39,17,4,0,5,2,2,auditory,3,3,0.36,0.31,0.37,0.36,0.37,0.32,0.34,5,5,9.93,echec,0.47,36.79,4.15,0.0,0.29,0.33,0.5,3,20,0.4,0,0.33,0.49,0.0,0.23,0,0
701,F,annaba,maths,friends,0,10.57,10.92,10.68,10.0,11.07,10.73,10.0,9.82,10.2,10.47,9.2,10.04,9.85,9.95,9.12,10.15,9.97,10.49,10.3,10.28,10.15,10.21,9.71,20,0.4,9,11,4,3,2,2,auditory,1,2,0.34,0.3,0.31,0.31,0.32,0.35,0.32,6,4,10.08,passable,0.5,33.26,0.81,0.2,0.34,0.17,0.29,2,16,0.4,0,0.17,0.51,0.0,0.15,0,0
702,F,algiers,maths,interest,0,10.31,10.0,10.97,10.92,10.0,10.0,10.0,9.13,8.84,9.45,9.74,9.14,9.45,9.29,8.15,9.74,9.55,10.05,10.17,9.76,9.97,9.86,8.96,30,0.51,18,12,2,4,3,3,practice_based,2,1,0.36,0.33,0.32,0.35,0.34,0.4,0.35,6,3,9.96,echec,0.33,69.63,1.49,0.07,0.62,0.22,0.4,2,9,0.6,0,0.22,0.5,0.0,0.13,0,0
703,M,annaba,maths,academic_guidance,0,10.15,10.0,10.56,10.32,10.0,10.0,10.0,8.85,8.11,9.6,8.59,8.82,9.4,9.11,8.57,9.31,8.68,9.44,9.21,9.37,9.65,9.51,9.52,30,0.44,7,23,6,4,3,3,reading_writing,4,1,0.42,0.37,0.39,0.38,0.36,0.37,0.4,7,3,9.76,echec,0.32,70.7,0.3,0.2,0.46,0.33,0.41,1,9,0.6,0,0.33,0.46,0.0,0.13,0,0
704,M,other,maths,interest,1,10.68,12.01,10.9,10.1,10.0,10.46,10.58,9.79,10.94,9.98,9.15,8.76,9.98,9.37,9.92,10.11,10.49,10.16,10.09,9.89,9.67,9.78,10.39,19,0.53,18,1,0,4,2,2,practice_based,2,2,0.3,0.32,0.33,0.34,0.36,0.31,0.31,5,3,9.97,passable,0.52,30.55,16.36,0.0,0.33,0.28,0.4,3,12,0.4,0,0.28,0.51,0.0,0.21,1,0
705,M,bejaia,maths,interest,0,13.36,13.03,12.91,13.33,12.46,14.81,13.62,12.47,11.68,11.64,12.72,12.42,13.89,13.15,12.45,12.75,12.45,12.16,12.35,12.99,13.48,13.23,13.07,15,0.58,6,9,2,2,4,3,practice_based,2,4,0.17,0.19,0.18,0.13,0.1,0.13,0.18,7,4,12.94,assez_bien,0.86,15.67,0.66,0.13,0.28,0.48,0.15,1,8,0.6,0,0.48,0.62,0.0,0.13,0,1
706,F,annaba,maths,friends,0,13.23,14.35,13.5,13.15,12.99,12.68,12.7,12.34,12.79,12.43,12.35,12.6,11.69,12.15,12.14,13.0,13.34,13.87,12.81,12.78,12.65,12.71,12.54,13,0.72,15,0,2,3,3,4,auditory,2,3,0.11,0.08,0.15,0.15,0.16,0.16,0.09,7,2,12.8,assez_bien,0.98,12.07,150.0,0.15,0.66,0.46,0.23,1,6,0.8,0,0.46,0.67,0.0,0.23,0,0
707,F,bejaia,maths,friends,0,17.17,16.93,17.35,17.33,17.4,16.88,17.11,16.44,15.61,16.49,17.18,16.85,16.2,16.53,16.29,16.91,16.79,16.72,17.46,17.46,16.37,16.92,16.68,11,0.91,5,6,0,2,5,5,auditory,4,1,0.0,0.0,0.0,0.0,0.0,0.0,0.0,8,3,16.68,bien,1.5,6.86,0.82,0.0,0.48,0.43,0.12,0,3,1.0,0,0.43,0.85,0.0,0.18,0,1
708,M,annaba,maths,grades_pressure,0,10.63,11.52,10.78,10.67,10.12,10.0,10.7,9.68,10.56,9.31,9.86,9.49,9.19,9.34,9.67,10.1,10.22,9.97,10.4,9.52,10.73,10.13,9.76,30,0.38,13,17,8,3,3,2,practice_based,4,4,0.32,0.34,0.31,0.37,0.28,0.35,0.33,5,4,10.38,passable,0.34,67.43,0.76,0.27,0.42,0.41,0.29,3,12,0.4,0,0.41,0.51,0.0,0.1,0,0
709,M,tlemcen,maths,academic_guidance,0,10.8,11.72,10.37,10.08,10.91,11.13,10.56,9.53,9.59,8.86,8.81,9.67,10.33,10.0,9.89,10.16,10.49,10.22,9.99,10.18,10.15,10.16,9.93,28,0.51,16,12,0,3,2,3,practice_based,2,4,0.3,0.32,0.33,0.32,0.32,0.34,0.31,6,3,10.0,echec,0.36,61.42,1.32,0.0,0.63,0.16,0.3,2,12,0.6,0,0.16,0.51,0.0,0.11,0,0
710,M,tlemcen,maths,interest,0,14.18,13.33,14.87,15.09,13.45,13.71,14.65,13.64,12.26,14.64,14.57,12.89,13.49,13.19,14.01,14.24,13.52,15.27,15.25,13.63,14.17,13.9,13.63,19,0.66,17,2,6,3,3,3,practice_based,3,3,0.1,0.0,0.0,0.09,0.06,0.09,0.05,6,4,14.54,bien,0.76,22.06,8.1,0.31,0.6,0.76,0.2,2,12,0.6,0,0.76,0.73,0.0,0.16,0,0
711,M,algiers,maths,parents,0,10.99,10.84,11.22,10.12,10.66,11.56,11.57,10.15,9.95,10.49,9.4,9.83,10.94,10.38,10.27,10.71,10.83,10.17,10.51,10.36,11.61,10.99,10.77,21,0.43,10,11,6,4,3,3,practice_based,1,4,0.28,0.32,0.3,0.31,0.23,0.28,0.3,6,3,10.56,passable,0.5,34.97,0.9,0.28,0.56,0.51,0.38,2,9,0.6,0,0.51,0.53,0.0,0.19,0,0
712,F,blida,maths,academic_guidance,0,11.31,12.85,10.5,12.29,10.69,11.53,10.0,10.39,11.48,10.24,11.63,9.51,10.53,10.02,8.95,10.77,11.59,10.25,11.05,10.0,11.23,10.61,10.52,24,0.31,9,15,2,4,2,3,auditory,2,4,0.23,0.32,0.26,0.33,0.25,0.3,0.27,5,4,10.66,passable,0.44,44.25,0.6,0.08,0.38,0.6,0.37,3,16,0.6,0,0.6,0.55,0.0,0.16,0,0
713,M,tlemcen,maths,academic_guidance,1,10.0,10.0,10.0,10.0,10.0,10.0,10.0,8.16,7.87,8.66,7.96,7.4,8.45,7.92,8.62,8.46,8.04,9.02,7.81,8.25,8.73,8.49,8.89,33,0.4,5,28,8,4,3,2,practice_based,2,1,0.46,0.4,0.48,0.45,0.42,0.41,0.43,6,4,8.48,echec,0.26,92.67,0.18,0.24,0.3,0.45,0.47,2,12,0.4,0,0.45,0.41,0.0,0.12,1,0
714,F,tizi_ouzou,maths,interest,0,10.34,10.59,10.0,10.99,10.12,10.08,10.25,9.79,10.01,9.73,10.04,9.88,9.39,9.63,9.72,10.48,11.0,10.66,10.73,10.48,10.27,10.38,9.72,18,0.34,10,8,2,5,3,3,auditory,3,2,0.27,0.29,0.28,0.3,0.32,0.35,0.28,5,5,10.22,echec,0.56,27.08,1.23,0.11,0.69,0.24,0.48,3,15,0.6,0,0.24,0.54,0.0,0.27,0,1
715,M,oran,maths,interest,0,10.82,10.61,11.64,10.26,11.44,10.0,10.96,9.5,9.18,9.87,8.87,10.44,8.73,9.59,9.91,10.12,9.92,10.7,10.22,10.15,9.56,9.85,10.18,19,0.36,14,5,6,3,2,2,visual,3,2,0.34,0.29,0.32,0.32,0.36,0.32,0.31,5,4,10.07,passable,0.53,30.3,2.75,0.31,0.62,0.37,0.3,3,16,0.4,0,0.37,0.51,0.0,0.16,0,0
716,M,constantine,maths,interest,0,16.52,15.32,16.06,17.67,17.84,16.8,15.41,15.6,14.87,14.87,16.12,17.01,15.72,16.37,15.0,16.24,15.65,16.22,16.49,16.58,16.6,16.59,15.91,14,0.93,19,0,4,2,5,5,practice_based,4,3,0.0,0.0,0.0,0.0,0.0,0.0,0.0,8,1,16.3,tres_bien,1.16,11.14,190.0,0.28,0.64,0.36,0.12,0,1,1.0,0,0.36,0.81,0.0,0.14,0,0
717,F,constantine,maths,friends,0,10.07,10.44,10.0,10.0,10.0,10.0,10.0,8.53,9.0,7.77,8.15,8.89,8.42,8.66,8.96,9.15,8.95,8.82,9.32,9.28,9.43,9.36,9.1,34,0.51,7,27,4,3,3,3,auditory,2,1,0.4,0.41,0.38,0.38,0.37,0.39,0.41,7,4,9.33,echec,0.27,90.99,0.26,0.12,0.62,0.23,0.32,1,12,0.6,0,0.23,0.45,0.0,0.09,0,0
718,F,algiers,maths,parents,0,10.04,10.0,10.24,10.0,10.0,10.0,10.0,8.07,8.79,8.67,8.41,7.74,7.29,7.51,7.54,9.05,9.5,9.1,9.24,9.14,8.4,8.77,8.92,32,0.32,13,19,6,5,3,2,visual,1,2,0.37,0.39,0.38,0.39,0.44,0.41,0.38,6,4,9.07,echec,0.28,83.66,0.68,0.19,0.98,0.37,0.55,2,12,0.4,0,0.37,0.46,0.0,0.15,0,0
719,F,tizi_ouzou,maths,parents,0,10.74,10.16,11.76,11.33,10.23,10.97,10.0,9.94,9.86,10.29,10.41,9.58,9.99,9.79,9.51,10.39,10.65,10.71,10.6,9.9,10.54,10.22,9.91,21,0.32,19,2,0,5,2,2,practice_based,3,1,0.29,0.29,0.29,0.34,0.3,0.34,0.29,5,4,10.23,echec,0.48,35.9,9.05,0.0,0.45,0.29,0.48,3,16,0.4,0,0.29,0.53,0.0,0.23,0,1
720,M,constantine,maths,grades_pressure,0,14.32,14.88,14.39,13.58,14.57,13.6,14.89,13.61,13.42,13.24,13.15,13.72,13.85,13.79,14.26,13.91,13.59,13.75,13.95,14.04,14.31,14.17,13.83,13,0.74,9,4,0,3,4,4,auditory,2,4,0.09,0.08,0.07,0.06,0.05,0.08,0.09,7,4,14.19,bien,1.08,10.99,2.2,0.0,0.31,0.25,0.21,1,8,0.8,0,0.25,0.69,0.0,0.23,0,0
721,F,setif,maths,friends,0,11.3,11.13,11.62,11.18,10.82,12.62,10.44,10.49,9.99,10.59,10.8,10.53,11.39,10.96,9.64,10.86,11.05,10.72,10.97,10.56,11.31,10.93,10.55,18,0.35,15,3,0,3,3,2,reading_writing,4,3,0.26,0.29,0.27,0.3,0.25,0.3,0.27,5,5,10.78,passable,0.6,25.88,4.84,0.0,0.37,0.26,0.28,3,15,0.4,0,0.26,0.55,0.0,0.16,0,0
722,F,annaba,maths,interest,0,10.22,10.0,10.47,10.0,10.06,10.4,10.37,9.3,8.65,9.06,8.67,9.41,10.44,9.92,9.59,9.56,9.14,9.51,9.64,9.35,9.75,9.55,9.96,26,0.44,14,12,0,4,2,2,visual,3,2,0.39,0.37,0.36,0.38,0.35,0.34,0.38,5,5,9.77,echec,0.37,54.81,1.16,0.0,0.25,0.22,0.41,3,20,0.4,0,0.22,0.47,0.0,0.15,0,0
723,F,algiers,maths,interest,0,10.0,10.0,10.0,10.0,10.0,10.0,10.0,8.02,8.81,7.92,7.78,7.98,8.33,8.16,7.3,8.37,8.64,8.56,8.1,8.7,8.21,8.45,8.03,21,0.5,6,15,8,4,2,3,practice_based,3,1,0.42,0.43,0.46,0.42,0.45,0.46,0.43,6,4,8.26,echec,0.39,42.73,0.4,0.38,0.35,0.24,0.48,2,16,0.6,0,0.24,0.42,0.0,0.19,0,0
724,F,oran,maths,grades_pressure,0,11.24,11.25,12.29,12.57,11.13,10.0,10.21,10.51,10.95,11.02,11.32,10.51,9.21,9.86,10.06,10.87,11.23,11.09,11.5,10.67,9.96,10.31,10.75,21,0.54,18,3,0,4,2,3,visual,3,5,0.25,0.26,0.23,0.29,0.34,0.28,0.26,6,4,10.91,passable,0.52,34.03,5.81,0.0,0.36,0.54,0.36,2,16,0.6,0,0.54,0.56,0.0,0.19,0,0
725,M,oran,maths,parents,0,11.33,13.06,10.0,12.03,10.0,11.78,11.13,10.25,11.83,9.19,10.59,8.92,10.42,9.67,10.55,10.82,12.29,10.24,10.89,9.94,11.0,10.47,10.56,28,0.48,12,16,4,4,2,3,auditory,2,3,0.18,0.32,0.27,0.34,0.27,0.3,0.25,7,5,10.77,passable,0.38,57.92,0.75,0.14,0.56,0.81,0.37,1,20,0.6,0,0.81,0.56,0.0,0.14,0,0
726,M,other,maths,parents,0,10.29,10.0,10.0,10.0,10.03,10.58,11.12,9.69,8.63,9.21,9.37,9.95,10.22,10.08,10.75,10.11,9.75,9.96,9.67,10.47,10.2,10.34,10.59,25,0.31,12,13,8,5,2,2,auditory,2,3,0.35,0.34,0.36,0.3,0.32,0.29,0.34,5,3,10.07,passable,0.4,49.88,0.92,0.32,0.42,0.3,0.49,3,12,0.4,0,0.3,0.49,0.0,0.2,0,0
727,F,oran,maths,parents,0,10.52,10.65,11.51,10.0,10.96,10.0,10.0,9.83,10.12,10.38,9.2,10.62,9.25,9.94,9.4,10.05,10.49,10.27,9.68,10.26,9.74,10.0,9.88,26,0.47,16,10,2,4,3,2,reading_writing,4,2,0.3,0.32,0.35,0.32,0.35,0.34,0.31,5,5,10.13,passable,0.39,53.25,1.58,0.08,0.22,0.32,0.39,3,15,0.4,0,0.32,0.51,0.0,0.15,0,0
728,M,oran,maths,interest,0,10.36,10.34,10.43,10.0,11.05,10.31,10.0,9.65,9.61,9.99,9.26,10.13,9.76,9.95,9.16,9.83,10.3,9.69,9.32,9.8,9.84,9.82,10.05,27,0.53,11,16,0,4,3,3,reading_writing,1,3,0.31,0.35,0.38,0.35,0.34,0.33,0.33,6,3,10.1,passable,0.37,57.12,0.68,0.0,0.18,0.31,0.39,2,9,0.6,0,0.31,0.49,0.0,0.15,0,0
729,M,bejaia,maths,parents,0,10.63,10.0,10.43,10.0,10.97,11.23,11.18,9.67,9.18,9.82,8.84,9.83,10.04,9.94,10.29,10.44,10.22,10.57,9.53,11.11,10.48,10.8,10.71,33,0.42,7,26,2,4,2,3,visual,2,4,0.32,0.3,0.36,0.26,0.3,0.29,0.31,7,4,10.58,echec,0.32,78.62,0.27,0.06,0.77,0.52,0.37,1,16,0.6,0,0.52,0.51,0.0,0.12,0,1
730,M,setif,maths,academic_guidance,1,16.81,16.7,17.4,16.07,16.84,16.97,16.89,15.85,15.6,16.09,15.27,16.02,16.41,16.22,15.72,16.26,15.97,16.47,16.05,16.01,16.64,16.32,16.43,8,0.81,14,0,4,1,4,5,reading_writing,5,5,0.0,0.0,0.0,0.0,0.0,0.0,0.0,8,2,16.04,tres_bien,1.98,3.85,140.0,0.49,0.41,0.27,0.06,0,4,1.0,0,0.27,0.81,0.0,0.12,1,0
731,M,algiers,maths,interest,0,10.35,10.73,10.21,10.09,10.57,10.0,10.48,9.32,9.32,8.32,9.04,9.84,9.46,9.65,9.96,10.05,9.96,10.07,9.95,10.1,9.87,9.99,10.36,29,0.36,13,16,6,3,2,2,practice_based,4,5,0.34,0.33,0.34,0.33,0.34,0.31,0.33,7,5,10.21,passable,0.35,64.32,0.81,0.21,0.73,0.08,0.29,1,20,0.4,0,0.08,0.5,0.0,0.1,0,0
732,F,annaba,maths,interest,0,10.36,10.79,10.25,10.0,10.98,10.04,10.09,9.43,9.68,9.64,8.21,10.8,8.93,9.87,9.29,9.88,9.31,10.4,9.71,10.56,9.81,10.19,9.49,29,0.36,9,20,8,5,3,2,reading_writing,2,2,0.38,0.31,0.35,0.3,0.35,0.37,0.34,5,3,9.67,echec,0.33,67.06,0.45,0.27,0.46,0.46,0.51,3,9,0.4,0,0.46,0.49,0.0,0.17,0,0
733,F,tlemcen,maths,parents,0,11.4,11.3,11.11,11.86,10.79,12.04,11.28,10.44,10.47,9.71,10.55,10.41,11.24,10.83,10.26,10.6,10.69,10.45,10.6,10.57,11.1,10.84,10.18,23,0.37,15,8,4,3,2,3,visual,2,2,0.29,0.3,0.29,0.3,0.26,0.32,0.3,6,4,10.61,passable,0.46,41.11,1.85,0.17,0.16,0.22,0.28,2,16,0.6,0,0.22,0.53,0.0,0.13,0,0
734,F,annaba,maths,parents,0,10.25,10.17,10.88,10.01,10.0,10.0,10.45,9.0,8.79,9.91,8.54,9.35,8.28,8.81,9.15,9.51,9.29,10.23,9.81,10.03,8.34,9.19,9.38,32,0.52,14,18,4,3,3,3,practice_based,3,1,0.38,0.32,0.35,0.33,0.44,0.37,0.35,7,4,9.34,echec,0.29,81.85,0.77,0.12,0.51,0.68,0.32,1,12,0.6,0,0.68,0.49,0.0,0.09,0,0
735,M,other,maths,interest,0,10.93,12.33,11.08,11.57,10.0,10.63,10.0,10.03,11.0,11.11,9.88,8.65,10.0,9.32,9.53,10.71,11.21,11.2,10.74,10.22,10.35,10.29,10.54,24,0.37,9,15,8,3,3,3,practice_based,2,4,0.25,0.25,0.28,0.32,0.31,0.3,0.25,5,5,10.57,passable,0.44,44.57,0.6,0.33,0.68,0.41,0.28,3,15,0.6,0,0.41,0.55,0.0,0.12,0,0
736,M,setif,maths,parents,0,11.88,11.02,11.75,13.3,12.01,10.83,12.36,11.16,10.93,10.92,11.66,11.51,10.09,10.8,11.85,11.66,11.68,11.56,12.23,11.9,10.86,11.38,11.75,25,0.53,9,16,8,4,2,3,practice_based,2,2,0.22,0.23,0.18,0.21,0.28,0.22,0.23,5,4,11.67,passable,0.46,44.27,0.56,0.32,0.5,0.46,0.34,3,16,0.6,0,0.46,0.59,0.0,0.16,0,0
737,F,constantine,maths,parents,0,10.7,11.24,10.9,10.07,10.65,11.33,10.0,9.73,9.56,9.48,9.47,9.8,10.27,10.03,9.79,10.29,10.05,10.25,10.59,10.56,10.5,10.53,9.77,33,0.32,8,25,0,5,2,3,reading_writing,3,1,0.33,0.32,0.29,0.3,0.3,0.35,0.32,6,4,10.28,passable,0.31,80.38,0.32,0.0,0.56,0.21,0.48,2,16,0.6,0,0.21,0.51,0.0,0.15,0,0
738,F,bejaia,maths,parents,1,11.06,11.53,11.97,10.17,11.42,10.49,10.76,10.35,9.92,11.31,9.26,11.19,10.55,10.87,9.88,10.59,9.62,11.15,9.9,11.29,10.67,10.98,10.91,22,0.43,13,9,0,4,3,2,reading_writing,2,2,0.36,0.26,0.34,0.25,0.29,0.27,0.31,6,3,10.5,passable,0.48,38.25,1.43,0.0,0.24,0.66,0.38,2,9,0.4,0,0.66,0.51,0.0,0.18,1,1
739,M,oran,maths,friends,0,10.12,10.0,10.0,10.7,10.0,10.0,10.0,9.25,9.03,9.2,9.33,9.17,9.25,9.21,9.5,9.77,9.78,9.95,9.9,9.63,9.8,9.71,9.56,33,0.31,14,19,8,4,3,2,reading_writing,2,4,0.35,0.34,0.34,0.36,0.35,0.36,0.34,6,4,9.86,echec,0.3,82.96,0.73,0.24,0.52,0.11,0.4,2,12,0.4,0,0.11,0.49,0.0,0.12,0,0
740,M,tizi_ouzou,maths,parents,0,11.22,10.64,11.15,11.23,10.42,12.31,11.59,10.39,9.93,9.65,10.37,9.78,11.82,10.8,10.82,10.65,10.7,10.51,10.54,10.51,11.32,10.91,10.36,28,0.39,5,23,4,5,3,3,visual,2,1,0.29,0.3,0.3,0.3,0.25,0.31,0.29,7,4,10.86,passable,0.39,57.56,0.22,0.14,0.26,0.31,0.46,1,12,0.6,0,0.31,0.53,0.0,0.18,0,1
741,F,other,maths,academic_guidance,0,10.3,10.0,10.0,10.03,11.54,10.0,10.2,9.3,8.04,9.43,9.04,10.55,9.57,10.06,9.18,9.88,9.19,9.85,9.85,10.22,9.98,10.1,10.21,26,0.42,9,17,2,5,2,3,reading_writing,3,3,0.39,0.34,0.34,0.32,0.33,0.32,0.37,6,4,9.96,echec,0.38,53.97,0.53,0.08,0.58,0.34,0.5,2,16,0.6,0,0.34,0.48,0.0,0.19,0,0
742,M,tlemcen,maths,academic_guidance,0,11.25,12.44,10.56,10.9,11.49,10.02,12.07,10.4,11.16,10.06,9.62,10.43,9.85,10.14,11.3,10.57,11.08,10.03,10.1,10.66,10.52,10.59,11.05,27,0.36,7,20,0,4,2,2,practice_based,1,1,0.26,0.33,0.33,0.29,0.3,0.26,0.3,5,3,10.54,passable,0.39,55.23,0.35,0.0,0.17,0.39,0.38,3,12,0.4,0,0.39,0.52,0.0,0.15,0,0
743,F,tlemcen,maths,academic_guidance,1,16.21,15.36,16.83,17.0,15.72,16.23,16.12,15.42,14.66,15.88,15.74,14.93,16.0,15.47,15.29,15.8,15.67,16.47,15.9,15.32,15.76,15.54,15.66,11,0.82,15,0,2,3,5,5,practice_based,4,2,0.0,0.0,0.0,0.0,0.0,0.0,0.0,8,3,15.71,tres_bien,1.42,7.26,150.0,0.18,0.38,0.38,0.19,0,3,1.0,0,0.38,0.8,0.0,0.27,1,0
744,F,tlemcen,maths,interest,0,10.0,10.0,10.0,10.0,10.0,10.0,10.0,8.69,7.63,9.29,8.84,8.83,8.2,8.52,9.32,9.25,8.34,9.23,9.57,9.24,9.47,9.35,9.65,32,0.37,6,26,2,3,3,2,reading_writing,1,1,0.44,0.38,0.36,0.38,0.37,0.36,0.41,5,4,9.22,echec,0.29,82.67,0.23,0.06,0.56,0.44,0.32,3,12,0.4,0,0.44,0.45,0.0,0.09,0,0
745,F,annaba,maths,interest,0,14.46,14.62,14.67,15.11,13.81,13.79,14.75,13.59,13.99,13.27,14.06,13.02,13.24,13.13,13.94,14.12,14.36,14.56,14.31,13.91,13.57,13.74,13.97,13,0.56,15,0,2,2,4,4,practice_based,3,4,0.04,0.03,0.05,0.07,0.1,0.07,0.04,7,3,14.09,bien,1.08,11.06,150.0,0.15,0.53,0.35,0.14,1,6,0.8,0,0.35,0.72,0.0,0.15,0,0
746,F,oran,maths,interest,0,10.26,10.65,10.81,10.13,10.0,10.0,10.0,8.81,9.26,8.76,9.0,8.02,8.91,8.47,8.9,9.61,9.77,9.66,9.9,9.35,9.63,9.49,9.33,31,0.43,7,24,2,5,2,3,practice_based,3,3,0.35,0.36,0.34,0.38,0.36,0.38,0.35,7,4,9.61,echec,0.31,75.82,0.29,0.06,0.8,0.18,0.52,1,16,0.6,0,0.18,0.49,0.0,0.16,0,0
747,F,tizi_ouzou,maths,interest,0,10.31,10.0,10.0,10.22,10.0,10.87,10.78,9.38,8.78,9.2,8.94,8.89,10.32,9.6,10.15,10.05,9.99,10.44,9.83,9.65,10.32,9.98,10.06,24,0.34,8,16,2,5,2,2,reading_writing,3,3,0.33,0.3,0.34,0.36,0.31,0.33,0.32,6,3,10.32,echec,0.43,45.43,0.5,0.08,0.67,0.3,0.48,2,12,0.4,0,0.3,0.5,0.0,0.21,0,1
748,M,blida,maths,parents,0,13.95,14.43,15.09,13.43,13.31,13.85,13.56,12.78,12.98,13.2,11.44,12.62,13.08,12.85,13.33,13.25,13.48,12.97,13.17,13.16,13.29,13.22,13.43,14,0.65,5,9,4,3,3,4,visual,3,3,0.1,0.14,0.12,0.12,0.11,0.1,0.12,8,2,13.33,assez_bien,0.95,13.39,0.55,0.28,0.47,0.17,0.22,0,6,0.8,0,0.17,0.66,0.0,0.21,0,0
749,M,constantine,maths,friends,0,10.37,10.0,10.0,10.56,10.54,10.89,10.26,9.71,9.31,9.36,9.43,9.96,10.34,10.15,9.87,9.93,9.17,9.88,9.77,10.82,10.12,10.47,9.81,28,0.47,18,10,4,4,2,3,reading_writing,4,2,0.39,0.34,0.35,0.28,0.33,0.35,0.36,7,3,9.68,echec,0.34,62.97,1.78,0.14,0.22,0.53,0.41,1,12,0.6,0,0.53,0.48,0.0,0.14,0,0
750,M,bejaia,maths,parents,0,11.94,12.31,12.27,12.31,10.64,12.1,11.99,11.09,11.07,10.74,10.92,10.4,11.85,11.12,11.56,11.69,11.74,11.87,11.56,11.51,11.69,11.6,11.76,24,0.52,6,18,2,4,3,2,reading_writing,4,4,0.22,0.21,0.23,0.23,0.22,0.22,0.21,7,4,11.5,passable,0.48,41.59,0.33,0.08,0.6,0.13,0.34,1,12,0.4,0,0.13,0.59,0.0,0.16,0,1
751,F,algiers,maths,friends,0,10.26,10.0,10.0,11.45,10.1,10.0,10.0,8.85,7.74,8.42,9.61,9.38,8.76,9.07,9.19,9.52,9.1,9.15,10.03,9.7,9.63,9.66,9.52,33,0.38,15,18,0,5,3,3,auditory,3,5,0.39,0.39,0.33,0.35,0.36,0.37,0.39,6,4,9.69,echec,0.29,84.04,0.83,0.0,0.67,0.35,0.51,2,12,0.6,0,0.35,0.47,0.0,0.15,0,0
752,M,tizi_ouzou,maths,interest,0,16.36,16.6,17.73,16.12,16.28,16.66,14.78,15.82,15.82,17.14,15.49,15.95,15.9,15.93,14.63,16.04,15.99,16.81,15.84,15.74,16.29,16.02,15.55,14,0.61,8,6,0,4,4,3,visual,2,4,0.0,0.0,0.0,0.0,0.0,0.0,0.0,8,3,15.9,bien,1.13,11.4,1.31,0.0,0.22,0.39,0.25,0,6,0.6,0,0.39,0.81,0.0,0.28,0,1
753,M,blida,maths,interest,0,10.11,10.0,10.22,10.0,10.0,10.0,10.46,8.96,9.46,9.0,8.56,8.45,8.89,8.67,9.41,9.53,9.95,9.64,9.39,8.72,9.6,9.16,9.86,27,0.32,15,12,8,4,3,3,visual,1,2,0.34,0.36,0.37,0.42,0.36,0.34,0.35,5,5,9.3,echec,0.34,60.92,1.24,0.3,0.57,0.41,0.43,3,15,0.6,0,0.41,0.48,0.0,0.15,0,0
754,M,oran,maths,interest,1,10.35,10.0,10.78,11.3,10.0,10.0,10.0,8.93,8.72,9.74,9.71,7.46,9.2,8.33,8.78,9.62,9.41,9.73,10.36,9.07,9.5,9.29,9.66,30,0.45,14,16,4,4,3,2,auditory,4,3,0.37,0.35,0.31,0.4,0.37,0.36,0.36,6,4,9.58,passable,0.32,71.74,0.87,0.13,0.69,0.43,0.41,2,12,0.4,0,0.43,0.49,0.0,0.13,1,0
755,M,blida,maths,parents,0,11.0,11.46,10.0,11.72,11.05,11.23,10.55,10.02,10.21,8.67,10.56,10.59,10.06,10.32,10.06,10.02,9.95,8.92,10.78,10.21,10.32,10.27,9.96,25,0.47,6,19,4,4,2,3,visual,2,2,0.34,0.41,0.28,0.32,0.31,0.34,0.37,5,4,10.15,passable,0.4,49.58,0.31,0.16,0.0,0.62,0.39,3,16,0.6,0,0.62,0.49,0.0,0.16,0,0
756,F,other,maths,academic_guidance,0,15.82,17.54,15.76,13.75,16.13,16.63,15.09,14.96,15.99,15.11,13.22,15.75,15.5,15.63,14.19,14.95,15.52,15.14,14.08,14.82,15.21,15.01,14.93,17,0.7,5,12,0,3,3,3,visual,3,3,0.0,0.0,0.06,0.01,0.0,0.0,0.0,7,3,14.72,bien,0.86,17.7,0.41,0.0,-0.01,0.49,0.2,1,9,0.6,0,0.49,0.75,0.0,0.17,0,0
757,M,annaba,maths,academic_guidance,0,10.25,11.06,10.0,10.08,10.35,10.0,10.0,9.23,9.96,8.76,9.39,8.99,8.68,8.83,9.6,9.61,10.47,8.87,9.43,9.29,9.49,9.39,10.11,33,0.33,19,14,0,3,2,3,auditory,3,2,0.3,0.41,0.37,0.38,0.37,0.33,0.36,5,3,9.56,echec,0.29,84.89,1.35,0.0,0.38,0.53,0.31,3,12,0.6,0,0.53,0.48,0.0,0.09,0,0
758,F,annaba,maths,interest,0,10.08,10.05,10.43,10.0,10.0,10.0,10.0,8.87,9.22,9.24,7.51,8.69,8.98,8.84,9.56,9.56,9.57,9.91,8.93,9.53,9.51,9.52,9.88,18,0.37,9,9,2,4,2,3,reading_writing,4,2,0.36,0.34,0.4,0.36,0.37,0.34,0.35,6,4,9.37,echec,0.52,29.15,0.99,0.11,0.69,0.32,0.42,2,16,0.6,0,0.32,0.47,0.0,0.22,0,0
759,F,oran,maths,interest,0,11.28,13.3,11.9,10.09,11.02,10.25,11.09,10.33,11.75,11.17,8.79,10.01,9.9,9.95,10.36,10.9,11.33,11.02,10.5,10.47,11.24,10.85,10.83,33,0.5,19,14,6,3,2,3,visual,3,2,0.24,0.27,0.3,0.3,0.25,0.28,0.25,5,3,11.11,passable,0.34,75.74,1.35,0.18,0.57,0.36,0.27,3,12,0.6,0,0.36,0.55,0.0,0.09,0,0
760,M,oran,maths,parents,0,10.35,10.47,10.28,10.0,10.33,10.99,10.0,9.24,8.94,9.08,9.38,9.34,10.25,9.79,8.43,9.59,8.93,10.26,9.76,10.55,9.61,10.08,8.45,25,0.38,10,15,4,3,2,2,reading_writing,4,2,0.4,0.32,0.35,0.3,0.36,0.44,0.36,6,4,9.7,echec,0.39,51.38,0.66,0.16,0.36,0.56,0.31,2,16,0.4,0,0.56,0.48,0.0,0.12,0,0
761,F,annaba,maths,academic_guidance,0,10.59,11.16,10.85,11.01,10.44,10.0,10.07,9.45,9.59,10.52,9.79,9.68,7.73,8.71,9.39,10.07,10.1,10.43,10.64,9.82,9.33,9.57,10.11,24,0.4,18,6,2,4,3,3,visual,2,5,0.33,0.3,0.29,0.35,0.38,0.33,0.32,6,3,10.12,passable,0.42,46.17,2.95,0.08,0.62,0.46,0.39,2,9,0.6,0,0.46,0.52,0.0,0.16,0,0
762,F,other,maths,academic_guidance,0,14.77,15.22,15.23,12.83,15.08,15.2,15.07,13.97,13.75,13.78,12.35,14.66,14.74,14.7,14.53,14.81,14.03,14.95,14.14,14.9,15.57,15.24,15.24,15,0.69,6,9,4,3,3,3,visual,3,3,0.06,0.0,0.06,0.01,0.0,0.0,0.03,7,4,15.1,bien,1.0,13.63,0.66,0.26,0.84,0.57,0.2,1,12,0.6,0,0.57,0.72,0.0,0.2,0,0
763,M,annaba,maths,parents,0,11.08,12.24,10.0,10.0,11.25,12.31,10.67,10.21,10.48,8.96,9.46,10.48,11.69,11.09,10.18,10.98,11.26,10.22,10.78,10.97,11.38,11.17,11.24,29,0.37,8,21,0,4,3,2,reading_writing,3,5,0.25,0.32,0.28,0.27,0.24,0.25,0.28,6,4,10.97,passable,0.38,60.81,0.38,0.0,0.77,0.41,0.36,2,12,0.4,0,0.41,0.54,0.0,0.14,0,0
764,F,other,maths,parents,0,12.96,13.04,13.05,12.76,12.46,12.66,13.77,12.08,12.21,12.08,11.44,12.5,11.85,12.17,12.44,12.69,12.85,12.33,12.14,13.45,12.54,13.0,12.81,12,0.59,11,1,6,4,3,3,auditory,5,4,0.14,0.18,0.19,0.1,0.16,0.15,0.16,6,3,12.61,assez_bien,1.04,10.5,10.0,0.5,0.6,0.46,0.31,2,9,0.6,0,0.46,0.62,0.0,0.33,0,0
765,M,annaba,maths,interest,1,10.59,10.0,12.01,10.0,10.0,10.0,11.55,9.38,8.47,10.74,8.7,8.8,9.16,8.98,10.38,9.8,8.55,10.56,10.27,9.21,9.66,9.44,10.53,19,0.52,19,0,0,3,3,2,visual,5,3,0.43,0.3,0.32,0.39,0.36,0.3,0.36,6,4,9.91,passable,0.52,30.71,190.0,0.0,0.42,0.72,0.3,2,12,0.4,0,0.72,0.49,0.0,0.16,1,0
766,M,tlemcen,maths,grades_pressure,0,10.28,10.38,10.4,10.0,10.87,10.0,10.0,9.21,9.63,9.43,8.27,9.95,9.03,9.49,8.95,9.9,10.15,9.82,9.37,10.59,9.89,10.24,9.58,24,0.36,15,9,2,3,3,3,auditory,1,3,0.32,0.35,0.38,0.29,0.34,0.36,0.33,5,4,10.09,passable,0.42,46.27,1.65,0.08,0.69,0.4,0.29,3,12,0.6,0,0.4,0.49,0.0,0.12,0,0
767,F,algiers,maths,interest,0,10.82,10.11,11.66,10.55,10.68,10.77,11.16,9.84,9.55,9.93,9.42,10.14,10.23,10.18,9.79,10.35,9.92,10.76,10.07,10.73,10.71,10.72,9.91,32,0.37,13,19,8,4,2,3,reading_writing,2,1,0.34,0.28,0.33,0.28,0.29,0.34,0.31,7,5,10.24,passable,0.32,76.38,0.68,0.25,0.51,0.36,0.39,1,20,0.6,0,0.36,0.51,0.0,0.12,0,0
768,M,annaba,maths,interest,0,10.0,10.0,10.0,10.0,10.0,10.0,10.0,7.83,7.28,6.66,9.32,6.9,8.4,7.65,8.4,8.52,8.26,7.76,9.87,8.35,8.58,8.47,8.28,33,0.41,5,28,4,3,3,2,reading_writing,3,1,0.45,0.48,0.34,0.44,0.43,0.45,0.47,5,4,8.51,echec,0.26,92.44,0.18,0.12,0.69,0.7,0.35,3,12,0.4,0,0.7,0.43,0.0,0.09,0,0
769,F,constantine,maths,grades_pressure,0,10.47,10.43,10.23,10.87,10.0,10.37,10.91,9.52,9.09,9.83,10.18,8.92,9.17,9.04,9.92,10.07,10.12,10.66,10.25,9.84,9.34,9.59,10.17,34,0.52,5,29,4,4,3,3,auditory,1,4,0.33,0.29,0.32,0.34,0.38,0.32,0.31,5,4,10.1,passable,0.3,85.81,0.17,0.12,0.55,0.44,0.39,3,12,0.6,0,0.44,0.52,0.0,0.12,0,0
770,M,blida,maths,interest,0,10.8,12.59,10.0,10.07,10.0,11.66,10.47,9.84,11.78,8.42,9.86,8.93,10.49,9.71,9.54,10.26,11.5,9.35,10.44,9.89,10.49,10.19,9.88,18,0.38,15,3,6,3,2,2,auditory,1,1,0.23,0.38,0.3,0.34,0.3,0.34,0.31,6,3,10.24,passable,0.57,27.03,4.84,0.33,0.42,0.72,0.29,2,12,0.4,0,0.72,0.52,0.0,0.16,0,0
771,F,tlemcen,maths,interest,0,10.33,10.78,10.15,10.95,10.08,10.0,10.0,9.19,9.35,8.97,9.32,9.43,9.11,9.27,8.98,9.7,9.78,9.78,9.98,10.08,9.34,9.71,9.23,31,0.54,5,26,8,5,3,3,reading_writing,3,1,0.35,0.35,0.33,0.33,0.38,0.38,0.35,7,4,9.73,echec,0.31,75.08,0.19,0.26,0.5,0.25,0.51,1,12,0.6,0,0.25,0.49,0.0,0.16,0,0
772,M,algiers,maths,parents,0,11.16,11.09,11.21,10.48,12.16,10.61,11.43,10.34,9.96,10.8,10.09,11.23,9.98,10.61,9.94,10.44,9.91,10.35,10.17,11.58,10.54,11.06,10.09,27,0.52,12,15,0,3,2,2,visual,2,1,0.34,0.31,0.32,0.23,0.3,0.33,0.32,5,4,10.43,passable,0.38,55.7,0.79,0.0,0.1,0.58,0.28,3,16,0.4,0,0.58,0.51,0.0,0.11,0,0
773,M,annaba,maths,interest,0,10.47,10.84,10.04,10.9,10.58,10.45,10.0,9.4,9.28,9.3,9.81,9.72,9.18,9.45,9.13,9.69,9.82,9.69,9.31,9.93,9.99,9.96,9.39,25,0.47,19,6,0,4,3,3,practice_based,1,3,0.35,0.35,0.38,0.34,0.33,0.37,0.35,6,3,9.87,echec,0.39,50.69,3.11,0.0,0.29,0.24,0.4,2,9,0.6,0,0.24,0.48,0.0,0.16,0,0
774,F,tlemcen,maths,grades_pressure,0,10.55,11.1,10.7,10.14,10.72,10.56,10.09,9.76,10.12,9.93,9.46,10.19,9.51,9.85,9.37,10.17,9.89,10.45,10.21,10.43,10.01,10.22,10.04,20,0.53,15,5,4,3,2,3,practice_based,5,4,0.34,0.3,0.32,0.3,0.33,0.33,0.32,5,5,10.07,passable,0.5,33.29,2.94,0.2,0.41,0.22,0.3,3,20,0.6,0,0.22,0.51,0.0,0.15,0,0
775,M,tlemcen,maths,parents,0,17.35,16.66,18.19,18.62,16.62,17.49,16.49,16.6,16.42,17.11,17.47,15.85,16.63,16.24,16.12,17.11,17.52,17.01,17.9,17.02,16.42,16.72,16.77,15,0.92,10,5,0,2,4,4,practice_based,4,5,0.0,0.0,0.0,0.0,0.0,0.0,0.0,8,2,16.78,tres_bien,1.11,12.38,1.96,0.0,0.51,0.5,0.12,0,4,0.8,0,0.5,0.87,0.0,0.13,0,0
776,M,constantine,maths,friends,0,10.4,10.73,10.47,10.0,10.46,10.33,10.4,9.35,8.98,9.49,8.6,9.75,9.37,9.56,9.92,9.87,9.48,10.75,9.96,9.43,10.01,9.72,9.57,33,0.44,10,23,6,3,3,2,visual,4,3,0.37,0.28,0.34,0.37,0.33,0.36,0.33,7,4,9.9,echec,0.3,82.67,0.43,0.18,0.52,0.48,0.3,1,12,0.4,0,0.48,0.5,0.0,0.09,0,0
777,M,blida,maths,friends,0,10.4,11.33,10.67,10.0,10.0,10.0,10.43,9.43,10.28,9.9,8.89,9.17,8.78,8.97,9.59,9.8,10.15,9.76,9.9,9.72,9.28,9.5,9.97,32,0.41,11,21,8,4,3,2,auditory,4,2,0.32,0.35,0.34,0.35,0.38,0.34,0.34,6,5,9.87,echec,0.31,78.53,0.52,0.25,0.36,0.29,0.4,2,15,0.4,0,0.29,0.5,0.0,0.12,0,0
778,M,tlemcen,maths,academic_guidance,0,10.42,10.55,10.02,10.26,10.0,10.5,11.19,9.64,9.51,9.22,9.46,9.49,9.89,9.69,10.27,10.2,10.01,9.81,10.31,10.48,10.31,10.39,10.31,31,0.43,11,20,2,3,3,3,practice_based,3,3,0.33,0.35,0.31,0.3,0.31,0.31,0.34,5,4,10.12,passable,0.33,72.88,0.55,0.06,0.56,0.24,0.29,3,12,0.6,0,0.24,0.5,0.0,0.1,0,0
779,M,oran,maths,interest,0,10.48,11.09,10.0,10.27,10.45,10.89,10.2,9.65,9.48,9.06,9.37,9.49,10.79,10.14,9.71,9.96,9.4,9.73,9.65,10.05,10.74,10.4,10.18,30,0.4,8,22,6,3,3,3,practice_based,2,3,0.37,0.35,0.36,0.33,0.28,0.32,0.36,6,4,10.17,passable,0.34,68.5,0.36,0.2,0.31,0.46,0.29,2,12,0.6,0,0.46,0.48,0.0,0.1,0,0
