grade_t1,grade_t2,grade_t3,avg_grade,grade_trend,functions_analysis,algebra_skill,probability_skill,sequences_skill,complex_numbers,geometry_skill,integral_calculus,proof_reasoning,multi_step_solving,algebraic_manipulation,graph_interpretation,exam_time_management,past_exams_solved,exercises_per_week,timed_exams_per_week,correction_quality,math_anxiety,confidence,exam_stress,focus_concentration,motivation,resilience,study_hours,consistency,revision_strategy,teacher_quality,tutoring,class_participation,stream,analysis_block,algebra_block,probability_block,complex_block,geometry_block,imbalance_score,practice_intensity,psychological_composite,bac_score
10.2,12.4,11.9,11.8,1.7,6.0,9.9,5.5,6.0,7.6,3.8,5.7,6.3,8.2,6.7,7.8,6.9,22,3,1,6.3,6.7,4.6,7.9,7.1,7.6,7.2,5.8,6.9,2,8.1,0,5.7,Sciences,6.9,8.3,5.8,7.6,3.8,2.49,3.6,4.9,14.4
18.5,19.0,19.5,18.4,1.0,8.2,7.8,5.8,8.5,5.6,5.8,2.9,6.3,8.6,7.7,7.2,7.0,16,12,5,6.7,2.2,6.8,2.0,8.5,2.0,3.8,7.8,10.0,2,6.6,1,4.2,Lettres,7.7,7.8,7.2,5.6,5.8,0.86,7.1,7.0,19.3
14.7,15.9,12.8,13.5,-1.9,6.5,5.3,4.6,4.5,6.6,4.5,5.2,5.9,6.9,5.7,4.3,6.8,8,4,1,5.6,2.0,3.9,6.6,5.2,6.1,6.8,9.3,4.1,2,4.8,1,4.1,Maths,5.4,5.5,4.6,6.6,4.5,0.59,2.2,5.5,15.2
10.0,9.6,11.1,11.2,1.1,8.4,8.3,4.8,7.3,5.2,3.4,8.0,5.1,6.3,6.4,6.1,3.9,9,7,1,3.6,6.3,4.2,2.5,4.8,6.5,6.1,5.7,7.8,3,5.8,0,5.4,Sciences,7.2,7.4,6.0,5.2,3.4,2.14,2.8,5.3,15.1
15.9,13.2,13.0,13.8,-2.9,6.6,4.9,6.0,9.0,4.7,6.4,6.8,9.4,6.8,7.1,8.9,4.9,16,11,2,6.4,5.8,8.1,5.6,5.7,4.9,5.6,4.7,6.0,2,5.8,0,7.8,Maths,7.8,6.0,7.5,4.7,6.4,1.21,4.9,5.6,17.1
12.7,13.8,12.9,12.5,0.2,5.0,3.3,4.4,5.4,3.8,4.9,4.7,2.9,5.6,6.2,7.6,5.4,2,5,0,6.2,5.3,4.7,6.6,5.3,4.8,5.6,7.7,4.1,2,5.1,0,6.3,Maths,6.3,4.8,4.9,3.8,4.9,0.64,1.1,4.7,10.8
14.0,13.2,14.4,13.5,0.4,6.5,5.0,6.0,4.7,6.6,6.8,7.4,9.7,6.3,6.0,6.1,3.6,10,5,2,5.6,4.2,5.1,7.1,6.2,8.2,6.0,6.9,4.1,1,5.1,0,4.4,Maths,6.3,5.5,5.4,6.6,6.8,0.34,3.3,5.2,13.0
12.4,12.7,12.3,11.9,-0.1,7.8,6.0,4.8,6.3,6.4,6.9,6.2,5.5,8.5,9.3,4.9,5.9,3,7,1,6.7,6.7,5.1,3.6,8.8,6.9,3.7,5.5,5.0,1,5.4,0,6.2,Sciences,6.4,7.6,5.6,6.4,6.9,0.48,2.2,5.5,15.0
15.2,15.2,16.3,15.0,1.1,6.6,5.6,6.6,5.2,7.4,7.0,3.5,6.4,9.5,4.6,8.8,3.6,13,5,3,4.9,8.8,5.7,4.5,8.6,5.4,7.9,5.7,7.2,3,3.1,0,3.8,Gestion,7.7,5.1,5.9,7.4,7.0,0.95,4.3,5.8,15.1
8.0,11.6,9.4,9.7,1.4,4.1,5.5,6.1,4.2,5.8,3.3,3.5,4.6,6.0,6.7,6.9,2.4,6,3,3,3.4,5.6,7.4,7.4,7.0,5.4,5.4,4.8,5.3,2,6.4,0,4.3,Technique,5.5,6.1,5.2,5.8,3.3,0.97,3.2,5.4,12.4
13.6,13.9,15.4,14.9,1.8,6.5,6.5,5.2,6.9,2.8,6.4,6.7,5.0,3.3,6.0,4.7,6.8,9,8,2,5.8,4.4,6.3,4.8,6.3,5.7,9.1,5.4,7.4,2,7.2,0,3.1,Sciences,5.6,6.2,6.1,2.8,6.4,1.79,3.7,6.5,14.1
12.7,14.0,12.8,12.9,0.1,9.5,8.7,5.8,6.8,10.0,7.0,7.1,5.7,5.8,7.0,7.5,8.1,9,6,3,7.2,5.1,5.3,6.0,5.4,7.2,7.4,5.5,4.8,2,9.2,0,7.2,Sciences,8.5,7.8,6.3,10.0,7.0,1.63,4.0,5.4,18.1
13.5,16.7,15.7,15.1,2.2,8.9,7.8,7.5,9.1,7.3,4.0,9.5,8.0,9.8,6.2,7.7,5.6,15,10,3,6.6,5.2,9.2,4.7,9.8,4.5,6.5,4.1,8.5,3,8.2,1,6.0,Technique,8.3,7.0,8.3,7.3,4.0,2.49,5.3,7.1,19.4
14.7,13.2,14.8,14.1,0.1,6.2,4.9,5.1,4.8,6.1,4.4,4.6,3.5,6.6,7.1,4.8,2.7,6,8,1,6.2,5.8,8.4,5.3,5.3,4.6,4.2,4.8,6.5,2,7.3,1,5.6,Sciences,5.5,6.0,4.9,6.1,4.4,0.41,2.7,5.4,12.5
13.4,13.4,13.5,12.7,0.1,5.1,7.1,5.8,5.0,4.7,2.4,5.3,6.1,6.3,6.7,6.3,2.0,18,6,1,7.3,9.8,6.5,5.5,6.3,7.6,5.2,8.2,2.9,2,6.4,0,7.3,Gestion,5.7,6.9,5.4,4.7,2.4,2.22,3.7,4.5,12.8
14.4,14.9,15.2,15.8,0.8,6.7,5.9,9.1,5.9,8.1,6.9,5.7,3.5,6.7,8.0,8.4,9.3,17,10,4,8.1,6.4,8.4,4.9,7.7,6.5,6.3,4.0,9.6,2,3.3,0,4.5,Gestion,7.6,7.0,7.5,8.1,6.9,0.19,6.2,6.2,17.3
11.7,12.8,12.4,12.8,0.7,5.5,3.1,5.2,3.4,3.1,6.1,4.6,5.6,3.8,5.6,5.0,5.1,0,4,2,7.2,6.2,7.3,6.1,5.6,4.1,7.3,4.0,6.1,1,6.2,0,6.6,Gestion,5.2,4.4,4.3,3.1,6.1,1.01,2.0,5.6,11.2
12.0,11.8,11.7,12.0,-0.3,2.5,5.6,2.9,5.2,5.1,7.0,2.0,5.4,6.5,3.9,6.2,3.0,5,6,1,6.8,5.5,2.0,9.0,6.5,3.5,6.3,2.1,6.0,3,5.4,0,8.9,Technique,4.4,4.8,4.0,5.1,7.0,1.08,2.2,4.1,7.0
17.1,14.3,16.6,16.5,-0.5,8.9,8.8,5.7,10.0,2.9,5.3,6.6,5.0,6.0,6.9,4.4,5.8,14,10,3,7.7,6.8,10.0,4.0,7.6,8.0,6.9,8.0,9.1,3,8.3,0,4.6,Gestion,6.6,7.8,7.8,2.9,5.3,3.46,5.2,6.7,18.1
10.5,12.9,12.9,12.5,2.4,5.9,5.1,4.7,5.4,6.7,6.1,6.1,6.9,7.1,6.7,9.3,2.4,6,5,2,6.8,7.9,7.9,4.6,7.7,5.2,8.3,6.7,7.9,3,7.1,0,3.3,Technique,7.6,5.9,5.1,6.7,6.1,0.72,2.8,6.3,14.3
15.9,14.8,15.6,14.7,-0.3,7.1,5.9,4.1,5.2,4.0,7.2,6.2,6.3,4.7,3.5,6.4,6.9,15,5,2,10.0,4.9,7.2,7.0,7.0,7.2,2.7,2.8,6.1,3,6.0,0,3.9,Gestion,6.8,4.7,4.6,4.0,7.2,1.61,3.8,5.0,15.4
10.4,11.6,9.9,10.3,-0.5,4.3,4.5,6.9,4.5,5.8,3.7,8.8,7.9,5.5,7.1,7.4,8.7,13,7,3,7.4,6.9,5.6,5.2,5.8,4.8,6.1,2.0,7.2,3,9.4,0,6.6,Lettres,5.8,5.8,5.7,5.8,3.7,0.7,4.6,5.1,13.0
14.6,15.9,14.3,15.3,-0.3,8.2,8.1,4.1,6.3,9.0,4.2,10.0,5.9,8.7,10.0,7.6,5.3,11,13,1,5.3,3.9,5.3,3.3,7.2,5.0,8.3,7.6,3.8,2,8.2,0,9.6,Maths,7.9,9.0,5.2,9.0,4.2,4.01,4.1,6.7,19.3
9.8,14.2,14.1,12.1,4.3,3.5,6.9,5.1,6.9,5.9,3.2,3.6,8.6,4.4,5.5,3.7,8.5,10,4,2,2.0,8.5,4.1,2.6,4.9,5.6,5.5,2.0,5.7,3,6.0,1,8.6,Sciences,3.6,6.2,6.0,5.9,3.2,1.69,3.1,4.7,8.9
12.2,13.2,12.5,13.1,0.3,4.1,6.9,4.4,4.6,7.5,4.5,3.1,2.3,5.4,5.5,5.9,5.2,0,5,3,5.5,4.3,6.6,4.0,3.9,5.8,3.4,6.6,9.2,2,6.8,0,7.5,Sciences,5.0,6.2,4.5,7.5,4.5,1.35,2.8,5.1,13.5
9.3,10.2,11.3,10.3,2.0,4.1,5.1,2.9,2.8,5.8,2.6,3.8,3.5,4.1,3.9,2.0,6.7,10,7,0,5.9,6.6,2.1,6.3,2.9,5.9,6.4,2.5,3.0,1,5.2,0,6.9,Gestion,3.0,4.5,2.8,5.8,2.6,1.48,2.3,3.7,6.1
12.6,12.3,12.8,12.5,0.2,7.9,7.0,4.3,3.8,4.5,3.9,6.4,3.3,4.1,6.9,6.9,5.9,12,6,3,7.8,7.6,5.8,4.9,7.1,7.4,6.6,6.3,7.6,2,6.0,0,6.8,Maths,7.4,7.0,4.0,4.5,3.9,2.26,4.3,5.4,13.3
13.7,14.4,15.3,14.8,1.6,7.7,6.0,8.0,6.3,6.5,6.9,4.8,8.5,4.0,5.7,6.3,6.0,3,9,0,3.6,7.6,4.1,4.4,4.0,5.4,6.0,5.9,9.4,3,2.2,0,7.3,Lettres,7.0,5.8,7.2,6.5,6.9,0.22,1.8,4.4,13.9
11.9,10.5,12.8,12.5,0.9,6.8,7.2,5.6,5.5,2.4,4.9,4.6,5.2,6.7,7.0,5.5,8.4,9,10,2,7.3,5.4,5.1,7.8,5.2,6.5,5.5,3.8,7.1,2,4.3,0,6.5,Sciences,6.2,7.1,5.6,2.4,4.9,2.51,4.0,4.5,12.9
13.0,11.7,11.9,11.9,-1.1,5.8,6.7,6.7,3.9,4.2,5.7,8.0,5.3,5.2,5.5,6.9,6.6,0,0,2,8.0,5.0,3.6,4.6,4.1,5.2,8.4,3.1,7.8,3,4.9,1,4.5,Maths,6.4,6.1,5.3,4.2,5.7,0.57,1.3,5.3,12.9
13.5,12.9,15.5,14.8,2.0,7.7,8.2,8.0,4.7,8.1,4.3,5.9,6.7,7.2,8.7,6.3,6.3,5,6,2,7.3,7.6,3.9,4.2,5.5,7.3,6.3,6.3,3.2,1,6.9,0,9.1,Maths,7.0,8.4,6.4,8.1,4.3,2.18,2.9,4.8,14.8
8.8,10.7,10.2,10.3,1.4,7.3,5.0,5.7,7.8,4.6,3.9,6.6,5.5,7.2,8.1,6.6,2.0,12,5,2,6.6,5.2,6.2,6.4,5.5,6.2,4.9,3.5,4.0,2,2.9,1,8.3,Gestion,7.0,6.6,6.8,4.6,3.9,1.56,3.5,5.0,12.6
12.5,12.7,15.0,13.8,2.5,6.7,3.7,4.1,5.9,2.4,5.7,4.7,5.0,7.6,5.6,7.4,3.0,8,3,3,5.8,6.1,5.1,3.8,5.4,4.9,4.3,7.2,8.7,2,5.1,0,4.6,Maths,7.0,4.6,5.0,2.4,5.7,2.31,3.4,5.0,13.9
9.7,9.4,11.0,10.2,1.3,4.3,6.6,4.7,5.2,8.3,5.1,5.2,3.3,3.2,5.2,4.6,5.7,6,0,0,4.6,6.8,4.5,9.4,3.2,4.3,6.2,2.9,7.2,1,4.5,0,6.9,Maths,4.4,5.9,5.0,8.3,5.1,1.86,0.7,3.5,11.0
15.2,14.1,15.5,14.7,0.3,5.8,6.3,4.6,5.8,6.3,6.6,5.4,5.9,5.0,5.8,4.7,7.9,8,1,3,7.4,3.6,4.8,7.4,5.6,6.4,6.9,5.6,6.8,1,6.1,0,8.6,Sciences,5.2,6.0,5.2,6.3,6.6,0.32,3.1,5.3,13.3
14.8,12.8,12.9,13.0,-1.9,8.5,5.9,5.3,8.1,7.0,7.7,5.3,6.6,6.9,6.2,3.7,5.9,8,7,2,7.3,6.0,10.0,3.4,4.7,8.2,5.7,4.4,5.7,1,6.9,0,6.8,Sciences,6.1,6.1,6.7,7.0,7.7,0.37,3.4,6.2,14.7
13.2,13.9,14.0,13.9,0.8,7.0,6.1,6.1,4.7,4.2,4.1,8.0,7.2,7.1,5.0,6.5,4.8,14,5,3,5.6,5.7,7.4,7.3,5.3,7.8,4.9,5.3,6.9,3,5.0,0,5.8,Gestion,6.8,5.6,5.4,4.2,4.1,0.96,4.4,4.9,15.3
11.8,14.4,12.7,13.4,0.9,3.0,9.3,5.5,5.1,5.9,6.7,3.9,8.4,8.8,4.3,6.5,2.3,5,4,3,10.0,6.8,7.0,8.2,7.1,4.3,7.5,3.6,9.2,1,4.9,1,8.5,Technique,4.8,6.8,5.3,5.9,6.7,0.63,3.2,5.3,13.3
8.0,8.5,9.0,9.0,1.0,4.1,4.4,5.7,4.9,5.4,2.9,5.7,2.1,4.2,7.2,3.5,3.7,9,6,1,2.7,7.1,4.1,4.4,7.0,4.1,3.7,4.2,5.3,1,4.5,0,6.2,Gestion,3.8,5.8,5.3,5.4,2.9,1.22,2.7,4.7,11.3
11.6,13.3,12.4,12.9,0.8,6.8,5.5,7.2,3.8,4.5,9.3,6.0,6.2,8.0,8.0,8.5,6.1,4,5,2,5.9,9.0,7.4,3.1,4.3,5.1,8.8,2.0,7.8,1,5.6,0,5.1,Lettres,7.6,6.8,5.5,4.5,9.3,2.79,2.6,5.7,15.8
15.7,18.6,17.5,16.1,1.8,8.9,7.2,6.6,5.4,6.0,4.2,7.5,8.4,7.4,8.4,5.6,4.8,14,11,3,5.1,6.8,6.6,3.7,9.2,5.6,4.9,4.0,8.0,2,6.3,1,4.3,Technique,7.2,7.8,6.0,6.0,4.2,1.55,5.4,6.0,17.3
13.5,15.4,15.4,15.1,1.9,6.9,8.1,6.9,7.8,3.3,6.7,6.0,6.0,4.3,6.3,3.3,4.2,7,5,4,7.0,5.5,5.2,2.7,5.5,3.1,3.8,4.1,5.1,2,8.5,0,2.0,Gestion,5.1,7.2,7.4,3.3,6.7,2.37,4.3,5.3,15.5
13.4,14.6,15.2,14.8,1.8,8.7,10.0,5.9,7.8,5.6,3.6,8.0,3.2,6.1,9.5,8.9,6.1,10,11,1,2.7,5.2,9.9,3.5,5.7,7.9,4.2,5.4,5.6,2,4.6,0,9.8,Lettres,8.8,9.8,6.8,5.6,3.6,4.86,3.6,6.2,16.9
13.5,12.9,13.7,13.6,0.2,8.2,8.7,9.5,8.8,8.4,5.7,6.3,5.4,7.9,7.4,4.5,9.2,10,8,3,9.5,7.0,8.6,3.5,5.8,6.2,4.8,8.5,10.0,2,9.8,0,5.1,Gestion,6.4,8.0,9.2,8.4,5.7,1.68,4.4,5.7,19.8
14.6,15.6,16.3,15.8,1.7,6.2,5.6,6.2,6.1,5.2,8.6,8.8,7.3,4.9,8.3,8.4,7.6,9,5,1,8.7,6.0,8.0,5.5,7.0,7.5,5.8,4.4,8.0,1,4.4,0,8.1,Gestion,7.3,7.0,6.2,5.2,8.6,1.3,2.5,5.9,18.2
13.7,12.9,16.0,13.7,2.3,5.7,8.4,7.3,4.9,8.5,3.6,5.7,6.0,3.1,3.8,6.9,5.8,3,4,2,6.4,4.1,4.2,6.2,9.0,5.3,4.7,7.6,4.5,2,7.6,0,4.3,Technique,6.3,6.1,6.1,8.5,3.6,2.41,2.3,5.5,13.0
9.0,10.2,10.1,10.0,1.1,4.2,3.9,2.0,2.0,2.0,8.4,2.3,5.0,2.0,4.0,4.9,4.3,5,8,0,4.2,10.0,2.0,7.4,2.1,4.8,5.9,2.1,3.9,3,4.3,0,5.7,Sciences,4.6,4.0,2.0,2.0,8.4,5.5,1.9,2.5,6.7
15.4,14.7,14.4,14.6,-1.0,6.5,4.7,5.0,7.0,4.9,5.1,6.8,4.5,6.2,5.6,5.1,6.3,10,8,1,7.3,8.4,5.7,5.1,2.6,4.7,6.7,2.7,4.0,1,4.3,0,6.7,Sciences,5.8,5.2,6.0,4.9,5.1,0.18,3.1,4.3,13.1
13.1,10.5,13.1,12.4,0.0,5.6,4.8,5.6,7.7,4.6,7.1,6.0,6.4,5.6,6.1,6.9,5.5,2,4,4,6.8,8.5,5.3,3.2,6.6,6.1,5.3,2.0,8.2,2,8.4,0,3.9,Gestion,6.2,5.4,6.6,4.6,7.1,0.79,3.6,5.1,14.7
8.0,9.2,8.0,9.2,0.0,3.5,5.1,4.2,5.5,3.7,5.1,2.0,2.8,3.4,2.4,5.9,3.3,1,4,0,6.7,7.7,5.1,8.8,5.5,3.3,9.1,5.0,4.0,1,5.3,0,7.1,Lettres,4.7,3.8,4.8,3.7,5.1,0.34,0.8,4.6,6.8
8.0,9.0,8.4,8.0,0.4,7.1,4.7,5.5,6.7,6.7,5.4,5.0,4.9,3.9,5.7,3.4,5.6,5,0,1,4.9,7.0,5.6,8.3,5.0,5.1,4.3,4.3,4.4,1,5.4,0,5.2,Maths,5.2,5.2,6.1,6.7,5.4,0.34,1.2,3.9,8.4
12.1,12.8,13.2,13.2,1.1,4.3,5.7,3.2,5.7,3.3,2.2,6.7,5.2,3.5,6.8,6.8,4.6,4,1,1,5.2,5.3,5.4,5.4,6.4,8.1,4.9,5.6,7.0,2,5.2,0,6.7,Maths,5.6,6.2,4.4,3.3,2.2,2.16,1.3,5.2,11.1
13.6,13.6,13.7,14.2,0.1,7.8,8.2,4.6,8.6,5.1,4.5,8.2,5.0,5.8,5.3,7.7,3.8,8,4,2,8.4,6.0,7.8,3.3,4.5,7.2,3.8,5.5,3.2,2,5.2,1,8.7,Maths,7.8,6.8,6.6,5.1,4.5,1.39,2.9,5.4,15.4
12.1,9.0,10.9,10.2,-1.2,4.2,4.8,3.6,5.4,6.5,7.4,5.3,7.9,3.5,4.2,6.3,7.8,15,4,5,7.1,7.4,6.2,8.8,4.4,6.4,5.3,4.9,5.8,1,5.6,0,7.3,Gestion,5.2,4.5,4.5,6.5,7.4,1.32,5.7,3.9,13.3
9.5,8.2,10.2,9.9,0.7,6.9,7.5,7.4,2.9,5.4,4.4,5.9,3.1,7.3,4.6,5.0,2.1,3,9,0,5.5,5.5,4.3,6.5,6.0,3.5,5.8,5.4,5.7,2,2.0,1,5.7,Maths,6.0,6.0,5.2,5.4,4.4,0.36,1.8,4.8,12.7
10.2,11.9,10.1,11.2,-0.1,5.2,5.0,5.9,6.8,5.6,5.3,5.8,5.3,7.9,6.4,7.1,7.8,0,0,3,6.5,6.1,5.4,6.8,8.6,6.8,3.5,9.0,5.2,3,2.6,0,9.4,Sciences,6.2,5.7,6.4,5.6,5.3,0.14,2.0,4.9,12.7
14.4,14.2,14.2,14.4,-0.2,7.1,9.0,4.3,3.2,4.0,2.4,8.2,4.7,3.1,5.3,6.9,6.5,5,2,5,6.4,2.3,6.4,6.5,7.0,7.2,4.8,4.2,5.1,3,6.8,0,6.0,Technique,7.0,7.2,3.8,4.0,2.4,3.57,4.2,5.9,14.3
14.1,14.6,11.9,13.9,-2.2,6.4,7.7,6.1,6.9,6.1,4.6,5.7,9.2,6.2,6.6,5.2,4.5,8,8,4,7.4,7.5,8.4,2.7,7.6,7.0,6.5,9.5,5.3,3,8.5,0,6.5,Sciences,5.8,7.2,6.5,6.1,4.6,0.72,4.9,6.5,17.0
9.8,13.1,12.2,11.7,2.4,6.8,4.7,7.5,7.2,7.4,7.3,5.3,6.6,5.5,4.4,5.4,5.5,6,7,2,8.4,3.3,6.3,8.6,4.3,6.4,4.7,6.6,6.5,2,8.4,1,5.7,Technique,6.1,4.6,7.4,7.4,7.3,1.23,3.2,4.7,13.7
10.4,11.6,11.3,10.8,0.9,5.0,2.8,4.9,5.8,2.4,2.6,4.4,4.5,5.4,8.4,6.8,4.4,8,5,0,5.1,7.2,4.6,5.5,6.4,5.5,4.1,5.4,3.7,2,4.1,0,3.7,Lettres,5.9,5.6,5.4,2.4,2.6,2.37,1.7,4.5,12.2
10.5,11.0,11.2,11.5,0.7,5.9,7.1,5.4,9.3,4.4,6.6,4.0,5.5,7.4,6.2,6.2,6.9,3,12,3,4.8,6.3,7.6,7.3,4.2,7.2,6.7,6.1,6.4,2,6.4,1,3.6,Sciences,6.1,6.6,7.4,4.4,6.6,0.99,4.3,5.0,14.0
9.1,10.5,11.1,10.4,2.0,7.2,5.7,4.9,3.1,2.6,5.6,6.5,8.6,5.6,7.8,7.7,7.0,3,8,3,6.6,5.8,6.8,8.3,9.0,8.5,3.7,2.0,5.1,1,2.2,1,5.1,Lettres,7.4,6.8,4.0,2.6,5.6,3.16,3.7,5.1,14.5
11.7,10.6,10.5,11.2,-1.2,6.1,5.8,4.3,5.7,6.4,4.8,8.2,4.5,5.9,6.7,5.5,6.3,5,10,0,5.0,6.1,8.5,5.9,4.4,6.6,3.8,4.5,5.1,2,5.4,0,4.2,Sciences,5.8,6.2,5.0,6.4,4.8,0.42,2.2,4.9,13.8
12.9,13.0,13.1,13.6,0.2,8.8,8.5,9.0,7.2,8.6,5.3,7.1,4.5,10.0,7.2,5.7,7.8,8,7,3,5.1,2.5,7.5,2.3,5.8,5.2,6.6,4.6,7.5,2,8.1,0,6.0,Maths,7.2,7.8,8.1,8.6,5.3,1.31,4.1,7.0,18.9
12.4,14.5,14.8,14.2,2.4,6.4,7.4,8.4,3.9,5.3,4.3,4.9,6.3,5.9,5.9,9.3,5.4,18,5,1,8.0,5.3,4.4,2.0,3.7,4.5,6.8,9.1,5.1,1,6.0,0,7.5,Maths,7.8,6.6,6.2,5.3,4.3,1.45,3.5,5.5,14.1
11.2,12.8,13.2,13.5,2.0,7.2,8.1,4.8,4.5,4.2,4.7,6.7,6.7,8.7,5.4,3.9,8.8,16,5,0,5.7,7.1,8.4,5.3,6.5,7.5,6.2,4.6,8.8,3,5.6,0,5.4,Lettres,5.6,6.8,4.6,4.2,4.7,0.81,2.6,5.7,15.5
12.2,10.7,12.9,12.7,0.7,7.7,5.1,8.5,5.1,4.3,7.2,7.4,7.3,7.2,5.9,5.7,8.0,1,9,1,2.7,7.5,5.6,5.7,6.5,4.7,5.5,5.3,6.2,1,6.2,0,6.6,Gestion,6.7,5.5,6.8,4.3,7.2,1.13,2.3,4.9,15.9
16.7,16.2,16.8,17.0,0.1,6.6,8.2,5.4,4.5,5.2,4.5,6.1,7.0,5.6,4.8,6.7,4.9,0,9,2,7.8,4.9,6.8,4.4,8.6,6.5,5.2,5.1,8.2,2,8.4,1,5.2,Maths,6.6,6.5,5.0,5.2,4.5,0.74,2.8,6.3,14.9
12.9,13.4,13.7,13.7,0.8,7.0,6.4,7.7,6.7,5.8,9.1,9.0,9.3,6.0,5.3,8.3,7.7,10,7,3,5.8,2.0,7.3,5.0,8.0,6.0,7.7,3.1,5.4,1,6.0,0,10.0,Gestion,7.6,5.8,7.2,5.8,9.1,1.51,4.3,7.2,17.6
13.0,15.1,13.7,13.7,0.7,5.0,2.2,7.2,4.2,6.5,5.4,4.2,2.7,5.4,8.4,6.4,6.2,15,7,1,6.7,5.5,5.4,7.3,4.2,3.7,6.4,3.5,4.0,2,5.8,0,8.5,Sciences,5.7,5.3,5.7,6.5,5.4,0.18,3.5,4.6,11.3
14.4,15.9,16.0,16.3,1.6,8.4,5.0,6.1,6.8,4.8,4.4,6.1,4.5,5.0,6.9,9.8,5.5,12,9,4,8.4,8.6,6.2,7.1,7.8,7.8,5.9,6.9,3.3,1,8.9,0,5.7,Technique,9.1,6.0,6.4,4.8,4.4,2.74,5.5,4.8,15.7
8.5,8.5,8.5,8.0,0.0,3.9,4.1,3.2,4.8,4.7,6.1,4.5,5.0,3.0,6.3,4.2,3.4,4,2,2,5.1,7.2,2.0,7.3,2.6,6.0,3.9,2.0,3.5,1,4.7,1,5.8,Maths,4.0,5.2,4.0,4.7,6.1,0.61,2.1,2.8,6.5
13.6,13.6,13.6,13.8,0.0,6.2,5.1,7.4,7.1,5.3,6.6,6.9,4.6,5.8,5.2,5.1,7.9,7,5,2,2.3,5.3,4.8,5.3,5.2,3.9,5.8,5.9,5.9,2,3.3,0,3.8,Gestion,5.6,5.2,7.2,5.3,6.6,0.65,2.9,5.0,15.3
14.9,15.4,14.6,14.3,-0.3,8.7,7.3,5.5,6.5,5.3,2.7,7.4,4.9,7.6,5.4,6.8,6.5,16,9,3,3.0,6.8,9.1,4.2,7.1,7.6,5.2,4.1,7.2,2,9.0,1,6.1,Maths,7.8,6.4,6.0,5.3,2.7,2.77,5.3,6.1,18.6
12.2,12.7,11.4,11.7,-0.8,6.6,6.2,7.2,6.0,4.7,3.1,4.0,8.2,8.1,4.4,5.3,5.7,8,1,2,4.5,5.4,6.4,6.1,4.0,6.4,5.1,7.4,7.1,2,7.7,1,4.8,Technique,5.9,5.3,6.6,4.7,3.1,1.43,2.4,4.8,12.8
12.7,14.7,12.7,13.6,0.0,6.8,5.6,5.8,7.2,5.9,4.9,9.1,3.3,5.2,5.3,5.8,7.7,16,7,2,5.8,5.9,8.9,5.0,7.6,7.3,4.7,5.7,7.1,1,2.0,0,7.3,Technique,6.3,5.4,6.5,5.9,4.9,0.34,4.3,6.1,13.2
10.5,10.2,12.8,11.8,2.3,5.3,5.2,4.8,6.3,6.9,2.2,5.5,5.2,6.5,5.9,4.5,9.7,0,3,0,8.2,7.5,4.2,5.0,9.5,6.2,5.3,2.0,8.0,2,5.7,0,4.3,Maths,4.9,5.6,5.6,6.9,2.2,2.41,0.5,5.3,13.3
13.8,13.9,14.4,13.7,0.6,7.1,5.3,5.9,9.5,5.8,9.5,7.0,6.5,4.7,6.6,7.9,5.3,12,10,2,7.1,7.9,6.9,4.1,6.2,9.0,5.3,4.7,5.0,2,6.4,0,9.3,Sciences,7.5,5.9,7.7,5.8,9.5,1.82,4.3,5.3,17.1
10.9,12.9,14.3,12.2,3.4,5.3,5.6,3.4,6.9,3.2,6.6,6.5,7.4,7.1,4.6,6.2,4.9,5,12,3,10.0,5.3,7.5,6.4,4.7,5.6,6.1,5.7,5.8,2,8.3,0,5.8,Maths,5.8,5.1,5.2,3.2,6.6,1.25,4.6,5.3,12.5
10.7,12.6,11.8,12.3,1.1,6.0,3.2,4.9,8.3,7.1,5.1,5.0,3.1,3.7,6.1,4.1,5.6,10,4,3,3.1,8.5,5.0,4.3,5.7,5.5,6.7,4.4,4.0,3,5.9,0,4.4,Technique,5.0,4.6,6.6,7.1,5.1,0.93,3.8,4.9,13.5
8.0,9.0,8.5,8.4,0.5,4.6,3.2,3.6,2.0,2.6,3.7,4.4,4.8,5.4,4.7,6.0,4.3,5,0,2,5.2,7.7,3.5,6.7,3.8,3.2,3.9,4.2,5.4,2,5.5,0,5.5,Lettres,5.3,4.0,2.8,2.6,3.7,0.93,1.9,3.4,7.4
11.7,12.4,12.5,12.3,0.8,5.2,3.5,3.0,4.8,5.0,3.5,3.9,3.5,4.8,6.0,3.9,5.2,8,4,2,4.4,5.9,4.4,10.0,5.6,3.7,3.6,4.2,8.5,2,5.8,0,6.9,Technique,4.6,4.8,3.9,5.0,3.5,0.31,2.9,3.5,9.5
14.3,13.5,15.3,14.2,1.0,6.5,5.4,5.5,5.0,5.2,2.0,6.3,6.5,5.6,7.9,4.1,4.5,12,5,3,6.3,6.8,5.0,7.7,3.7,4.1,6.4,6.5,3.5,3,5.1,0,6.8,Technique,5.3,6.6,5.2,5.2,2.0,2.37,4.2,4.1,12.8
11.6,9.6,11.0,11.1,-0.6,5.8,4.1,4.9,4.1,4.1,2.0,4.1,3.2,4.2,4.2,4.9,2.2,11,6,2,8.5,5.8,5.4,5.5,5.4,5.4,4.9,4.9,6.1,3,7.6,0,5.8,Sciences,5.4,4.2,4.5,4.1,2.0,1.22,3.6,4.9,8.3
12.7,11.5,11.5,12.1,-1.2,6.9,7.1,5.3,4.4,4.5,8.7,6.2,7.9,4.1,7.6,3.3,8.3,17,6,2,9.4,7.0,3.0,7.6,8.9,5.4,4.8,4.8,7.8,3,4.5,0,7.5,Sciences,5.1,7.4,4.8,4.5,8.7,2.69,4.2,4.4,13.1
9.4,13.5,12.4,11.1,3.0,5.6,7.5,6.2,5.8,6.1,7.9,4.0,4.0,3.9,5.6,6.4,6.1,7,5,3,5.8,10.0,8.1,7.5,2.4,6.2,7.3,4.7,3.9,2,4.9,0,7.3,Gestion,6.0,6.6,6.0,6.1,7.9,0.52,3.6,4.1,11.8
12.6,11.2,11.6,11.6,-1.0,5.1,4.3,4.4,2.9,2.0,4.0,4.7,2.1,6.9,3.7,2.0,4.6,5,6,3,7.6,8.1,4.3,5.8,4.0,3.8,4.5,2.8,6.7,2,5.9,1,7.4,Maths,3.6,4.0,3.6,2.0,4.0,0.55,3.6,3.8,13.1
14.8,14.7,17.5,16.5,2.7,5.7,8.6,7.2,6.3,7.4,6.9,4.0,4.6,5.9,8.5,4.4,6.2,2,3,3,6.4,5.9,2.5,4.6,5.2,4.5,2.4,7.8,5.3,1,3.6,0,5.5,Lettres,5.1,8.6,6.8,7.4,6.9,1.28,2.7,3.9,13.5
13.1,13.4,13.6,12.7,0.5,4.7,3.8,4.8,3.6,3.1,5.6,3.9,4.5,4.6,8.3,7.4,7.7,8,7,0,3.2,9.2,4.9,5.4,6.1,3.8,3.8,10.1,4.9,2,8.6,0,5.1,Gestion,6.1,6.1,4.2,3.1,5.6,1.36,2.1,4.0,9.8
11.5,12.1,11.6,11.3,0.1,7.0,6.0,7.8,4.8,6.0,6.2,2.2,7.1,6.4,6.7,4.8,4.0,11,10,1,5.9,4.7,5.2,6.4,7.2,9.6,7.8,4.2,5.1,3,5.9,1,5.6,Gestion,5.9,6.4,6.3,6.0,6.2,0.03,3.6,5.8,12.9
14.0,15.5,14.5,14.3,0.5,7.4,7.4,10.0,7.1,6.6,2.9,6.2,4.6,6.8,6.7,5.8,6.4,3,3,2,5.4,3.8,6.4,3.6,7.8,6.1,5.4,5.5,6.1,2,7.8,1,5.3,Maths,6.6,7.0,8.6,6.6,2.9,3.47,2.2,6.4,16.3
14.6,14.8,14.4,14.4,-0.2,7.6,10.0,6.4,7.2,8.6,2.4,6.5,5.1,6.1,6.7,8.9,4.1,16,3,3,6.6,4.4,7.7,6.6,4.2,6.6,5.4,7.7,9.2,3,4.9,0,6.6,Maths,8.2,8.4,6.8,8.6,2.4,5.41,4.3,5.3,18.3
12.4,14.6,14.1,13.8,1.7,5.7,5.2,5.1,7.3,5.8,7.4,6.1,7.1,9.1,5.3,4.8,5.2,7,5,4,4.3,6.2,7.0,8.4,4.9,5.8,5.5,6.9,5.8,2,7.2,0,6.0,Sciences,5.2,5.2,6.2,5.8,7.4,0.63,4.3,4.6,13.5
11.7,15.7,15.0,14.0,3.3,6.6,3.7,5.6,4.5,4.2,2.0,6.2,3.9,7.1,7.8,7.2,6.6,2,3,1,6.4,3.6,8.8,5.6,4.6,8.8,7.1,5.4,4.9,2,7.5,0,9.0,Lettres,6.9,5.8,5.0,4.2,2.0,2.71,1.4,6.3,14.2
14.4,13.5,13.9,14.2,-0.5,7.0,7.7,6.4,5.4,2.6,4.8,7.4,5.3,5.9,5.7,7.5,3.4,3,2,3,6.4,5.8,4.6,8.2,5.7,3.0,5.2,2.9,5.9,3,7.5,0,5.0,Sciences,7.2,6.7,5.9,2.6,4.8,2.71,2.7,4.3,12.7
11.3,10.6,11.8,11.4,0.5,7.8,4.7,7.5,6.9,4.7,4.4,9.4,5.4,5.1,8.2,6.5,5.0,3,2,1,7.2,6.0,7.0,5.3,5.9,5.8,6.3,8.4,2.0,3,9.3,1,4.2,Technique,7.2,6.4,7.2,4.7,4.4,1.44,1.3,5.6,13.0
11.9,11.2,11.6,12.2,-0.3,5.5,4.9,4.2,5.8,2.0,4.1,7.0,5.6,6.7,5.5,3.4,6.4,2,5,4,6.2,9.4,6.6,5.1,3.4,2.8,4.9,6.0,4.0,3,4.8,0,7.0,Maths,4.4,5.2,5.0,2.0,4.1,1.31,3.7,4.1,11.7
8.0,8.4,8.1,8.6,0.1,4.9,3.3,5.2,5.3,3.6,5.3,4.3,3.7,3.9,4.4,4.2,5.6,8,4,0,8.5,5.1,2.0,8.9,4.5,2.0,5.8,4.7,7.5,3,5.2,1,5.8,Gestion,4.6,3.8,5.2,3.6,5.3,0.49,1.6,3.7,9.7
10.1,11.7,10.7,10.4,0.6,4.7,5.1,5.1,7.0,4.7,3.7,4.9,4.1,4.5,4.8,9.6,3.2,11,7,3,10.0,4.1,4.2,9.1,6.6,4.5,5.5,3.3,5.4,2,4.3,0,4.6,Gestion,7.2,4.9,6.0,4.7,3.7,1.41,4.4,4.6,12.2
12.1,14.5,12.7,14.0,0.6,8.2,4.7,6.5,5.0,4.2,5.8,7.0,6.1,8.0,4.8,5.1,6.0,16,4,3,5.1,6.5,3.7,9.6,4.9,6.6,4.8,5.0,4.9,2,5.7,0,7.3,Maths,6.6,4.8,5.8,4.2,5.8,0.74,4.4,3.5,13.1
9.6,11.6,13.1,11.2,3.5,4.8,6.7,7.8,4.7,5.4,5.4,3.5,4.3,5.8,6.5,10.0,6.3,4,2,3,7.7,8.3,6.5,6.6,5.5,4.5,5.8,2.0,6.2,3,7.1,0,5.4,Maths,7.4,6.6,6.2,5.4,5.4,0.58,2.8,4.6,13.0
12.5,10.2,11.1,11.8,-1.4,7.7,6.2,5.5,6.7,5.1,9.1,5.6,3.9,5.1,4.2,8.5,5.7,10,6,1,10.0,6.9,6.6,7.3,8.7,6.7,4.7,6.5,7.4,2,7.1,0,8.7,Sciences,8.1,5.2,6.1,5.1,9.1,2.58,2.8,5.2,14.0
11.6,12.0,12.9,12.6,1.3,5.8,4.9,3.1,5.4,4.8,2.5,5.5,7.4,5.8,4.6,6.6,7.2,5,3,1,7.8,6.8,6.4,6.6,9.0,6.1,3.3,6.8,8.3,1,8.8,0,4.2,Sciences,6.2,4.8,4.2,4.8,2.5,1.42,1.7,5.1,13.0
12.5,12.8,15.7,14.5,3.2,6.3,7.7,7.2,7.8,2.0,5.4,7.1,6.8,7.4,8.2,6.7,4.7,9,8,4,7.6,5.1,5.8,8.1,2.8,5.9,5.6,5.6,5.4,2,7.0,0,5.1,Gestion,6.5,8.0,7.5,2.0,5.4,4.52,5.0,4.2,14.9
11.3,12.4,10.9,11.3,-0.4,5.3,6.3,4.5,6.3,3.3,6.0,6.8,8.3,6.8,4.6,5.3,6.2,1,1,3,2.4,7.2,5.6,6.6,6.1,8.2,3.5,3.1,5.1,2,6.0,0,6.2,Gestion,5.3,5.4,5.4,3.3,6.0,0.86,2.3,4.3,13.6
8.0,9.6,8.0,8.2,0.0,9.3,3.9,5.9,5.2,6.8,4.9,5.3,7.2,7.5,7.5,6.1,3.8,3,0,3,5.1,7.1,6.3,7.0,10.0,5.2,6.6,6.1,5.8,1,4.2,1,8.5,Sciences,7.7,5.7,5.6,6.8,4.9,0.99,2.3,5.8,14.9
8.4,9.1,8.3,8.4,-0.1,3.9,5.0,4.8,4.3,5.3,2.0,3.4,2.2,2.5,2.0,3.3,2.0,7,0,2,3.9,8.1,3.3,5.7,5.3,5.4,4.2,5.3,6.3,2,6.6,0,4.1,Maths,3.6,3.5,4.6,5.3,2.0,1.24,2.1,3.8,6.3
14.5,13.6,14.1,14.5,-0.4,6.3,6.0,6.0,4.3,2.3,7.5,6.4,5.8,7.1,7.9,5.8,6.7,1,5,0,8.6,4.6,7.1,5.6,5.9,2.8,7.6,3.4,6.0,1,5.6,1,6.6,Gestion,6.0,7.0,5.2,2.3,7.5,3.35,0.9,6.1,13.1
17.2,17.3,14.5,16.0,-2.7,9.5,9.5,7.3,8.7,5.3,6.5,6.4,5.7,7.2,5.5,5.3,6.7,14,7,1,5.5,2.5,5.8,5.8,9.2,7.1,5.9,7.8,10.0,2,8.2,0,4.4,Lettres,7.4,7.5,8.0,5.3,6.5,0.91,3.4,6.5,19.4
12.5,11.5,12.2,11.7,-0.3,3.0,3.9,2.8,2.0,5.7,2.0,5.6,2.0,4.2,2.9,2.2,3.1,0,4,0,4.6,10.0,2.7,9.2,4.8,4.3,4.2,4.7,4.1,3,4.3,1,6.9,Lettres,2.6,3.4,2.4,5.7,2.0,1.75,0.7,2.5,6.2
12.9,12.4,14.0,13.5,1.1,8.4,6.5,3.0,9.0,5.4,6.7,8.2,6.4,8.9,8.2,9.0,4.8,2,6,2,8.5,2.0,7.6,6.1,8.1,4.8,4.1,5.3,10.0,2,8.7,1,5.3,Lettres,8.7,7.4,6.0,5.4,6.7,1.3,2.6,6.3,18.9
8.0,8.0,9.2,8.0,1.2,4.4,4.0,5.2,4.7,4.1,7.6,4.7,5.8,5.5,5.0,2.4,5.7,0,2,0,3.5,10.0,3.8,7.6,4.5,5.7,2.9,2.9,3.1,3,6.0,0,6.6,Technique,3.4,4.5,5.0,4.1,7.6,2.07,0.3,2.7,8.0
14.5,14.0,13.8,14.4,-0.7,6.6,7.5,5.9,6.0,8.3,5.3,6.9,6.6,6.8,7.6,7.6,3.3,16,11,3,6.8,4.7,4.6,4.2,6.6,5.0,3.2,4.9,3.7,2,7.9,1,7.3,Gestion,7.1,7.6,6.0,8.3,5.3,1.17,5.6,5.1,15.3
14.7,14.6,13.6,14.6,-1.1,8.8,5.8,8.8,7.7,5.5,5.6,6.1,4.5,4.1,4.9,3.9,7.8,1,10,4,6.8,5.6,7.6,4.9,7.2,9.5,7.6,3.6,6.4,3,7.0,0,3.0,Lettres,6.4,5.4,8.2,5.5,5.6,1.16,4.4,6.4,16.6
10.2,12.3,12.4,12.4,2.2,5.3,4.7,5.7,5.9,4.1,7.8,4.5,4.5,5.3,5.0,6.4,5.7,6,8,1,7.3,8.1,4.4,6.6,6.9,2.0,4.4,5.1,7.6,1,4.1,1,6.1,Gestion,5.8,4.8,5.8,4.1,7.8,1.54,2.7,4.2,11.3
16.8,14.9,16.4,16.2,-0.4,6.5,6.9,6.2,8.9,6.1,3.9,6.5,6.6,6.0,6.1,6.6,3.9,12,8,2,8.0,3.4,5.8,5.1,6.1,7.1,8.2,6.8,6.0,1,5.9,0,5.5,Technique,6.6,6.5,7.6,6.1,3.9,1.46,4.0,6.3,17.9
13.8,13.7,13.6,12.6,-0.2,5.3,3.7,6.7,7.1,8.1,8.1,6.0,2.8,6.3,3.8,7.4,5.2,0,6,2,6.8,6.0,5.0,4.7,4.8,5.7,2.0,6.8,4.3,3,3.4,0,6.7,Lettres,6.4,3.8,6.9,8.1,8.1,2.55,2.3,4.2,11.3
11.0,10.6,12.1,10.7,1.1,4.3,3.0,5.6,4.5,4.9,6.2,4.5,5.2,5.6,5.3,4.0,8.6,2,2,1,5.3,8.4,2.8,7.1,2.0,4.4,6.8,4.5,6.5,3,5.5,0,3.8,Sciences,4.2,4.2,5.0,4.9,6.2,0.57,1.2,3.2,7.2
16.8,16.0,17.9,16.6,1.1,7.8,7.9,7.1,6.1,6.8,4.2,7.0,6.9,7.1,8.8,4.4,8.7,14,8,3,3.7,2.6,7.5,4.1,6.5,6.1,6.3,6.7,8.6,1,4.1,0,5.5,Maths,6.1,8.4,6.6,6.8,4.2,1.79,4.9,6.7,19.6
14.7,14.5,14.0,13.5,-0.7,5.5,7.5,7.4,4.9,4.5,3.9,6.9,3.7,5.0,5.4,5.6,4.0,9,3,2,6.2,4.3,5.3,2.0,7.4,6.0,5.9,4.4,4.4,3,6.5,0,8.1,Maths,5.6,6.4,6.2,4.5,3.9,0.94,2.8,6.5,13.3
10.8,10.1,12.1,11.2,1.3,3.3,4.3,3.0,3.8,4.9,3.3,3.9,2.0,6.2,6.5,4.6,5.2,2,1,1,4.9,6.7,3.2,9.2,5.3,6.6,2.7,2.1,2.9,2,2.0,1,7.4,Sciences,4.0,5.4,3.4,4.9,3.3,0.69,1.1,3.1,6.7
15.1,15.0,16.3,16.5,1.2,9.4,7.2,7.3,8.6,7.5,2.3,6.2,8.4,6.3,5.9,6.8,4.0,12,3,2,8.2,6.6,6.4,4.9,5.3,3.9,7.0,4.9,8.5,3,8.0,0,4.6,Sciences,8.1,6.6,8.0,7.5,2.3,4.66,3.2,5.4,18.2
16.0,16.3,15.6,15.2,-0.4,5.9,4.8,6.5,5.0,3.6,5.6,6.2,5.2,4.3,8.0,6.7,3.1,7,7,3,5.1,6.8,7.5,6.4,2.9,4.5,4.9,7.7,2.8,2,4.0,0,9.2,Maths,6.3,6.4,5.8,3.6,5.6,1.03,3.9,4.4,13.4
13.5,15.8,13.4,14.1,-0.1,9.7,8.9,8.3,6.6,7.7,4.2,5.9,8.7,6.1,8.0,6.3,6.4,6,8,3,6.9,3.0,7.9,3.6,6.7,5.0,4.5,7.0,9.1,2,4.9,1,2.0,Gestion,8.0,8.4,7.4,7.7,4.2,2.3,4.0,6.5,18.6
12.5,13.0,13.8,13.4,1.3,5.6,6.4,6.5,8.4,5.1,5.7,3.5,7.9,5.1,4.1,4.0,6.3,13,5,1,6.0,7.7,3.1,7.1,7.3,4.0,3.5,5.7,7.2,2,8.3,1,6.3,Gestion,4.8,5.2,7.4,5.1,5.7,0.89,2.9,3.8,13.1
11.3,11.7,12.1,11.7,0.8,6.2,4.6,4.9,5.2,5.2,2.6,5.6,6.9,4.5,8.4,4.2,6.5,8,4,2,4.4,5.3,7.0,4.7,4.9,6.3,3.4,2.0,2.0,2,6.4,0,3.6,Gestion,5.2,6.5,5.1,5.2,2.6,1.61,2.9,5.1,12.2
11.6,11.3,14.0,12.3,2.4,6.5,7.6,7.8,5.2,4.3,7.1,5.4,5.3,7.4,5.7,5.5,7.1,0,1,1,4.0,2.2,7.2,4.2,3.9,7.2,6.3,5.8,6.3,2,7.6,0,6.8,Technique,6.0,6.6,6.5,4.3,7.1,0.94,0.8,6.2,15.0
13.3,14.0,14.1,14.0,0.8,9.0,8.1,7.0,8.2,5.8,7.2,6.9,3.4,4.3,8.9,6.3,7.3,13,8,2,7.5,5.6,8.0,5.7,6.0,8.6,5.3,3.2,3.3,2,4.8,0,6.0,Gestion,7.6,8.5,7.6,5.8,7.2,0.78,4.1,5.6,18.5
14.5,13.8,14.6,14.2,0.1,5.8,5.2,5.3,6.0,4.0,4.0,4.9,6.5,5.1,6.5,9.7,3.0,6,5,1,8.1,8.5,7.7,6.2,6.7,7.2,3.2,2.7,3.9,1,7.8,1,4.3,Maths,7.8,5.8,5.6,4.0,4.0,1.94,2.2,4.6,14.8
11.6,13.5,14.1,13.6,2.5,7.2,5.8,4.9,3.7,3.6,5.8,7.6,8.7,5.9,6.5,7.8,5.4,7,9,0,4.8,7.0,6.0,3.5,7.9,7.2,6.0,2.7,5.0,1,5.7,1,4.7,Technique,7.5,6.2,4.3,3.6,5.8,1.91,2.3,5.9,13.6
11.2,13.3,12.8,12.9,1.6,6.0,4.9,8.2,6.9,5.8,5.2,4.7,5.4,5.9,6.9,6.6,6.8,7,6,2,5.3,3.3,6.6,9.1,5.3,3.3,2.0,3.2,3.3,1,6.0,0,4.5,Technique,6.3,5.9,7.6,5.8,5.2,0.61,3.1,4.3,12.2
9.5,10.2,10.9,11.2,1.4,4.6,8.5,3.8,3.8,4.2,7.5,4.5,2.2,7.4,6.4,5.9,5.6,2,7,3,7.1,7.1,4.4,5.3,7.0,8.0,7.0,6.1,9.5,3,8.2,0,5.8,Gestion,5.2,7.4,3.8,4.2,7.5,2.47,3.4,5.2,10.5
11.5,12.7,14.3,13.0,2.8,6.3,6.7,7.7,5.9,3.3,3.3,6.5,4.8,8.0,5.5,6.4,5.8,16,6,2,7.8,5.5,7.4,5.6,7.5,5.6,8.5,5.4,7.6,2,4.0,1,7.7,Technique,6.4,6.1,6.8,3.3,3.3,2.38,4.1,6.5,13.8
15.7,13.0,14.1,14.6,-1.6,8.3,6.5,4.4,5.9,9.3,5.0,4.3,5.7,4.1,7.0,6.6,6.2,1,7,1,6.6,6.4,6.6,8.8,4.3,7.9,3.6,3.3,8.8,3,7.7,1,9.6,Maths,7.4,6.8,5.2,9.3,5.0,2.52,1.9,3.9,14.6
11.9,13.0,12.5,13.3,0.6,8.9,8.4,8.2,7.8,4.9,4.8,5.6,5.7,5.0,8.1,7.6,7.3,12,10,1,7.8,2.5,5.4,2.0,9.2,4.6,8.1,4.9,7.0,3,7.4,1,6.2,Technique,8.2,8.2,8.0,4.9,4.8,2.65,3.7,7.6,19.7
13.5,14.6,15.5,14.7,2.0,7.2,9.0,7.3,3.6,8.1,5.8,7.6,3.1,7.0,7.2,6.9,3.0,12,7,0,7.7,4.1,8.7,2.0,7.2,6.2,6.6,6.6,6.9,2,6.1,0,6.9,Sciences,7.0,8.1,5.4,8.1,5.8,1.24,2.5,7.3,17.6
13.9,13.1,14.1,12.9,0.2,5.1,5.7,8.0,5.1,2.9,6.1,5.2,5.5,5.0,5.6,2.8,7.3,8,7,3,7.3,3.7,5.6,6.8,4.0,7.5,4.6,6.3,8.9,3,4.0,0,8.1,Lettres,4.0,5.6,6.6,2.9,6.1,1.91,4.1,4.7,13.2
14.1,14.6,14.3,14.4,0.2,7.2,5.4,5.0,7.6,6.4,4.1,4.9,4.8,4.6,6.4,5.6,5.4,7,5,0,4.0,6.2,5.7,2.0,8.9,6.1,4.9,5.3,6.9,2,5.7,0,5.2,Lettres,6.4,5.9,6.3,6.4,4.1,0.77,1.6,6.3,14.3
11.9,13.5,12.7,12.7,0.8,8.2,8.3,5.6,8.8,5.9,5.0,7.9,9.3,7.0,9.8,6.6,7.5,9,7,1,10.0,2.3,6.4,2.0,6.6,5.4,7.1,3.5,8.0,1,5.0,0,5.0,Maths,7.4,9.0,7.2,5.9,5.0,1.91,2.8,7.2,17.8
13.0,13.8,15.7,15.2,2.7,7.1,5.7,5.6,4.3,4.4,7.0,4.8,5.9,6.3,5.5,4.9,2.0,4,11,2,6.5,6.8,5.4,8.0,2.9,8.2,5.4,4.2,4.2,2,8.1,1,9.5,Maths,6.0,5.6,4.9,4.4,7.0,0.8,3.6,3.8,13.6
14.5,14.4,15.4,15.7,0.9,7.1,6.2,9.8,8.7,7.0,8.4,7.1,7.8,6.3,9.1,6.4,9.5,7,9,3,8.3,2.9,7.9,3.6,6.0,4.9,2.4,10.5,5.4,2,6.8,0,6.2,Maths,6.8,7.6,9.2,7.0,8.4,0.85,4.3,6.0,19.3
13.2,13.3,12.5,12.8,-0.7,4.8,3.9,4.1,4.3,5.3,5.9,4.4,5.3,4.8,4.8,6.1,3.2,13,4,2,4.3,2.0,4.0,10.0,4.2,5.7,8.4,2.4,6.2,3,4.6,1,6.3,Gestion,5.4,4.4,4.2,5.3,5.9,0.43,3.4,4.9,12.3
10.7,11.1,13.9,12.9,3.2,8.1,8.4,2.3,5.6,4.4,5.1,6.7,6.2,5.3,5.0,7.4,10.0,7,8,2,5.8,7.0,3.8,3.6,5.2,7.3,6.4,5.9,7.0,2,3.6,0,3.3,Maths,7.8,6.7,4.0,4.4,5.1,2.05,3.4,5.0,15.0
12.6,13.3,13.9,13.1,1.3,6.2,5.7,5.4,4.9,3.7,4.6,7.4,3.0,5.0,10.0,6.1,8.7,17,2,1,6.4,7.4,3.8,5.7,5.0,9.3,5.1,8.8,3.7,1,5.0,1,4.9,Maths,6.2,7.8,5.2,3.7,4.6,2.02,2.9,4.2,12.1
15.2,14.3,16.7,15.4,1.5,9.1,6.8,8.7,7.4,4.0,6.9,4.9,5.6,8.1,8.1,8.3,4.4,14,7,2,3.4,6.5,8.1,5.3,6.7,6.1,5.3,5.4,7.8,2,8.8,0,9.8,Sciences,8.7,7.4,8.0,4.0,6.9,2.64,4.1,5.7,19.2
16.2,17.8,15.7,16.4,-0.5,6.9,6.7,5.3,8.3,6.8,6.1,7.1,8.2,5.5,7.7,7.9,7.6,0,4,2,4.8,2.0,6.7,5.7,6.2,6.1,5.8,9.1,4.4,2,6.6,0,7.1,Technique,7.4,7.2,6.8,6.8,6.1,0.2,2.0,6.2,17.3
11.4,10.5,10.2,10.3,-1.2,5.1,6.7,6.7,5.9,3.1,2.0,6.9,5.8,4.9,6.6,5.3,3.5,11,7,1,4.4,5.3,7.5,5.7,5.6,5.0,7.2,3.5,5.8,1,5.5,0,5.8,Maths,5.2,6.6,6.3,3.1,2.0,3.29,3.1,5.9,12.6
13.3,13.5,14.2,13.7,0.9,7.8,5.9,4.5,5.9,5.7,6.4,5.7,5.5,5.7,8.2,7.0,4.6,8,6,0,3.7,5.9,6.1,4.4,7.1,6.6,6.0,2.0,3.5,2,9.1,0,8.6,Technique,7.4,7.0,5.2,5.7,6.4,0.67,1.9,5.8,14.7
13.2,15.3,13.8,14.2,0.6,8.0,4.4,6.0,7.6,6.8,3.8,4.8,6.8,6.3,6.9,3.8,4.7,2,7,1,6.4,6.6,7.7,5.9,5.1,7.2,6.3,4.1,8.8,3,5.4,1,3.2,Technique,5.9,5.6,6.8,6.8,3.8,1.21,2.1,5.3,15.1
12.3,11.4,13.2,12.4,0.9,5.2,6.2,6.7,4.4,5.7,2.5,6.4,6.4,6.2,7.0,5.3,6.1,14,8,1,5.7,3.7,4.7,8.5,7.7,7.8,3.5,3.4,5.3,3,4.5,0,5.2,Sciences,5.2,6.6,5.6,5.7,2.5,1.92,3.6,4.7,13.1
13.3,13.4,15.5,14.2,2.2,6.8,8.8,5.2,6.8,5.1,2.6,8.5,9.6,9.7,5.5,6.2,6.9,8,6,2,9.4,5.4,6.4,6.1,4.9,8.0,5.6,2.5,5.6,2,7.2,0,10.0,Lettres,6.5,7.2,6.0,5.1,2.6,2.51,3.2,5.1,17.9
12.7,11.2,12.1,12.3,-0.6,6.3,7.4,6.0,7.2,7.0,4.8,7.2,6.0,6.7,7.3,8.2,3.4,5,5,2,3.8,5.1,5.9,4.7,6.9,5.1,5.5,4.1,3.8,2,6.7,1,5.9,Maths,7.2,7.4,6.6,7.0,4.8,0.88,2.7,5.7,13.5
10.9,10.5,11.6,11.3,0.7,4.0,4.0,6.3,5.4,3.9,2.7,5.3,3.2,5.7,4.6,5.5,5.3,7,5,2,5.7,4.3,4.6,5.2,7.7,6.7,5.9,6.2,2.7,1,4.4,1,5.5,Technique,4.8,4.3,5.8,3.9,2.7,1.06,2.9,5.7,9.4
9.5,10.4,11.8,10.3,2.3,5.8,7.8,6.6,5.2,3.3,2.0,6.2,5.7,5.7,7.0,4.1,5.2,13,4,3,4.3,4.6,5.7,4.5,5.8,6.2,4.9,3.9,6.9,2,4.6,0,8.1,Lettres,4.9,7.4,5.9,3.3,2.0,3.61,4.1,5.5,14.0
14.0,15.1,16.4,14.7,2.4,5.5,6.4,4.9,3.7,5.1,4.6,4.9,6.8,4.9,3.7,7.0,2.5,9,6,4,2.8,6.7,4.7,3.3,6.4,7.4,7.0,4.4,8.0,3,8.6,1,8.3,Lettres,6.2,5.1,4.3,5.1,4.6,0.44,4.7,5.6,14.3
14.7,14.5,14.5,13.6,-0.2,7.2,8.6,8.9,7.1,7.1,4.7,8.0,8.0,6.1,7.7,8.0,5.4,10,7,1,7.7,2.0,4.3,5.2,5.1,7.9,4.3,8.2,8.4,2,5.6,0,4.0,Technique,7.6,8.2,8.0,7.1,4.7,1.58,2.9,5.3,16.9
13.8,12.3,14.7,13.9,0.9,6.0,7.2,7.2,3.9,4.7,5.1,7.6,3.9,5.5,3.2,6.2,8.6,6,7,2,7.6,6.6,7.5,6.9,5.5,9.1,5.9,3.8,9.0,1,3.6,0,6.9,Gestion,6.1,5.2,5.6,4.7,5.1,0.22,3.2,5.1,15.4
11.9,13.9,13.7,14.1,1.8,5.9,4.3,3.4,5.8,7.2,4.2,4.7,6.5,6.8,5.9,7.3,5.1,14,8,4,7.3,6.1,7.2,5.3,8.7,5.6,5.5,6.4,9.6,3,6.5,0,9.2,Maths,6.6,5.1,4.6,7.2,4.2,1.35,5.6,6.0,15.0
11.8,10.8,12.4,11.8,0.6,6.4,8.0,6.8,7.3,4.0,8.5,6.2,4.3,3.6,3.3,2.2,2.2,8,1,0,3.3,5.9,4.7,9.2,7.0,4.9,3.0,2.0,7.6,3,7.5,0,4.8,Gestion,4.3,5.6,7.0,4.0,8.5,2.86,1.1,3.9,12.8
11.9,12.2,13.1,12.4,1.2,6.1,5.8,4.7,6.4,4.2,6.0,6.6,4.8,6.5,6.7,2.0,6.7,6,2,1,6.0,3.5,6.3,9.3,6.5,6.6,5.3,3.0,4.8,2,5.5,0,5.2,Lettres,4.0,6.2,5.6,4.2,6.0,0.84,1.7,5.1,12.8
10.5,13.0,11.0,10.9,0.5,7.8,7.4,6.7,3.4,4.2,4.6,7.8,7.5,6.4,6.6,4.8,4.4,8,3,2,7.5,2.6,6.3,5.8,3.4,8.4,5.0,5.0,6.8,1,7.2,0,6.3,Sciences,6.3,7.0,5.0,4.2,4.6,1.11,2.7,5.3,16.0
9.5,11.9,11.4,11.6,1.9,2.7,2.5,5.6,4.5,5.4,4.3,4.3,5.5,5.5,3.5,4.9,4.6,9,5,3,6.9,7.3,6.2,8.6,3.7,5.1,6.7,6.4,2.0,1,3.5,0,6.7,Sciences,3.8,3.0,5.0,5.4,4.3,0.74,3.8,4.1,8.0
10.2,12.8,11.3,12.0,1.1,4.2,4.9,3.3,3.7,4.1,7.1,3.2,3.4,3.5,6.6,6.9,3.9,3,3,0,6.2,6.1,2.2,5.8,7.6,7.1,3.9,2.2,5.9,1,6.4,1,2.9,Maths,5.6,5.8,3.5,4.1,7.1,1.63,0.8,4.4,7.7
8.6,11.7,8.8,9.9,0.2,8.1,7.1,3.0,3.5,3.6,6.8,5.0,5.3,4.5,4.4,4.1,8.2,12,0,3,7.7,5.9,5.4,5.5,6.4,7.0,5.8,3.0,6.0,2,4.2,0,2.0,Sciences,6.1,5.8,3.2,3.6,6.8,2.0,3.3,5.2,12.5
9.6,10.1,8.0,9.1,-1.6,3.3,6.3,5.9,4.2,3.2,2.0,2.6,3.2,3.6,2.0,3.0,3.6,1,9,1,6.8,10.0,3.6,10.0,5.3,4.4,2.4,4.3,7.4,1,5.6,1,5.7,Sciences,3.2,4.2,5.1,3.2,2.0,1.06,2.3,2.3,6.2
10.8,11.3,12.5,11.7,1.7,7.8,8.3,7.9,5.4,2.0,3.6,6.3,10.0,5.8,7.1,6.4,3.8,12,1,1,6.4,5.1,6.6,4.4,6.5,7.2,6.1,6.1,4.9,3,7.5,1,8.2,Gestion,7.1,7.7,6.6,2.0,3.6,4.91,2.2,5.9,15.1
12.1,12.1,13.6,13.2,1.5,7.7,7.0,6.0,5.4,7.0,3.9,5.9,6.4,7.3,3.7,5.5,4.9,10,6,5,7.1,5.1,8.7,8.3,5.2,5.4,5.0,3.2,7.2,3,6.3,0,5.5,Maths,6.6,5.4,5.7,7.0,3.9,1.17,5.4,5.1,14.8
15.0,14.8,14.7,14.8,-0.3,8.0,4.5,7.6,6.5,5.6,4.6,9.5,5.0,7.5,5.2,5.6,3.8,5,8,3,8.2,4.9,6.3,7.4,6.9,6.7,4.6,4.3,4.5,2,4.0,0,5.1,Sciences,6.8,4.8,7.0,5.6,4.6,0.99,3.9,5.1,15.6
11.8,10.9,11.4,11.4,-0.4,4.0,4.1,3.2,2.9,2.0,3.2,5.3,6.0,6.7,3.5,3.8,3.6,3,2,1,5.6,10.0,5.3,9.1,2.1,2.9,8.7,5.9,4.3,2,3.0,0,5.1,Sciences,3.9,3.8,3.0,2.0,3.2,0.46,1.3,3.4,6.7
11.9,12.7,14.6,14.1,2.7,6.6,4.8,5.6,5.6,2.8,5.1,7.0,7.4,5.0,3.7,7.6,8.2,0,7,2,8.1,8.7,5.4,4.0,3.2,5.7,4.8,2.5,2.6,2,8.7,1,8.7,Technique,7.1,4.2,5.6,2.8,5.1,2.04,2.5,4.1,12.5
15.7,16.1,16.1,15.9,0.4,8.0,6.9,6.2,5.5,5.2,6.8,7.2,8.8,2.2,5.8,8.1,8.0,6,4,3,8.0,6.1,8.3,4.7,5.2,8.1,5.5,6.0,9.0,3,4.9,0,5.0,Technique,8.0,6.4,5.8,5.2,6.8,0.92,3.3,5.6,15.8
11.6,13.9,12.9,13.7,1.3,8.0,5.1,6.0,5.7,3.8,7.2,6.1,9.4,6.1,4.6,6.6,9.5,2,7,5,5.2,5.4,7.9,6.3,6.8,7.7,7.3,4.4,8.5,3,7.6,0,7.2,Technique,7.3,4.8,5.8,3.8,7.2,1.82,4.7,6.1,16.2
9.8,12.9,12.3,11.3,2.5,5.4,5.7,6.3,7.3,6.8,4.6,5.6,6.8,6.3,6.2,8.4,6.3,17,0,4,3.5,6.4,5.5,4.0,3.5,7.1,4.3,7.7,5.1,1,6.2,1,3.9,Gestion,6.9,6.0,6.8,6.8,4.6,0.77,4.6,4.6,13.8
14.3,14.9,15.7,15.2,1.4,6.9,6.9,5.6,8.9,7.4,2.9,7.2,6.6,8.3,5.6,8.0,6.9,4,11,2,7.0,6.6,6.8,4.0,7.3,7.4,7.0,7.0,7.7,1,4.9,0,4.5,Sciences,7.4,6.2,7.2,7.4,2.9,3.0,3.6,6.1,19.3
13.6,14.9,15.1,14.6,1.5,5.5,5.7,5.9,3.7,6.4,3.5,6.7,5.9,6.8,6.4,8.0,4.1,21,6,4,4.0,6.3,7.2,6.8,4.7,6.5,6.5,7.0,6.4,3,5.2,0,7.6,Gestion,6.8,6.1,4.8,6.4,3.5,1.43,6.0,5.1,15.3
12.5,11.0,12.6,11.6,0.1,6.6,5.6,6.6,7.2,2.0,4.4,6.8,5.6,5.6,7.9,5.0,6.2,11,2,1,6.3,8.3,5.2,4.5,4.8,4.0,6.0,4.1,5.1,2,9.1,0,9.0,Technique,5.8,6.8,6.9,2.0,4.4,3.31,2.2,4.6,14.8
14.8,16.3,15.1,15.5,0.3,7.1,5.8,8.5,7.9,4.6,2.9,6.0,5.2,8.2,7.1,5.1,5.3,6,8,2,6.0,5.3,6.3,4.2,8.1,5.6,9.0,6.6,6.2,1,10.0,1,7.6,Lettres,6.1,6.4,8.2,4.6,2.9,3.2,3.3,6.8,13.8
11.6,13.4,14.8,13.5,3.2,4.6,5.8,3.5,7.5,3.9,7.1,5.0,7.1,4.1,5.4,4.6,6.4,11,10,0,8.2,4.4,4.9,3.1,5.6,6.0,3.9,6.2,4.7,2,5.2,1,2.2,Gestion,4.6,5.6,5.5,3.9,7.1,1.16,2.9,5.4,11.7
10.9,11.0,12.3,12.1,1.4,6.9,2.3,6.2,6.2,3.6,2.8,4.8,5.5,5.3,4.3,5.6,3.3,4,3,3,6.7,5.3,6.2,5.5,4.3,3.8,7.6,5.8,7.6,3,5.2,0,5.1,Technique,6.2,3.3,6.2,3.6,2.8,2.21,2.9,5.5,12.4
10.9,11.6,12.6,11.6,1.7,5.7,2.6,6.5,4.0,4.6,6.2,3.9,7.0,4.4,6.0,5.9,5.4,1,5,2,7.8,5.3,5.5,7.4,6.1,2.8,6.1,4.3,5.4,1,3.0,0,6.4,Maths,5.8,4.3,5.2,4.6,6.2,0.51,2.3,5.0,13.0
10.4,13.0,13.5,12.6,3.1,6.6,6.0,3.5,7.2,3.9,2.3,8.2,7.1,6.4,5.4,6.8,3.2,9,5,1,5.3,8.3,5.3,3.8,4.0,8.2,7.1,5.6,10.0,3,3.3,1,6.2,Technique,6.7,5.7,5.4,3.9,2.3,2.36,2.5,4.9,15.3
15.4,15.9,15.2,15.7,-0.2,7.9,7.5,8.1,6.1,7.1,7.2,10.0,5.7,9.6,7.7,10.0,7.3,15,6,4,10.0,5.3,9.4,4.2,7.8,7.1,7.0,2.4,7.1,1,5.2,1,3.1,Lettres,9.0,7.6,7.1,7.1,7.2,0.5,5.3,6.9,19.7
12.8,13.6,13.4,12.7,0.6,4.6,6.3,7.1,5.3,6.8,4.9,7.7,3.3,5.8,3.6,7.0,6.6,14,3,4,7.7,4.9,6.4,5.4,7.8,6.4,8.4,8.4,6.2,3,5.2,1,3.7,Technique,5.8,5.0,6.2,6.8,4.9,0.53,4.7,6.5,13.8
16.3,15.7,17.6,17.0,1.3,8.9,6.7,8.3,8.0,7.9,8.8,5.8,5.4,7.3,8.6,6.6,4.0,14,6,5,7.8,5.5,7.5,3.0,8.2,7.9,5.9,4.8,8.2,2,6.7,0,5.1,Technique,7.8,7.6,8.2,7.9,8.8,0.17,5.9,6.6,19.6
8.7,9.2,10.3,10.0,1.6,6.1,4.3,4.1,3.0,4.1,2.4,5.6,3.8,2.4,4.7,4.7,2.0,2,3,0,2.0,7.7,5.1,8.9,8.3,3.3,5.3,3.4,6.4,2,6.5,1,5.4,Maths,5.4,4.5,3.6,4.1,2.4,1.0,0.7,4.4,8.1
17.4,16.8,16.4,16.2,-1.0,8.6,7.8,7.9,5.6,10.0,4.9,8.9,7.3,7.0,10.0,9.5,4.5,18,7,5,9.2,6.9,4.8,7.3,4.0,6.3,8.4,3.4,7.4,2,7.1,0,3.1,Gestion,9.0,8.9,6.8,10.0,4.9,3.41,6.5,4.6,19.4
11.5,11.6,12.5,12.3,1.0,4.1,4.6,5.6,6.1,7.1,4.3,5.0,4.5,7.1,7.5,6.8,4.9,13,4,1,9.2,5.9,9.0,8.0,5.9,8.3,4.4,6.1,6.6,3,7.1,0,6.9,Technique,5.4,6.0,5.8,7.1,4.3,0.82,2.8,5.1,12.3
13.1,14.6,15.4,14.4,2.3,8.1,8.0,3.9,9.2,5.8,5.2,7.3,7.3,6.2,7.3,8.7,3.6,11,9,5,6.4,2.6,6.6,3.9,4.3,5.5,7.4,6.4,6.8,3,5.2,0,6.0,Technique,8.4,7.6,6.6,5.8,5.2,1.37,6.1,6.4,16.0
12.5,10.5,13.5,12.7,1.0,4.9,6.3,6.1,7.7,4.7,4.6,5.4,5.1,5.6,5.8,5.3,7.8,14,8,3,6.1,5.6,2.9,9.4,5.7,5.6,5.5,4.4,4.5,2,5.9,0,4.2,Sciences,5.1,6.0,6.9,4.7,4.6,0.77,4.9,3.8,13.9
13.1,17.1,15.0,14.7,1.9,5.8,7.1,5.7,7.2,8.1,4.8,8.5,6.5,7.8,5.3,5.3,6.5,19,2,3,5.2,4.9,8.3,7.3,6.3,5.1,3.8,2.0,4.3,2,5.5,1,6.5,Sciences,5.6,6.2,6.4,8.1,4.8,1.21,4.4,5.2,15.2
13.5,14.4,13.7,14.6,0.2,6.7,6.4,5.1,7.6,7.5,4.7,6.8,6.3,5.9,7.6,5.3,6.8,6,5,2,3.0,3.3,5.1,4.6,9.9,4.9,3.5,3.8,7.6,2,3.9,0,3.5,Sciences,6.0,7.0,6.4,7.5,4.7,0.92,2.8,6.1,15.0
11.3,15.0,14.6,13.9,3.3,6.8,9.0,9.6,6.9,3.2,2.0,4.9,8.4,7.8,5.8,5.5,2.9,4,10,2,5.0,6.8,7.8,4.2,6.0,8.0,5.4,6.0,9.0,2,2.6,1,6.0,Sciences,6.2,7.4,8.2,3.2,2.0,5.82,3.4,5.6,14.3
13.9,13.3,14.5,13.6,0.6,5.2,6.6,7.4,6.3,7.2,6.9,6.7,4.2,4.1,7.5,4.3,7.5,5,7,1,9.1,8.7,6.0,8.1,5.7,2.0,6.9,5.4,2.7,3,4.7,0,2.7,Gestion,4.8,7.0,6.8,7.2,6.9,0.82,2.4,4.4,13.0
12.5,14.2,15.9,13.8,3.4,8.2,6.9,5.6,8.5,6.3,10.0,8.8,10.0,8.2,7.8,7.6,7.7,5,9,2,8.9,2.3,4.9,4.7,8.6,6.1,3.2,5.8,4.4,1,2.2,0,3.5,Gestion,7.9,7.4,7.0,6.3,10.0,1.57,3.4,5.9,18.9
13.8,14.6,14.5,13.3,0.7,7.0,7.0,6.2,3.6,3.9,5.7,6.1,4.8,8.0,6.5,6.3,4.2,10,7,2,4.4,7.8,6.3,4.4,5.8,6.3,5.7,4.1,3.2,1,3.9,0,5.1,Gestion,6.6,6.8,4.9,3.9,5.7,1.16,3.6,5.1,13.3
16.4,16.3,14.1,15.3,-2.3,7.7,4.1,8.2,6.3,2.4,3.2,6.9,4.1,7.5,7.1,8.1,3.1,1,6,3,5.0,4.6,6.5,5.3,9.1,9.1,7.0,2.1,7.7,2,7.1,0,4.8,Maths,7.9,5.6,7.2,2.4,3.2,4.69,3.1,6.5,14.7
15.3,13.6,14.2,13.8,-1.1,7.8,6.2,3.7,5.7,5.1,3.3,6.0,5.5,3.6,4.7,3.5,5.4,14,6,1,10.0,5.9,7.9,5.0,7.1,4.1,3.6,6.9,7.7,1,6.3,0,6.7,Gestion,5.6,5.4,4.7,5.1,3.3,0.7,3.2,5.5,14.0
10.7,11.6,13.4,11.7,2.7,8.6,6.6,6.1,6.1,5.6,6.4,4.6,10.0,5.3,4.7,4.8,4.8,5,5,4,4.1,5.6,7.0,4.1,7.4,3.8,4.6,2.3,4.3,3,6.1,0,6.0,Maths,6.7,5.6,6.1,5.6,6.4,0.18,4.1,5.9,14.4
12.7,14.3,14.2,13.4,1.5,7.7,6.5,6.3,5.4,8.4,6.1,6.1,7.3,6.0,4.8,7.4,5.0,15,9,2,4.8,5.6,4.3,7.4,3.2,4.7,6.6,4.8,10.0,2,8.2,0,9.8,Maths,7.6,5.6,5.8,8.4,6.1,1.16,4.5,4.2,14.9
16.0,18.1,16.6,16.0,0.6,8.4,7.2,5.5,8.1,8.3,5.4,8.2,8.0,8.7,8.8,7.5,5.5,0,7,4,6.1,5.0,9.1,5.8,10.0,8.1,7.7,3.9,6.5,2,5.4,0,6.0,Lettres,8.0,8.0,6.8,8.3,5.4,1.15,3.8,7.2,19.3
12.5,11.4,12.2,11.2,-0.3,6.8,4.2,5.9,4.1,4.2,6.4,5.4,6.6,3.9,4.3,5.7,6.4,5,5,3,3.1,4.8,4.9,7.8,4.6,5.9,7.7,6.7,8.4,3,7.0,1,2.0,Gestion,6.2,4.2,5.0,4.2,6.4,0.9,3.4,4.9,12.2
10.7,12.3,10.3,10.5,-0.4,6.6,4.7,7.2,4.8,6.0,2.0,6.9,4.5,4.5,4.6,7.6,2.0,1,8,3,4.8,8.5,8.5,7.6,5.8,3.4,4.5,6.0,7.3,2,4.5,0,2.3,Sciences,7.1,4.6,6.0,6.0,2.0,3.08,3.4,4.5,12.9
10.4,10.7,11.6,10.9,1.2,5.6,5.0,6.9,3.8,6.1,6.1,4.4,5.3,3.0,5.9,3.7,7.1,12,4,1,4.4,8.1,4.4,5.1,4.2,5.5,3.6,3.7,3.4,2,6.0,0,3.5,Lettres,4.6,5.4,5.4,6.1,6.1,0.29,2.7,3.8,10.0
8.0,9.9,9.1,9.0,1.1,4.2,2.6,3.6,5.3,4.3,4.8,3.8,4.2,3.3,4.0,3.5,5.8,12,4,1,3.1,9.7,3.9,6.5,3.1,7.6,7.0,5.2,3.8,1,5.5,0,10.0,Lettres,3.8,3.3,4.4,4.3,4.8,0.27,2.7,3.6,7.2
14.1,15.6,14.9,14.6,0.8,7.0,9.4,10.0,6.8,5.3,3.8,8.1,9.3,5.3,6.3,5.6,6.6,0,6,4,9.2,3.4,5.7,7.5,4.8,7.1,4.9,2.7,5.1,2,6.8,1,6.3,Sciences,6.3,7.8,8.4,5.3,3.8,2.81,3.7,4.9,17.4
9.3,9.7,11.1,10.1,1.8,5.1,2.2,2.5,4.8,4.4,2.4,6.0,5.4,7.8,5.1,2.9,5.0,11,5,1,3.6,4.4,4.9,6.3,6.0,6.1,6.1,4.7,3.2,1,5.2,0,7.9,Sciences,4.0,3.6,3.6,4.4,2.4,0.45,2.7,5.3,12.8
12.3,11.7,12.0,12.4,-0.3,5.2,4.6,5.4,4.3,5.5,5.0,4.5,4.5,4.3,2.0,5.5,6.6,11,4,0,5.2,9.2,3.9,4.0,2.2,5.8,8.3,2.4,4.8,2,6.2,0,7.5,Gestion,5.4,3.3,4.8,5.5,5.0,0.62,1.9,4.2,10.5
9.2,12.4,12.7,11.4,3.5,6.1,5.7,3.3,5.4,5.9,7.6,7.0,3.8,6.5,4.3,4.9,5.1,9,4,1,4.1,4.5,7.5,6.6,5.3,6.5,6.4,6.7,3.4,2,6.5,1,3.6,Technique,5.5,5.0,4.4,5.9,7.6,1.2,2.3,5.6,12.3
15.1,14.1,14.6,14.6,-0.5,5.9,6.7,6.0,8.2,5.0,4.8,5.1,6.0,6.1,7.7,5.0,5.1,11,4,2,5.6,6.2,3.9,7.0,7.7,3.8,6.7,5.7,5.7,2,3.5,0,2.8,Maths,5.4,7.2,7.1,5.0,4.8,1.07,3.2,5.0,13.9
13.1,12.1,13.4,12.9,0.3,7.2,5.0,5.3,4.2,2.0,3.7,5.2,6.4,6.2,5.4,4.9,7.6,11,6,4,4.3,7.5,7.5,6.5,7.2,5.7,7.6,6.4,9.8,2,7.6,0,7.2,Gestion,6.1,5.2,4.8,2.0,3.7,1.94,4.9,5.7,14.6
12.4,11.8,11.6,12.4,-0.8,8.1,7.2,6.2,6.5,3.1,5.4,2.0,3.8,4.9,3.0,5.7,8.8,11,9,2,5.9,6.2,7.0,4.4,6.5,5.5,6.1,3.7,7.1,1,3.7,1,2.0,Technique,6.9,5.1,6.4,3.1,5.4,1.71,4.1,5.8,12.6
11.6,12.1,13.5,12.6,1.9,4.6,4.0,5.5,6.4,6.5,8.5,5.1,6.4,6.9,4.5,4.8,3.8,3,8,4,6.6,8.2,8.1,9.4,4.5,5.1,6.6,6.4,4.9,3,4.4,0,7.7,Maths,4.7,4.2,6.0,6.5,8.5,2.25,4.3,4.3,13.4
13.2,13.5,14.2,12.7,1.0,7.7,5.7,5.1,5.0,2.3,6.2,8.3,6.5,6.6,6.9,6.7,6.6,15,2,3,9.0,5.0,6.5,2.6,3.8,7.5,5.3,3.1,5.2,1,6.6,0,5.9,Technique,7.2,6.3,5.0,2.3,6.2,2.88,4.0,5.6,15.5
16.2,17.3,16.7,16.8,0.5,6.5,6.9,4.7,8.0,7.5,6.2,3.2,7.3,6.2,6.5,6.7,3.7,9,5,2,4.9,3.7,4.4,5.9,7.7,4.9,7.3,3.1,5.3,3,7.1,0,7.1,Technique,6.6,6.7,6.4,7.5,6.2,0.2,3.2,6.0,14.0
10.6,11.9,10.7,11.3,0.1,6.2,6.8,8.0,6.0,6.8,7.2,4.1,7.0,4.7,5.1,5.1,5.9,7,4,3,8.8,7.3,5.2,9.5,4.9,5.0,5.8,4.3,9.5,2,6.1,1,6.4,Lettres,5.6,5.9,7.0,6.8,7.2,0.37,3.4,3.8,11.7
14.1,14.3,14.4,13.9,0.3,5.5,3.7,6.0,4.6,5.3,5.9,6.2,5.6,5.1,4.7,5.1,3.9,10,1,1,4.2,6.8,6.6,7.3,5.6,3.6,3.0,2.9,3.6,2,6.4,0,6.5,Gestion,5.3,4.2,5.3,5.3,5.9,0.3,1.9,4.2,12.3
13.0,13.3,15.3,13.8,2.3,8.5,10.0,4.9,4.6,7.7,4.5,4.4,5.7,8.2,5.4,7.5,8.7,5,8,3,6.5,8.8,7.7,5.8,6.8,7.6,6.8,7.3,7.2,2,4.7,0,6.7,Sciences,8.0,7.7,4.8,7.7,4.5,2.44,3.9,5.3,19.4
14.2,14.3,12.8,13.7,-1.4,6.7,4.9,6.7,6.2,6.5,2.0,5.4,4.7,6.4,6.6,6.0,5.4,1,6,1,9.5,4.3,6.7,3.8,7.1,7.7,2.2,4.1,6.9,3,5.1,0,6.5,Lettres,6.4,5.8,6.4,6.5,2.0,2.98,1.8,5.6,14.1
13.9,14.4,12.7,13.3,-1.2,5.8,4.0,5.2,5.5,5.1,3.4,7.3,8.1,5.9,7.0,7.7,5.4,7,11,0,10.0,5.9,7.9,6.7,8.7,5.2,6.4,2.7,8.1,1,2.3,1,6.0,Lettres,6.8,5.5,5.4,5.1,3.4,1.15,2.6,6.1,12.8
12.3,13.4,12.8,12.9,0.5,4.9,6.6,5.8,4.2,3.1,3.1,8.8,6.0,5.0,7.8,6.4,8.2,15,5,3,9.2,4.8,6.9,5.8,8.3,7.4,5.1,2.6,5.3,2,4.4,0,3.5,Sciences,5.6,7.2,5.0,3.1,3.1,2.46,4.5,5.9,13.6
12.5,11.7,10.9,11.3,-1.6,5.5,4.9,6.4,3.7,6.7,6.2,5.9,7.8,8.0,3.9,7.1,3.8,1,3,3,5.2,6.4,5.8,4.3,2.0,5.4,8.1,6.0,3.7,3,3.4,0,5.1,Lettres,6.3,4.4,5.1,6.7,6.2,0.74,2.6,5.0,11.8
16.8,14.5,14.8,15.2,-2.0,7.4,7.1,9.3,8.7,9.1,7.5,6.3,8.0,6.9,9.4,8.2,7.9,12,5,5,8.0,3.7,4.7,5.8,6.7,2.6,7.2,2.0,7.8,3,6.7,0,10.0,Sciences,7.8,8.2,9.0,9.1,7.5,0.4,5.5,5.8,19.8
12.1,13.3,11.7,13.1,-0.4,7.8,7.3,5.0,3.3,3.8,5.7,5.1,7.3,6.4,6.3,4.4,4.8,6,5,1,7.6,3.9,5.2,3.9,4.2,6.2,7.2,3.3,8.8,2,10.0,0,6.7,Technique,6.1,6.8,4.2,3.8,5.7,1.32,2.2,5.8,15.4
14.5,15.3,16.8,16.0,2.3,4.0,3.5,5.3,5.8,2.8,2.6,5.8,6.8,5.4,5.7,4.8,7.2,3,7,3,6.4,7.3,4.9,4.9,7.2,5.4,3.6,7.4,5.1,3,7.1,1,7.9,Technique,4.4,4.6,5.6,2.8,2.6,1.26,3.5,4.7,12.2
14.3,14.3,14.9,14.3,0.6,8.7,4.6,5.9,6.4,5.9,8.9,7.2,4.8,9.3,8.0,6.6,9.2,12,9,4,4.6,4.6,3.7,5.8,6.6,6.7,7.0,4.9,5.1,2,2.4,0,4.5,Gestion,7.6,6.3,6.2,5.9,8.9,1.29,5.5,5.4,16.9
13.1,11.4,11.8,12.9,-1.3,6.1,4.6,6.1,6.0,4.0,4.2,8.0,5.7,5.1,4.7,6.8,4.6,10,14,1,6.1,9.0,3.6,6.1,6.5,6.1,4.2,6.0,5.8,1,3.1,1,4.0,Sciences,6.4,4.6,6.0,4.0,4.2,0.99,4.1,3.8,11.7
12.6,12.6,15.6,14.1,3.0,5.6,6.4,4.4,4.4,5.0,5.9,6.4,3.2,4.6,2.0,8.0,2.0,2,1,3,4.4,6.1,4.6,7.1,4.7,4.2,6.6,5.2,2.2,2,3.3,0,3.5,Gestion,6.8,4.2,4.4,5.0,5.9,0.94,2.4,4.5,10.2
11.8,11.0,12.8,11.2,1.0,4.0,5.0,5.6,6.0,7.3,5.2,5.9,5.2,5.9,6.8,5.1,4.1,14,6,3,4.0,9.6,5.6,5.7,4.1,8.4,3.6,4.5,5.4,2,2.8,1,3.5,Gestion,4.6,5.9,5.8,7.3,5.2,0.83,4.6,3.6,12.8
16.1,14.7,14.9,15.2,-1.2,8.1,9.6,6.8,6.1,2.8,6.2,6.9,7.9,6.4,7.7,7.2,10.0,13,6,4,6.2,4.8,8.2,7.0,5.6,6.7,6.5,2.6,9.3,2,6.1,0,3.6,Maths,7.6,8.6,6.4,2.8,6.2,3.92,5.1,5.7,18.8
11.3,12.6,13.7,12.5,2.4,7.6,7.5,5.6,5.7,8.1,6.2,10.0,4.3,6.1,5.4,7.1,4.5,7,7,4,6.6,8.3,5.6,4.2,3.5,5.6,3.7,2.4,7.6,3,6.4,0,6.4,Maths,7.4,6.4,5.6,8.1,6.2,0.76,4.6,4.1,13.6
11.6,12.0,11.9,12.1,0.3,5.3,5.8,7.8,6.0,4.4,3.7,6.4,6.2,8.6,6.5,5.5,8.1,9,9,3,7.6,6.8,5.9,5.4,3.6,7.0,5.4,2.1,5.3,2,3.5,1,5.2,Sciences,5.4,6.2,6.9,4.4,3.7,1.33,4.5,4.5,12.0
11.2,12.8,13.2,12.8,2.0,5.5,6.5,9.4,6.1,6.4,7.7,5.1,3.7,6.4,7.2,8.4,4.5,18,9,0,5.5,4.6,5.4,6.6,3.7,6.1,8.6,6.0,9.2,1,5.6,1,7.6,Maths,7.0,6.8,7.8,6.4,7.7,0.27,3.5,5.3,14.0
15.0,13.9,13.0,13.4,-2.0,7.2,7.4,7.4,7.3,7.3,2.7,6.6,8.3,7.2,4.7,4.8,5.2,14,4,3,6.4,4.4,7.0,3.0,5.1,10.0,7.2,6.9,10.0,3,6.8,0,5.8,Sciences,6.0,6.1,7.4,7.3,2.7,2.87,4.2,6.4,17.3
14.0,12.7,15.2,13.1,1.2,6.3,6.1,5.5,4.3,6.7,3.2,4.7,4.8,5.0,5.9,6.9,6.7,4,8,0,7.5,3.7,6.6,4.0,4.2,5.6,5.4,3.2,7.2,1,7.2,0,2.0,Sciences,6.6,6.0,4.9,6.7,3.2,1.71,1.8,5.7,13.4
10.5,10.8,11.1,11.0,0.6,5.4,5.3,3.2,4.7,5.4,7.5,2.5,4.1,8.0,2.6,6.8,6.4,7,0,2,6.0,6.1,8.2,6.3,6.5,6.5,2.0,4.7,3.0,3,6.2,0,6.7,Sciences,6.1,4.0,4.0,5.4,7.5,1.82,2.1,4.9,13.0
14.6,16.8,15.9,15.5,1.3,8.6,6.3,5.3,5.6,6.5,6.6,7.1,4.3,9.1,6.4,8.2,7.4,10,0,2,7.1,5.5,5.8,6.8,7.0,5.1,5.1,5.4,2.9,3,6.9,1,2.6,Technique,8.4,6.4,5.4,6.5,6.6,0.92,2.4,5.1,16.1
14.1,15.4,15.1,15.4,1.0,7.7,5.6,6.6,6.3,6.7,10.0,9.4,5.8,8.0,6.3,6.9,6.2,13,6,2,6.7,4.9,7.2,6.7,7.3,8.1,6.8,5.7,9.4,3,6.3,0,6.7,Sciences,7.3,5.9,6.4,6.7,10.0,2.04,3.8,5.9,17.2
10.9,11.4,13.4,11.6,2.5,5.3,2.6,4.3,7.4,4.1,5.1,3.3,2.7,6.4,6.3,6.9,6.9,8,7,1,6.1,8.8,7.0,6.4,7.6,6.3,4.5,3.3,6.1,3,4.0,0,4.5,Gestion,6.1,4.4,5.8,4.1,5.1,0.6,2.7,4.8,12.2
11.2,12.0,13.7,11.9,2.5,4.9,7.2,4.6,5.0,2.3,8.3,5.8,4.8,5.5,4.3,5.4,6.9,16,7,1,3.8,6.0,3.4,4.8,5.7,5.3,7.5,8.0,8.9,1,4.5,0,6.3,Lettres,5.2,5.8,4.8,2.3,8.3,3.69,3.6,5.2,12.9
13.6,13.6,15.3,13.7,1.7,7.2,6.4,8.3,4.3,3.6,2.0,5.2,7.5,6.7,5.5,5.0,7.6,7,12,2,6.3,2.5,9.4,6.1,4.9,4.6,5.7,6.4,3.6,2,3.7,1,3.5,Gestion,6.1,6.0,6.3,3.6,2.0,2.91,4.1,6.3,14.4
8.0,8.9,10.6,9.5,2.6,5.0,4.5,4.4,5.2,4.2,2.0,5.3,4.3,3.6,2.0,3.5,3.4,0,5,1,7.9,10.0,6.5,8.2,8.5,2.9,6.3,4.3,4.6,1,8.0,0,6.9,Sciences,4.2,3.2,4.8,4.2,2.0,0.97,1.5,4.6,8.6
15.8,14.3,15.0,15.2,-0.8,5.3,6.2,5.6,7.5,3.9,6.7,5.4,3.8,4.2,6.5,3.6,7.0,8,5,2,6.1,5.2,2.9,6.6,7.2,6.5,5.6,3.8,7.7,1,3.3,0,6.0,Maths,4.4,6.4,6.6,3.9,6.7,1.38,3.1,4.8,12.6
12.5,12.7,14.4,13.4,1.9,4.2,4.8,4.7,3.8,4.1,2.0,4.0,6.1,4.0,5.8,5.3,4.6,6,9,3,4.3,7.8,6.5,8.1,6.2,3.6,5.0,3.3,4.6,2,7.6,0,5.4,Gestion,4.8,5.3,4.2,4.1,2.0,1.26,4.2,4.4,13.5
14.0,14.3,13.8,13.5,-0.2,6.8,4.6,7.5,8.7,8.5,4.8,4.6,5.9,6.5,6.1,6.4,5.2,1,5,2,8.8,3.5,5.0,4.0,6.1,8.2,4.7,5.7,7.9,1,3.4,0,3.0,Lettres,6.6,5.4,8.1,8.5,4.8,2.13,2.3,5.7,13.5
12.0,12.4,14.3,13.0,2.3,5.4,4.9,4.8,5.8,6.4,7.1,4.2,8.0,3.6,3.3,5.2,4.7,3,6,3,7.0,7.2,4.7,5.2,6.0,3.4,3.6,3.7,5.3,3,7.1,0,9.0,Technique,5.3,4.1,5.3,6.4,7.1,1.06,3.3,4.4,11.4
9.4,8.8,10.1,8.9,0.7,4.1,5.7,3.0,5.3,3.5,5.2,5.9,5.2,3.5,4.8,4.6,2.3,2,5,1,6.3,7.1,4.6,9.8,4.2,4.5,6.0,4.0,4.5,3,6.8,1,3.7,Technique,4.4,5.2,4.2,3.5,5.2,0.44,1.7,3.6,6.5
13.5,15.3,14.5,14.7,1.0,8.5,4.5,3.5,8.0,6.7,5.2,7.8,6.3,5.9,8.4,7.8,2.6,13,3,3,7.5,2.0,7.7,3.1,6.2,4.5,4.9,2.0,3.8,2,8.0,1,6.5,Maths,8.2,6.4,5.8,6.7,5.2,1.0,3.9,6.7,13.9
11.5,11.8,13.2,12.1,1.7,5.6,2.0,5.0,6.6,4.3,4.1,4.9,6.5,6.7,5.2,4.7,7.1,0,6,1,3.4,6.3,4.6,5.5,6.3,5.7,5.9,3.6,6.0,2,3.9,0,4.1,Gestion,5.2,3.6,5.8,4.3,4.1,0.62,1.7,5.0,11.4
9.8,12.6,12.8,12.0,3.0,3.9,3.7,3.4,4.1,4.5,4.9,6.2,4.3,3.9,5.6,8.2,3.2,6,11,4,6.3,7.8,3.8,5.9,3.7,5.1,3.8,3.9,9.0,2,5.6,1,10.0,Sciences,6.0,4.6,3.8,4.5,4.9,0.56,5.2,3.5,8.3
15.2,14.0,13.5,15.4,-1.7,7.7,9.3,10.0,9.3,7.5,7.1,7.4,7.2,9.0,6.2,8.5,6.3,22,11,4,9.7,3.6,8.3,2.0,4.6,7.8,4.8,7.9,8.0,3,5.7,0,6.8,Maths,8.1,7.8,9.6,7.5,7.1,0.77,6.9,6.4,19.9
14.9,15.7,16.7,15.8,1.8,6.9,4.2,9.1,6.7,5.2,4.2,6.1,8.6,7.7,6.4,6.1,4.7,8,4,4,5.4,5.8,7.4,4.9,3.1,3.7,6.7,3.5,4.9,2,4.7,0,5.1,Lettres,6.5,5.3,7.9,5.2,4.2,1.61,4.2,5.3,15.7
12.6,12.4,12.3,12.3,-0.3,5.5,3.5,3.1,6.6,3.7,5.5,5.3,2.7,3.9,3.1,5.0,4.4,5,12,1,2.0,6.5,3.6,8.0,6.8,4.2,3.9,2.0,8.0,1,5.7,1,6.8,Sciences,5.2,3.3,4.8,3.7,5.5,0.75,3.2,4.0,10.8
18.7,18.9,18.5,18.9,-0.2,8.8,8.1,5.8,9.2,8.8,8.0,8.0,8.6,8.9,8.6,5.9,5.9,15,10,3,7.7,4.1,10.0,4.5,4.7,8.7,5.8,6.9,5.8,2,8.1,0,7.9,Technique,7.4,8.4,7.5,8.8,8.0,0.29,5.3,6.4,19.7
11.9,11.0,12.1,12.5,0.2,8.3,9.5,5.4,4.2,6.6,4.8,5.3,5.7,5.7,6.3,6.0,7.7,11,7,2,6.1,6.3,5.0,7.2,6.8,7.2,3.6,4.9,9.3,2,5.0,0,6.7,Technique,7.2,7.9,4.8,6.6,4.8,1.57,3.7,4.4,13.9
16.6,16.7,15.8,15.6,-0.8,9.0,5.8,6.1,8.4,2.8,6.0,7.5,6.7,6.7,5.5,4.1,5.6,18,7,5,3.9,4.2,9.0,6.6,5.2,2.6,5.6,2.6,4.7,3,7.2,1,5.9,Technique,6.6,5.6,7.2,2.8,6.0,2.32,6.5,5.8,19.1
11.8,10.1,11.6,10.9,-0.2,5.9,3.8,5.8,5.2,4.1,5.9,6.8,4.7,5.3,4.6,7.6,8.1,7,8,2,7.0,6.1,6.4,5.4,3.9,6.5,5.3,2.0,6.3,1,4.3,0,6.7,Sciences,6.8,4.2,5.5,4.1,5.9,1.03,3.4,4.8,12.6
12.8,14.2,13.1,13.9,0.3,7.3,7.6,6.4,7.1,5.0,6.7,7.2,7.0,7.0,7.0,2.8,8.2,14,8,2,7.7,3.1,8.0,9.6,5.6,4.9,5.7,4.4,9.7,1,4.6,1,6.1,Technique,5.0,7.3,6.8,5.0,6.7,0.9,4.2,5.3,17.7
13.2,13.6,14.1,13.6,0.9,6.5,7.4,6.0,5.8,4.3,6.7,5.9,5.6,5.3,7.2,5.9,4.6,11,6,3,3.0,7.3,4.8,5.4,6.2,4.9,6.6,4.7,4.2,3,5.3,1,5.9,Sciences,6.2,7.3,5.9,4.3,6.7,1.02,4.2,5.0,13.1
15.9,16.7,16.6,15.8,0.7,6.5,5.9,8.0,6.6,7.5,3.6,7.3,5.8,5.5,8.7,4.9,6.5,8,6,2,10.0,4.7,3.9,4.8,4.4,6.0,6.1,8.1,6.7,3,5.8,0,4.8,Gestion,5.7,7.3,7.3,7.5,3.6,2.22,3.2,5.0,16.2
17.0,18.8,18.6,16.8,1.6,6.0,3.3,3.8,7.6,5.2,4.0,6.5,4.4,4.6,5.4,4.6,6.0,6,8,1,7.2,5.9,5.5,5.0,4.7,8.4,9.9,2.6,7.8,3,7.0,0,3.2,Gestion,5.3,4.4,5.7,5.2,4.0,0.4,2.7,5.8,12.1
13.8,12.4,13.0,13.6,-0.8,7.6,7.1,7.8,4.2,3.5,4.5,6.4,3.5,6.6,4.5,5.6,7.3,9,9,2,2.6,6.3,6.4,6.3,6.3,4.5,6.4,6.3,2.1,2,4.0,0,7.2,Technique,6.6,5.8,6.0,3.5,4.5,1.26,3.8,5.3,15.5
10.9,10.9,11.5,11.5,0.6,6.2,6.8,4.7,3.2,4.8,3.5,5.3,4.7,5.7,6.3,8.8,7.0,2,6,3,7.6,6.4,4.4,5.3,4.0,3.5,2.8,2.0,7.7,2,9.8,0,7.1,Sciences,7.5,6.6,4.0,4.8,3.5,2.34,3.2,3.9,13.6
13.9,15.0,15.3,14.8,1.4,6.4,8.8,9.4,3.3,6.7,2.0,6.7,5.4,7.1,8.9,4.7,6.1,7,2,3,7.8,4.3,7.9,5.3,8.6,7.0,5.4,6.0,6.2,2,3.0,0,8.4,Gestion,5.6,8.9,6.4,6.7,2.0,4.98,3.1,6.5,15.3
11.5,8.9,11.1,9.9,-0.4,3.2,6.0,7.3,6.5,4.5,2.0,3.0,5.3,5.3,2.9,6.6,3.2,13,5,2,8.2,9.2,5.1,6.3,2.6,5.4,4.8,7.4,8.1,1,6.0,1,5.8,Maths,4.9,4.4,6.9,4.5,2.0,2.43,3.6,3.4,10.7
11.2,13.8,13.2,13.1,2.0,7.0,6.6,5.1,4.2,4.0,7.2,5.2,8.2,5.6,4.2,7.3,6.2,12,3,1,4.5,4.5,4.2,5.9,5.3,7.8,4.3,5.0,4.0,2,5.3,0,5.5,Maths,7.2,5.4,4.6,4.0,7.2,1.69,2.5,4.7,12.0
10.4,13.0,13.5,12.2,3.1,6.8,5.6,4.3,5.9,6.0,2.3,2.5,4.9,6.7,6.8,2.6,5.1,5,5,1,7.6,4.3,6.9,6.1,8.0,5.4,5.6,3.7,3.3,1,4.8,0,3.5,Sciences,4.7,6.2,5.1,6.0,2.3,1.95,2.1,6.0,13.6
15.6,14.3,12.6,13.8,-3.0,7.3,9.6,4.4,5.9,8.5,8.3,4.0,4.6,8.1,6.5,5.4,2.0,9,6,0,5.7,6.8,7.3,4.7,4.1,8.3,4.7,7.6,5.2,2,5.8,0,6.0,Sciences,6.4,8.0,5.2,8.5,8.3,1.7,2.0,4.9,14.9
13.5,15.3,14.4,15.1,0.9,5.3,5.7,7.3,4.7,6.5,6.7,3.7,5.0,8.1,5.4,8.4,6.4,13,3,1,5.1,8.7,5.1,4.8,6.0,6.2,6.2,5.8,5.1,3,7.3,0,6.7,Technique,6.8,5.6,6.0,6.5,6.7,0.23,2.6,4.8,14.7
10.7,13.5,12.9,12.3,2.2,7.4,4.8,5.4,6.7,7.4,4.3,7.1,5.7,7.4,6.0,3.8,4.0,9,1,1,4.1,5.4,7.7,8.1,6.0,6.7,2.4,5.1,5.4,2,7.3,1,2.7,Gestion,5.6,5.4,6.1,7.4,4.3,1.01,1.8,4.5,12.6
12.9,12.4,12.6,13.4,-0.3,5.2,7.7,6.5,5.0,4.0,6.1,5.4,6.1,6.6,6.8,7.2,4.2,10,6,2,2.0,7.5,9.0,5.9,4.3,8.4,6.9,2.6,4.6,3,5.3,0,7.7,Sciences,6.2,7.2,5.8,4.0,6.1,1.12,3.4,5.4,11.5
16.0,15.3,14.6,15.2,-1.4,6.9,4.6,9.6,6.0,5.9,6.2,4.8,7.3,9.2,6.3,6.4,5.9,12,7,2,7.4,3.3,4.8,6.0,6.3,6.0,3.4,6.0,2.6,1,6.8,1,4.9,Lettres,6.6,5.4,7.8,5.9,6.2,0.64,3.8,5.0,15.7
8.0,8.0,8.0,8.0,0.0,2.5,2.0,2.5,4.0,3.8,2.2,4.6,5.1,4.6,3.9,4.2,2.0,4,4,4,4.2,7.0,3.6,6.2,5.4,6.5,3.9,2.4,4.2,2,2.7,0,5.0,Maths,3.4,3.0,3.2,3.8,2.2,0.28,3.8,3.9,6.1
10.8,11.9,12.0,11.1,1.2,4.3,5.8,3.6,6.5,5.4,5.0,7.1,6.9,6.1,6.6,5.8,5.5,7,7,2,2.0,8.4,6.2,5.3,5.0,4.7,4.2,5.4,6.2,2,5.5,0,7.0,Gestion,5.0,6.2,5.0,5.4,5.0,0.21,3.3,4.3,12.6
9.5,8.8,9.3,10.5,-0.2,7.5,5.9,6.0,4.3,6.2,3.3,6.6,5.3,8.8,5.5,6.4,4.9,2,4,1,6.1,6.8,9.6,3.6,7.1,6.3,5.9,5.0,5.5,3,6.6,0,6.0,Maths,7.0,5.7,5.2,6.2,3.3,1.52,1.6,6.4,13.4
11.7,14.4,14.8,14.4,3.1,6.3,4.6,6.4,6.1,3.1,5.9,4.7,7.8,2.0,6.7,3.8,3.2,9,6,2,7.6,9.3,3.8,10.0,5.9,2.9,4.6,6.5,5.7,2,2.0,0,8.2,Sciences,5.0,5.6,6.2,3.1,5.9,1.25,3.3,3.0,10.0
14.3,15.4,16.2,15.1,1.9,8.3,8.8,5.9,9.4,7.7,4.5,7.7,6.5,7.0,10.0,6.8,6.7,10,11,3,4.3,6.2,5.9,6.9,6.1,6.0,6.7,4.7,7.3,3,6.8,0,7.6,Sciences,7.6,9.4,7.6,7.7,4.5,2.52,4.9,5.1,18.9
15.5,14.2,15.2,15.1,-0.3,5.3,4.4,5.5,3.3,2.5,4.9,6.9,5.6,7.3,4.4,6.2,2.4,0,5,1,4.4,2.8,4.1,7.2,7.5,4.0,7.0,4.5,3.1,1,5.5,0,5.6,Technique,5.8,4.4,4.4,2.5,4.9,1.14,1.5,5.7,12.5
10.5,10.1,10.7,10.7,0.2,6.3,6.2,8.0,6.4,3.4,5.0,5.5,7.8,7.4,4.3,6.4,5.7,6,12,2,6.9,3.8,8.1,9.6,4.9,8.2,6.8,6.6,5.5,3,8.3,1,2.0,Gestion,6.4,5.2,7.2,3.4,5.0,1.66,4.0,5.3,14.3
13.0,12.7,13.3,12.7,0.3,6.6,5.9,3.7,5.7,9.4,5.6,6.4,6.9,9.6,6.8,6.8,6.5,13,7,3,2.0,6.1,5.2,6.9,7.6,9.2,5.8,4.7,6.5,1,6.4,0,7.9,Maths,6.7,6.4,4.7,9.4,5.6,2.5,4.6,5.1,15.0
12.6,14.4,13.6,13.5,1.0,4.7,4.3,5.7,6.4,4.3,8.1,5.2,2.2,5.7,3.8,4.6,5.7,0,3,3,4.7,3.6,4.2,5.9,4.5,5.1,5.9,4.7,5.2,3,6.6,1,3.7,Sciences,4.6,4.0,6.1,4.3,8.1,2.26,2.5,5.0,12.1
14.1,12.9,15.2,13.8,1.1,6.6,6.2,5.3,4.3,7.0,4.9,4.1,6.1,5.7,4.4,7.2,7.1,4,9,0,6.9,3.8,6.7,6.2,5.7,4.9,8.7,4.4,3.4,2,5.7,0,7.6,Technique,6.9,5.3,4.8,7.0,4.9,0.94,1.9,6.2,14.9
14.6,13.8,14.0,14.6,-0.6,7.3,7.6,6.5,8.7,8.7,7.7,7.7,7.4,6.0,3.5,6.6,7.8,10,6,3,5.2,7.9,7.0,7.8,6.1,4.0,7.0,5.0,8.7,3,7.3,0,7.0,Gestion,7.0,5.6,7.6,8.7,7.7,1.08,4.1,4.9,15.5
11.2,11.4,10.7,10.4,-0.5,6.9,8.3,6.4,2.9,2.0,5.9,8.4,3.5,6.0,5.0,3.3,5.0,14,9,3,3.2,5.6,7.3,4.6,6.2,6.2,4.8,6.0,3.8,2,6.8,0,5.5,Maths,5.1,6.6,4.6,2.0,5.9,2.51,5.1,5.6,12.1
14.5,14.7,15.4,14.9,0.9,6.3,6.6,6.0,5.3,7.3,7.8,4.7,6.8,8.0,5.8,5.1,7.2,12,7,4,3.5,7.4,6.0,3.8,2.1,4.9,7.4,8.5,3.5,1,3.6,0,7.7,Gestion,5.7,6.2,5.6,7.3,7.8,0.76,5.2,4.9,13.3
13.8,13.8,14.5,14.5,0.7,5.2,2.9,4.5,6.6,6.7,4.7,7.5,6.5,8.3,5.4,4.9,5.5,15,5,1,3.0,5.7,6.6,6.4,6.9,5.2,6.2,2.0,6.2,3,6.6,1,7.0,Gestion,5.1,4.2,5.6,6.7,4.7,0.75,3.2,5.5,14.5
14.7,13.2,10.5,12.5,-4.2,5.9,5.2,4.4,4.1,7.7,6.2,4.2,6.9,5.3,7.4,4.1,3.8,8,10,1,4.4,5.7,5.2,5.4,5.3,8.4,3.6,2.1,4.9,1,7.8,0,6.4,Gestion,5.0,6.3,4.2,7.7,6.2,1.4,3.2,4.6,11.3
10.4,10.8,11.4,11.2,1.0,5.6,5.6,7.4,4.1,3.2,4.9,5.7,4.4,5.9,7.5,4.9,4.5,6,4,2,7.8,3.7,3.4,2.1,6.1,5.2,5.0,4.4,6.8,1,7.5,0,2.8,Maths,5.2,6.6,5.8,3.2,4.9,1.24,2.7,5.7,12.1
13.4,14.8,14.9,13.9,1.5,8.2,7.5,6.5,6.4,8.1,2.0,8.3,7.4,5.4,9.0,7.1,6.1,12,0,3,10.0,6.1,5.9,3.3,7.0,7.2,3.4,5.2,7.8,3,6.2,0,6.2,Sciences,7.6,8.2,6.4,8.1,2.0,5.44,3.3,5.4,14.7
13.6,12.7,14.2,13.3,0.6,8.6,6.8,7.6,6.4,4.6,3.4,5.8,6.5,5.8,6.5,5.5,7.7,5,9,2,6.4,7.9,6.6,4.7,7.0,6.4,2.3,4.9,7.8,1,6.8,0,4.0,Maths,7.0,6.6,7.0,4.6,3.4,2.18,3.4,4.7,15.6
9.1,11.5,12.2,11.6,3.1,8.9,8.4,6.9,6.5,7.8,6.6,6.7,8.9,8.0,8.3,6.9,6.0,5,8,2,7.9,4.0,6.0,5.2,3.3,4.1,4.5,4.3,6.5,1,7.9,1,4.3,Gestion,7.9,8.4,6.7,7.8,6.6,0.48,3.2,4.9,16.3
13.3,15.7,14.2,14.8,0.9,7.5,7.8,8.2,8.2,6.3,6.7,4.6,10.0,9.1,7.5,7.0,5.3,5,11,3,4.9,4.7,4.6,4.8,5.2,3.5,6.4,3.3,8.0,2,4.5,0,5.7,Gestion,7.2,7.6,8.2,6.3,6.7,0.45,4.4,5.3,18.0
12.4,11.6,12.4,11.8,0.0,7.6,7.4,4.6,4.6,6.3,2.5,4.5,7.4,4.5,5.7,4.4,7.5,12,3,1,2.0,4.1,3.6,10.0,6.1,6.5,5.3,3.4,2.6,3,6.6,0,8.4,Sciences,6.0,6.6,4.6,6.3,2.5,2.26,2.5,4.2,11.5
11.8,13.8,12.9,13.1,1.1,5.6,4.4,3.7,5.3,4.9,5.2,2.4,5.7,5.5,4.5,4.7,2.4,2,4,2,9.0,6.0,5.0,6.3,5.6,8.4,2.8,6.0,7.3,1,2.1,0,6.3,Gestion,5.2,4.4,4.5,4.9,5.2,0.1,2.2,4.2,10.4
8.0,9.1,9.8,9.2,1.8,7.7,5.9,6.6,4.8,2.2,6.0,6.3,8.9,5.4,2.5,7.0,4.2,12,5,1,4.7,6.9,7.2,6.6,4.5,6.4,2.0,5.0,5.0,2,7.4,1,6.7,Maths,7.4,4.2,5.7,2.2,6.0,3.09,2.8,4.0,12.8
13.1,15.5,14.1,13.7,1.0,6.3,7.3,7.7,4.8,2.0,5.2,7.4,6.9,7.3,7.1,6.4,7.2,9,9,1,7.5,7.0,8.9,2.6,7.3,7.2,7.9,6.4,9.9,2,5.4,0,7.4,Sciences,6.4,7.2,6.2,2.0,5.2,3.29,3.2,6.9,14.6
10.3,12.6,10.7,11.2,0.4,6.2,5.2,4.4,5.4,5.8,6.5,5.7,4.5,5.5,7.6,6.8,8.5,13,8,3,6.3,7.0,5.7,5.8,5.6,4.4,5.6,2.7,8.1,3,5.8,0,4.4,Technique,6.5,6.4,4.9,5.8,6.5,0.38,4.8,4.8,13.7
12.5,12.1,12.9,13.3,0.4,6.6,4.8,4.8,4.9,5.0,6.2,6.3,5.6,3.4,3.7,7.7,6.2,3,6,4,7.8,2.6,4.7,6.5,7.3,7.7,7.8,7.7,5.5,3,5.0,0,3.2,Lettres,7.2,4.2,4.8,5.0,6.2,1.09,4.0,6.1,13.3
17.3,16.2,16.3,15.7,-1.0,8.5,6.6,6.9,6.4,7.2,5.7,6.8,8.1,8.5,7.1,7.7,6.9,8,8,5,8.7,3.6,6.7,2.0,8.9,8.5,8.6,4.7,7.1,3,6.5,1,3.3,Lettres,8.1,6.8,6.6,7.2,5.7,0.61,5.6,7.7,18.6
11.1,10.7,11.5,11.4,0.4,6.5,4.0,7.2,6.6,4.4,3.8,6.1,6.2,4.8,6.6,2.4,4.3,8,2,1,6.0,5.5,3.4,5.0,5.8,4.2,6.1,5.4,7.5,2,6.0,0,6.1,Gestion,4.4,5.3,6.9,4.4,3.8,1.16,1.9,5.0,10.4
13.5,14.0,13.4,13.8,-0.1,5.9,6.4,6.3,5.1,8.7,7.0,5.9,4.0,5.5,5.2,6.2,6.2,5,8,3,6.6,5.8,7.0,7.0,6.7,6.8,5.4,4.6,2.0,2,7.2,0,7.7,Lettres,6.1,5.8,5.7,8.7,7.0,1.26,3.9,5.3,12.8
8.6,10.6,10.1,10.5,1.5,7.1,3.1,3.4,4.4,5.6,5.9,2.8,3.9,6.2,7.3,4.8,5.4,0,8,1,8.1,6.3,9.0,5.2,4.7,2.7,4.7,3.7,5.4,1,8.1,0,7.5,Technique,5.9,5.2,3.9,5.6,5.9,0.57,2.0,5.4,12.3
13.8,13.7,14.7,14.6,0.9,7.2,3.9,5.6,5.8,4.7,2.6,7.3,5.3,6.4,5.8,8.6,4.2,2,13,3,5.2,7.9,4.9,5.6,7.4,7.2,6.6,5.8,9.2,2,6.1,0,4.5,Lettres,7.9,4.8,5.7,4.7,2.6,2.93,4.4,5.1,13.7
12.5,13.7,14.3,12.7,1.8,7.0,9.0,6.0,6.5,6.5,5.8,5.9,7.0,7.0,5.7,7.0,5.4,4,8,2,9.3,5.9,4.6,6.3,6.7,5.3,5.5,6.5,8.0,3,3.3,0,8.6,Technique,7.0,7.4,6.2,6.5,5.8,0.3,3.1,4.9,15.6
10.8,11.4,11.1,11.2,0.3,7.6,5.4,4.4,4.4,5.0,3.2,4.6,7.0,4.2,8.1,5.4,4.3,4,8,4,4.8,8.0,7.9,9.2,5.8,4.1,4.8,10.4,4.7,2,8.4,0,9.7,Gestion,6.5,6.8,4.4,5.0,3.2,1.75,4.4,4.3,15.0
11.5,12.7,13.3,13.0,1.8,6.4,6.6,5.9,5.6,5.9,3.5,5.7,6.2,7.0,4.9,7.1,5.7,12,8,3,6.3,4.4,6.8,5.1,4.3,6.9,2.5,6.4,6.8,1,3.5,0,7.2,Gestion,6.8,5.8,5.8,5.9,3.5,1.17,4.7,4.8,14.8
9.2,9.1,9.9,9.5,0.7,8.5,3.8,5.1,5.1,3.3,3.9,3.2,4.4,3.3,4.8,6.0,5.6,9,4,4,7.1,3.8,6.3,9.3,5.1,2.8,5.2,6.1,4.0,2,5.2,0,8.6,Maths,7.2,4.3,5.1,3.3,3.9,1.88,4.3,4.7,13.0
13.4,13.3,12.6,13.2,-0.8,3.7,6.0,5.2,5.4,5.4,5.2,4.2,8.2,6.9,4.6,3.4,8.2,9,9,2,2.8,8.7,8.4,2.3,4.2,6.5,7.1,7.2,5.3,2,5.1,0,7.5,Technique,3.6,5.3,5.3,5.4,5.2,0.49,3.8,5.7,13.4
13.0,13.6,12.1,13.2,-0.9,7.7,5.5,5.6,7.3,5.0,6.1,6.6,4.6,7.8,4.7,7.6,4.8,18,6,4,8.9,6.3,4.2,5.7,7.5,4.3,7.6,6.3,6.9,2,6.2,1,5.7,Maths,7.6,5.1,6.4,5.0,6.1,0.95,5.7,5.5,15.2
14.0,15.3,14.9,15.4,0.9,5.2,4.3,8.3,6.3,3.9,4.6,6.6,8.0,4.5,6.5,5.7,5.5,14,6,3,7.1,4.3,4.1,4.9,8.2,3.9,5.8,5.1,7.2,2,3.9,1,4.9,Lettres,5.4,5.4,7.3,3.9,4.6,1.3,4.6,5.8,15.0
12.3,10.8,13.8,13.3,1.5,5.7,7.3,4.8,7.2,8.5,4.3,6.0,6.5,6.1,4.9,7.7,7.3,11,5,2,10.0,7.3,5.3,5.2,7.2,5.9,3.9,5.4,7.1,2,3.5,1,3.0,Maths,6.7,6.1,6.0,8.5,4.3,1.83,3.4,4.8,12.3
10.1,10.6,11.0,10.6,0.9,6.2,7.4,5.7,5.6,3.5,4.2,5.8,7.5,7.2,6.6,5.7,8.4,1,6,2,9.9,7.6,5.9,7.2,9.8,5.6,6.8,6.6,8.2,1,5.9,0,5.2,Sciences,6.0,7.0,5.6,3.5,4.2,1.58,2.4,5.5,13.2
11.7,11.1,13.3,12.4,1.6,8.6,6.3,6.2,8.9,5.9,7.4,5.5,5.6,5.8,3.9,8.5,6.6,9,5,4,6.2,5.7,5.9,5.0,5.6,8.8,5.7,8.0,4.1,3,4.8,0,5.7,Gestion,8.6,5.1,7.6,5.9,7.4,1.53,4.5,5.3,15.4
13.5,13.2,13.8,13.4,0.3,5.5,7.1,4.8,4.9,4.0,2.0,5.7,5.4,6.7,4.2,6.4,4.9,9,6,2,9.3,5.0,9.7,2.3,6.8,3.6,4.8,2.0,5.9,2,8.3,1,5.5,Technique,6.0,5.6,4.8,4.0,2.0,2.01,3.3,6.8,13.0
13.9,12.9,14.4,14.2,0.5,7.7,8.5,5.9,4.6,6.0,4.6,5.3,5.8,2.3,6.0,7.4,4.7,6,6,2,7.6,5.3,5.4,2.9,4.1,8.3,3.2,2.0,4.3,1,5.0,0,5.8,Sciences,7.6,7.2,5.2,6.0,4.6,1.28,3.0,4.9,13.6
15.0,13.5,14.6,14.8,-0.4,5.3,7.0,5.8,6.6,3.3,8.1,3.7,5.1,7.4,8.1,5.2,2.4,16,5,0,6.4,6.6,5.1,7.2,5.6,4.0,8.7,7.6,5.2,2,4.2,0,2.0,Sciences,5.2,7.6,6.2,3.3,8.1,2.93,2.6,5.1,13.6
14.2,15.5,15.4,14.4,1.2,7.5,6.3,5.6,7.6,6.7,6.0,4.7,5.9,5.8,6.3,6.3,3.7,8,7,2,2.6,6.7,5.9,3.1,3.4,7.4,6.5,3.3,4.4,3,8.8,1,7.3,Maths,6.9,6.3,6.6,6.7,6.0,0.1,3.4,5.2,12.8
10.2,11.7,11.6,12.0,1.4,5.3,5.7,4.0,3.2,8.5,7.3,6.7,7.6,5.2,4.7,3.0,5.3,1,6,2,2.9,8.8,7.0,7.7,6.5,7.6,6.5,2.0,6.5,3,6.6,0,7.4,Gestion,4.2,5.2,3.6,8.5,7.3,3.49,2.4,4.7,11.8
13.8,12.8,12.6,13.2,-1.2,6.2,6.6,5.2,5.3,3.9,2.0,8.0,3.7,7.1,3.7,5.6,5.0,3,4,1,5.9,5.8,4.6,6.3,5.3,6.4,4.0,2.0,7.8,2,10.0,0,6.6,Technique,5.9,5.2,5.2,3.9,2.0,1.91,1.7,4.4,12.9
17.7,17.9,18.3,17.5,0.6,8.3,7.2,8.5,6.5,8.8,3.6,8.4,6.2,9.7,6.5,5.1,7.8,22,6,2,6.0,2.4,7.3,4.0,3.9,5.6,6.5,9.4,9.3,1,3.3,0,4.4,Technique,6.7,6.8,7.5,8.8,3.6,2.94,4.8,6.3,19.5
10.4,9.3,8.8,9.6,-1.6,5.2,3.7,3.6,4.2,3.4,5.3,6.3,3.1,4.9,4.3,2.8,3.8,2,4,0,5.3,10.0,5.8,7.4,3.6,2.2,4.3,5.6,2.5,1,5.6,0,6.0,Sciences,4.0,4.0,3.9,3.4,5.3,0.4,0.9,3.3,7.1
16.3,17.2,17.5,15.3,1.2,9.1,7.8,7.2,6.9,8.9,8.6,7.2,6.6,9.1,3.6,5.6,5.1,1,5,2,9.3,5.0,8.8,5.7,9.6,3.3,7.3,4.1,6.6,1,7.3,0,6.4,Sciences,7.4,5.7,7.0,8.9,8.6,1.33,2.3,7.0,17.7
12.4,12.5,13.1,12.7,0.7,7.1,5.5,6.2,7.9,9.3,3.1,8.6,5.7,4.1,4.4,7.1,6.2,5,4,4,7.8,7.3,6.5,3.5,6.8,9.3,7.7,3.6,4.0,2,6.1,1,6.9,Lettres,7.1,5.0,7.0,9.3,3.1,4.45,3.9,6.0,14.3
11.3,11.5,11.8,11.2,0.5,4.5,4.8,5.8,5.0,4.6,4.2,8.2,6.3,6.3,4.4,5.3,9.2,0,3,0,4.3,7.7,9.3,6.5,6.8,5.1,2.9,4.7,3.3,2,5.1,0,8.6,Lettres,4.9,4.6,5.4,4.6,4.2,0.16,0.5,5.0,11.5
8.0,10.9,9.7,10.0,1.7,3.2,3.9,4.6,5.9,2.0,5.1,2.0,4.2,4.1,3.9,4.5,3.5,8,5,2,6.6,8.7,7.3,5.6,4.8,2.9,2.7,5.5,3.2,2,7.4,0,5.0,Sciences,3.8,3.9,5.2,2.0,5.1,1.36,3.1,4.1,6.8
13.8,15.4,14.0,14.0,0.2,7.3,8.9,6.9,6.6,8.1,3.1,7.6,7.4,6.2,7.1,6.8,6.7,2,11,4,5.0,4.0,5.0,4.8,6.7,4.8,7.2,5.2,7.7,2,7.4,1,6.7,Technique,7.0,8.0,6.8,8.1,3.1,3.34,4.7,6.0,18.5
10.3,11.4,12.1,12.1,1.8,3.6,4.0,4.0,6.7,5.5,6.0,5.7,6.0,3.1,4.7,7.2,6.6,0,6,4,3.5,2.0,2.8,7.4,5.7,6.0,4.5,3.2,6.6,1,2.8,0,4.3,Technique,5.4,4.4,5.4,5.5,6.0,0.29,3.7,4.7,12.1
9.6,10.7,11.0,11.1,1.4,7.5,6.8,3.8,6.0,6.2,2.0,5.2,6.0,6.6,6.6,5.9,4.4,8,8,3,6.6,4.4,7.1,6.3,6.3,5.2,6.6,7.1,7.1,1,4.4,0,7.6,Technique,6.7,6.7,4.9,6.2,2.0,3.16,4.2,5.9,13.1
11.2,12.6,12.3,11.5,1.1,5.2,6.3,6.5,7.6,4.4,5.8,6.0,6.2,6.5,5.5,5.8,7.1,12,5,3,4.0,7.5,7.5,7.6,3.7,2.2,4.5,4.5,6.5,2,3.6,0,7.0,Sciences,5.5,5.9,7.0,4.4,5.8,0.72,4.2,4.1,11.1
11.5,14.8,14.0,14.1,2.5,6.5,7.3,7.2,3.9,4.2,3.5,6.3,5.9,8.0,5.7,5.4,3.1,8,7,3,4.9,2.0,5.9,4.2,7.4,7.7,3.8,4.8,4.6,1,5.9,1,6.5,Gestion,6.0,6.5,5.6,4.2,3.5,1.25,4.1,6.2,14.8
11.9,13.7,13.8,12.7,1.9,8.5,5.3,7.1,4.4,7.7,4.5,5.3,8.5,7.9,7.2,8.0,5.1,3,11,2,8.1,5.7,5.5,5.3,8.0,6.8,3.0,6.4,8.5,1,7.8,0,4.2,Technique,8.2,6.2,5.8,7.7,4.5,1.83,3.5,5.1,15.1
13.6,14.4,18.0,15.6,4.4,8.3,5.5,8.7,10.0,7.3,7.2,7.5,10.0,6.5,8.2,9.1,6.2,12,10,4,8.3,5.2,6.3,3.8,6.9,10.0,7.2,2.0,8.8,2,6.0,0,5.3,Maths,8.7,6.8,9.4,7.3,7.2,0.94,5.7,6.3,19.7
11.5,14.8,13.5,13.4,2.0,5.8,6.9,5.7,4.8,3.2,6.1,7.8,6.9,7.8,4.0,6.0,5.8,6,9,3,5.3,7.3,4.2,5.1,5.2,8.0,6.3,6.0,5.3,3,5.6,0,2.8,Sciences,5.9,5.4,5.2,3.2,6.1,1.07,4.2,4.7,14.2
11.5,11.7,12.8,12.4,1.3,5.1,5.4,4.0,4.0,6.0,4.8,5.4,5.4,7.1,5.2,4.5,2.0,12,4,2,2.4,8.0,7.0,5.1,4.2,2.0,6.5,5.3,4.6,3,3.9,0,4.5,Maths,4.8,5.3,4.0,6.0,4.8,0.43,3.3,4.9,10.8
13.0,14.5,14.9,14.3,1.9,6.7,8.3,5.3,5.4,7.0,7.4,7.8,7.5,6.5,8.1,4.4,8.5,14,7,4,5.1,6.5,6.3,4.1,9.5,9.0,6.5,2.9,5.5,3,7.8,0,7.6,Gestion,5.6,8.2,5.4,7.0,7.4,1.19,5.4,6.3,17.2
10.4,11.4,13.2,11.5,2.8,4.1,2.9,2.1,5.5,3.4,2.0,3.7,2.5,4.2,5.8,3.1,4.7,1,5,4,8.6,10.0,4.5,5.7,3.8,6.9,2.0,2.0,2.0,2,7.3,0,6.1,Sciences,3.6,4.4,3.8,3.4,2.0,0.61,3.6,2.9,6.6
10.8,9.4,10.4,10.2,-0.4,6.5,7.3,7.9,4.2,8.4,5.7,6.9,6.3,5.0,6.8,3.1,7.6,12,5,2,8.0,7.6,3.3,2.4,7.2,4.9,6.4,4.1,7.5,2,6.1,0,6.4,Sciences,4.8,7.0,6.1,8.4,5.7,1.52,3.5,5.4,14.8
16.8,16.1,17.0,17.4,0.2,5.9,7.4,5.0,5.8,4.4,3.7,4.3,4.7,7.9,5.6,4.6,8.2,9,0,2,8.7,6.4,7.6,4.6,5.7,5.2,3.2,5.3,7.5,1,8.8,0,8.6,Technique,5.2,6.5,5.4,4.4,3.7,0.9,2.3,5.1,13.6
9.1,9.1,10.0,10.7,0.9,5.1,5.2,6.7,4.8,4.8,6.6,4.7,6.0,3.5,6.1,6.0,3.8,13,6,2,6.1,6.5,6.3,7.5,5.2,6.3,2.3,5.2,3.8,3,4.8,0,6.3,Lettres,5.6,5.6,5.8,4.8,6.6,0.33,3.8,4.0,11.6
11.7,13.8,14.0,13.7,2.3,6.5,6.6,5.6,7.4,6.9,6.5,5.9,4.8,6.8,7.2,6.0,2.0,12,9,2,5.4,6.1,3.9,6.1,4.8,4.3,2.5,8.4,3.7,1,3.6,0,5.0,Maths,6.2,6.9,6.5,6.9,6.5,0.06,4.2,3.8,14.1
12.1,10.5,11.8,11.9,-0.3,6.9,6.7,5.0,5.2,5.8,6.6,4.4,5.5,5.4,6.3,9.5,7.6,11,6,3,7.9,5.3,6.6,3.3,4.6,5.7,2.4,5.5,4.4,1,7.5,0,4.8,Lettres,8.2,6.5,5.1,5.8,6.6,1.07,4.2,5.0,14.5
13.7,13.7,16.6,14.7,2.9,6.6,5.4,4.7,6.9,3.5,8.5,5.3,3.5,5.0,6.7,5.8,5.4,15,5,2,8.8,7.4,6.5,4.6,7.5,8.0,6.2,2.6,6.6,1,6.0,1,5.7,Technique,6.2,6.1,5.8,3.5,8.5,2.52,3.8,5.6,15.5
12.5,13.0,14.9,13.2,2.4,6.0,6.6,4.8,3.9,5.7,7.2,6.3,4.0,3.5,5.5,5.3,3.5,8,5,2,5.0,7.1,5.2,7.2,4.3,6.8,4.3,4.4,3.3,3,4.9,1,5.2,Lettres,5.6,6.0,4.4,5.7,7.2,0.83,3.1,3.9,13.4
10.7,8.7,10.6,11.1,-0.1,5.6,7.5,7.3,8.6,4.3,4.6,5.6,5.8,5.2,3.6,7.0,6.0,3,0,1,4.3,6.1,2.0,5.6,6.3,4.5,2.8,2.1,7.7,3,5.9,1,7.5,Gestion,6.3,5.6,8.0,4.3,4.6,1.72,1.0,3.9,11.6
13.8,15.4,14.4,14.7,0.6,6.4,6.1,4.3,5.5,7.0,5.2,7.2,4.6,4.4,5.8,3.2,9.7,9,5,3,3.1,8.2,5.0,3.1,6.2,7.8,5.6,4.7,8.1,3,3.2,0,6.8,Maths,4.8,5.9,4.9,7.0,5.2,0.67,3.8,5.1,14.0
12.5,11.0,13.6,13.2,1.1,6.9,4.3,9.2,6.1,6.0,6.4,5.4,7.6,6.3,5.3,4.1,5.5,7,3,2,4.7,5.2,6.8,9.7,7.4,6.7,4.0,7.9,7.0,2,3.0,0,5.5,Gestion,5.5,4.8,7.6,6.0,6.4,0.91,2.6,4.7,14.8
14.7,15.6,17.1,15.7,2.4,7.4,6.3,5.8,9.4,6.5,6.0,7.2,5.5,9.4,6.1,7.9,8.0,13,5,1,8.0,2.9,6.3,4.4,5.9,7.2,7.7,6.6,8.4,2,6.7,0,5.9,Gestion,7.6,6.2,7.6,6.5,6.0,0.49,2.9,6.5,18.0
9.6,11.5,11.8,11.5,2.2,7.4,3.6,6.8,4.9,3.7,6.5,5.0,6.4,6.2,8.0,5.7,3.8,8,3,2,4.8,6.0,5.6,3.7,7.7,5.1,7.7,3.6,6.1,3,6.7,0,7.2,Maths,6.6,5.8,5.8,3.7,6.5,1.08,2.7,6.3,13.6
10.7,12.5,11.8,12.0,1.1,5.8,7.1,5.0,7.7,4.6,2.0,6.4,4.2,8.0,6.8,5.3,2.2,9,2,4,7.4,5.3,7.8,6.7,5.3,5.6,4.8,5.8,6.4,2,8.2,0,7.6,Maths,5.6,7.0,6.4,4.6,2.0,3.01,4.0,5.2,11.6
14.9,15.7,16.0,15.7,1.1,5.7,6.8,5.1,5.0,7.0,8.6,7.4,6.2,4.5,3.4,4.5,6.9,2,3,2,9.7,7.9,5.7,5.9,10.0,4.5,7.5,3.4,3.4,3,7.5,0,2.6,Sciences,5.1,5.1,5.0,7.0,8.6,2.03,2.1,5.9,13.0
10.3,14.5,12.5,12.7,2.2,5.3,4.2,2.8,5.7,3.3,4.8,5.6,2.6,3.3,3.5,5.4,5.6,8,7,0,5.4,5.9,2.0,4.0,2.6,2.0,7.0,2.0,7.8,2,6.6,0,5.3,Gestion,5.4,3.8,4.2,3.3,4.8,0.51,2.1,4.3,9.8
14.2,16.0,16.6,15.8,2.4,8.5,5.7,7.2,6.4,6.6,2.9,8.9,6.5,6.0,6.8,6.0,5.9,5,6,5,6.9,4.0,7.2,4.5,10.0,6.4,6.5,3.5,6.2,2,8.9,0,6.7,Gestion,7.2,6.2,6.8,6.6,2.9,2.45,4.9,7.0,19.2
12.8,14.1,12.9,13.2,0.1,5.5,5.5,4.6,4.3,4.3,3.7,6.6,5.1,6.4,5.5,6.5,8.8,14,3,2,7.4,7.0,6.7,7.1,6.2,6.1,8.5,6.2,6.2,3,7.1,0,7.1,Gestion,6.0,5.5,4.4,4.3,3.7,0.7,3.4,5.5,15.7
12.5,11.1,11.7,11.8,-0.8,5.7,4.3,2.5,5.6,2.9,2.0,6.3,6.3,8.8,5.7,3.6,2.0,11,7,3,4.4,5.8,3.9,6.2,5.8,5.7,4.1,6.0,10.0,1,5.0,0,5.9,Gestion,4.6,5.0,4.0,2.9,2.0,1.25,4.4,4.4,10.8
13.8,13.4,14.5,13.3,0.7,5.5,6.1,6.0,6.8,5.4,3.2,6.1,6.5,3.8,4.2,5.7,3.4,10,6,1,4.7,6.7,7.2,2.0,5.0,8.1,2.5,8.3,5.6,3,7.6,0,6.7,Gestion,5.6,5.2,6.4,5.4,3.2,1.13,2.8,5.2,13.8
11.9,14.7,13.0,13.3,1.1,7.1,5.9,4.6,3.6,5.6,4.8,4.4,3.8,6.6,7.2,8.8,4.4,9,0,2,4.7,4.6,3.4,6.6,3.3,4.7,3.0,5.5,7.2,2,7.4,0,5.5,Sciences,8.0,6.6,4.1,5.6,4.8,1.82,2.3,3.7,13.0
13.0,12.7,12.0,12.9,-1.0,7.5,8.8,9.3,6.3,9.6,8.5,7.3,6.3,5.9,6.8,6.2,5.6,9,10,4,4.4,5.3,6.7,6.0,5.8,5.9,5.0,8.2,7.7,3,6.4,1,4.9,Technique,6.8,7.8,7.8,9.6,8.5,0.83,5.3,5.2,17.2
15.9,15.6,15.8,15.4,-0.1,8.4,6.0,8.2,8.4,5.4,6.4,5.5,5.4,6.5,6.3,6.5,8.6,7,7,3,8.3,5.9,4.5,3.9,6.0,7.8,6.8,6.7,4.1,2,4.3,0,7.7,Lettres,7.4,6.2,8.3,5.4,6.4,1.04,3.9,5.5,16.9
12.5,13.1,12.2,12.2,-0.3,6.6,4.6,8.9,7.2,5.8,5.9,9.8,7.6,4.9,6.5,6.2,6.0,9,9,2,5.4,5.3,6.1,4.2,6.7,5.0,4.1,7.2,4.5,2,3.1,0,7.6,Maths,6.4,5.6,8.0,5.8,5.9,0.81,3.8,5.5,15.8
14.3,13.4,14.8,14.1,0.5,5.4,3.5,3.9,4.3,2.7,2.7,4.7,6.8,6.3,4.6,5.5,4.5,15,4,0,7.6,7.1,6.3,10.0,7.1,5.7,4.0,6.6,9.2,2,7.1,1,6.9,Technique,5.4,4.0,4.1,2.7,2.7,1.06,2.3,4.1,10.6
10.6,10.1,12.6,12.0,2.0,7.9,6.1,6.1,5.0,6.6,3.7,7.0,3.8,6.0,3.2,6.8,3.4,9,11,3,7.1,6.6,5.9,4.5,6.4,5.4,3.7,6.0,7.2,2,6.9,0,7.5,Gestion,7.4,4.6,5.6,6.6,3.7,1.71,4.8,5.0,14.2
13.1,13.6,13.7,13.4,0.6,6.2,5.0,2.0,8.7,6.2,3.8,6.0,7.0,7.4,6.0,6.4,7.3,2,5,1,5.9,5.5,5.6,3.8,6.3,5.6,4.5,7.1,5.9,2,7.1,0,4.3,Sciences,6.3,5.5,5.4,6.2,3.8,0.8,1.7,5.4,13.7
15.0,15.0,14.4,14.1,-0.6,5.5,5.3,5.1,3.3,7.8,3.7,4.0,4.4,6.0,5.3,6.2,3.4,0,0,3,7.4,7.9,5.7,6.1,6.4,7.1,7.4,3.5,4.8,3,7.4,0,5.0,Maths,5.8,5.3,4.2,7.8,3.7,2.06,2.0,5.1,12.7
12.4,11.7,12.6,12.9,0.2,7.4,5.6,6.1,5.9,7.5,4.6,3.5,5.6,3.6,4.8,5.9,3.5,2,4,2,4.3,8.2,6.3,6.7,3.3,5.5,6.1,2.0,6.7,2,4.5,0,8.0,Maths,6.6,5.2,6.0,7.5,4.6,1.05,2.2,4.2,14.4
11.6,12.9,12.7,12.3,1.1,6.0,6.5,5.2,2.8,5.5,4.3,6.3,5.1,6.7,6.9,5.5,4.2,5,7,2,4.0,5.4,6.3,7.6,2.8,6.9,4.2,5.8,6.2,1,2.3,0,6.4,Sciences,5.8,6.7,4.0,5.5,4.3,0.98,3.1,4.1,10.9
15.0,15.6,16.0,15.0,1.0,5.8,5.1,5.6,7.6,4.6,4.5,8.0,8.3,3.3,6.8,5.6,5.7,14,6,3,7.3,9.2,7.0,2.0,3.5,2.5,7.3,5.6,6.3,3,6.9,0,6.1,Lettres,5.7,5.9,6.6,4.6,4.5,0.65,4.6,5.3,13.3
12.2,11.9,13.4,13.9,1.2,4.5,5.5,5.9,5.8,5.8,4.0,5.0,4.4,3.6,9.5,3.4,4.3,3,6,2,2.0,5.5,8.3,4.6,5.4,3.5,5.5,3.3,8.0,1,8.1,0,5.6,Sciences,4.0,7.5,5.8,5.8,4.0,1.77,2.7,5.8,13.8
14.9,14.2,15.3,15.0,0.4,7.2,8.0,2.8,7.0,6.0,5.9,4.6,7.8,5.7,8.0,10.0,7.4,17,4,4,6.6,8.3,7.2,7.0,3.7,2.6,6.3,3.1,5.1,2,7.0,1,8.6,Sciences,8.6,8.0,4.9,6.0,5.9,1.93,5.2,4.4,17.2
8.5,9.7,11.2,10.1,2.7,6.8,5.0,5.9,9.7,6.9,4.5,5.3,3.9,4.6,4.9,6.9,4.8,8,6,4,7.0,5.8,3.1,6.6,4.7,3.8,7.1,5.1,3.9,1,3.3,0,2.8,Technique,6.8,5.0,7.8,6.9,4.5,1.58,4.6,4.5,12.9
10.8,11.7,12.6,11.9,1.8,6.0,6.8,6.7,5.1,7.0,2.3,4.9,4.2,8.0,4.9,4.7,7.4,11,6,1,8.7,7.0,7.6,3.3,4.0,9.3,5.1,6.5,8.1,3,6.5,0,6.6,Technique,5.4,5.8,5.9,7.0,2.3,2.51,2.9,5.3,14.5
13.4,14.1,16.1,14.8,2.7,6.7,6.6,7.9,8.5,5.1,5.3,5.2,6.0,5.9,5.4,6.4,6.5,10,6,2,9.0,7.0,8.3,7.9,6.9,6.1,7.0,6.1,10.0,1,4.1,0,5.9,Maths,6.6,6.0,8.2,5.1,5.3,1.24,3.4,5.5,14.3
14.7,13.4,13.9,14.1,-0.8,6.1,6.4,6.5,5.4,3.2,5.1,7.0,6.0,7.8,5.2,4.2,8.6,11,8,3,5.8,5.1,10.0,7.4,6.8,4.9,6.9,3.1,7.7,1,3.4,0,3.8,Technique,5.2,5.8,6.0,3.2,5.1,0.96,4.6,6.2,14.4
13.4,15.5,12.8,14.0,-0.6,4.5,4.4,5.5,5.4,7.7,2.2,5.9,2.0,5.2,6.1,5.2,4.7,6,6,1,7.4,6.2,8.3,5.3,5.5,7.3,5.2,3.4,8.4,3,6.0,1,8.9,Sciences,4.8,5.2,5.4,7.7,2.2,3.08,2.3,5.5,13.5
13.5,13.8,14.4,13.9,0.9,5.8,7.6,7.4,9.7,6.4,4.1,4.8,7.4,6.4,3.8,3.8,6.9,0,5,0,4.4,8.6,5.2,7.5,2.9,7.6,3.3,6.3,5.8,3,6.3,0,2.0,Maths,4.8,5.7,8.6,6.4,4.1,2.35,0.8,3.1,13.6
13.7,12.2,13.4,12.8,-0.3,5.3,7.5,2.0,4.2,3.9,5.7,5.5,2.0,5.4,5.7,4.8,2.0,2,2,0,4.3,7.1,4.9,10.0,4.6,3.0,4.7,4.3,5.4,1,5.2,1,5.8,Maths,5.0,6.6,3.1,3.9,5.7,1.56,0.6,3.4,8.8
11.6,13.2,14.6,13.2,3.0,4.6,6.4,5.4,4.1,6.7,3.3,7.3,5.9,7.2,6.4,4.0,10.0,5,10,2,8.9,4.8,5.9,3.5,6.8,10.0,7.4,7.3,6.8,3,6.9,0,7.1,Gestion,4.3,6.4,4.8,6.7,3.3,1.65,3.6,6.4,15.1
13.4,13.6,14.4,13.1,1.0,6.7,4.5,4.6,6.2,5.6,2.9,5.5,7.7,5.3,6.7,6.5,6.8,9,12,0,5.9,4.1,5.3,6.9,7.3,6.4,6.7,4.3,5.9,3,4.6,1,4.2,Lettres,6.6,5.6,5.4,5.6,2.9,1.52,3.0,5.7,13.6
11.6,11.5,12.2,11.5,0.6,5.4,6.1,5.8,5.6,7.8,4.6,6.2,9.0,5.6,4.4,7.0,5.0,9,11,1,6.3,8.6,5.9,9.4,8.8,6.7,8.1,6.5,8.7,1,6.2,0,6.5,Lettres,6.2,5.2,5.7,7.8,4.6,1.17,3.5,5.0,14.0
11.0,10.3,11.4,10.5,0.4,6.6,6.9,2.2,6.0,2.0,6.2,6.3,4.9,5.3,6.0,4.5,4.8,6,8,0,3.8,5.6,7.7,7.4,7.5,6.6,4.5,4.7,7.8,3,5.0,0,5.5,Sciences,5.6,6.4,4.1,2.0,6.2,2.71,2.0,5.3,12.4
9.7,10.3,11.0,10.9,1.3,7.6,5.4,8.0,5.8,5.0,8.7,6.8,4.0,4.1,8.1,6.4,5.3,17,1,3,7.0,7.8,3.7,4.2,6.4,7.0,6.8,3.8,5.4,2,5.7,1,7.8,Maths,7.0,6.8,6.9,5.0,8.7,1.38,4.1,5.0,14.7
11.4,9.8,9.7,10.4,-1.7,5.3,5.0,4.6,8.3,7.6,6.1,5.3,7.0,5.2,4.1,4.1,8.0,3,0,3,7.0,5.9,3.6,7.0,5.0,4.5,3.5,6.3,2.3,2,6.1,1,10.0,Gestion,4.7,4.6,6.4,7.6,6.1,1.3,2.3,3.8,11.0
15.4,16.0,16.9,16.5,1.5,7.3,7.2,7.0,7.3,7.0,7.5,8.7,7.6,6.1,5.3,7.3,7.5,0,5,3,7.8,7.2,8.6,7.6,5.3,10.0,6.2,3.5,6.4,2,8.2,0,6.8,Maths,7.3,6.2,7.2,7.0,7.5,0.18,2.8,5.1,16.3
8.0,8.3,9.1,8.0,1.1,2.9,5.4,4.0,2.2,6.9,4.9,4.8,3.3,4.9,5.2,3.3,3.2,4,4,1,2.4,9.9,6.3,5.9,6.7,4.3,6.0,3.9,2.2,2,5.6,1,6.4,Gestion,3.1,5.3,3.1,6.9,4.9,2.07,1.8,4.6,6.4
12.4,12.5,14.2,13.4,1.8,5.9,7.6,8.2,6.5,3.8,4.2,5.9,5.4,6.6,5.1,7.6,3.8,15,6,3,8.3,5.0,5.5,5.2,6.6,8.0,7.2,5.7,6.5,1,7.3,0,4.4,Gestion,6.8,6.4,7.4,3.8,4.2,2.02,4.7,5.8,15.7
9.8,11.4,12.0,11.0,2.2,8.2,7.1,3.0,4.6,7.3,6.4,5.4,4.8,7.7,5.6,3.3,7.5,9,7,1,4.1,4.8,8.6,5.4,7.0,5.2,5.6,4.8,3.9,3,6.0,0,6.4,Gestion,5.8,6.4,3.8,7.3,6.4,1.37,2.8,6.2,13.7
12.8,15.4,14.1,14.1,1.3,7.4,6.8,7.3,6.7,8.2,5.6,6.5,6.4,7.3,9.2,5.6,7.9,9,3,4,6.7,3.3,8.8,3.4,6.0,5.7,5.8,7.7,9.4,1,7.4,0,5.8,Lettres,6.5,8.0,7.0,8.2,5.6,0.93,4.2,6.8,18.4
10.9,10.8,10.6,10.5,-0.3,5.7,4.7,5.7,2.7,2.0,5.1,5.2,4.7,3.7,3.2,3.0,5.4,5,9,1,2.0,7.0,3.9,7.9,2.8,8.2,3.0,5.1,5.9,2,7.1,0,6.8,Gestion,4.4,4.0,4.2,2.0,5.1,1.07,2.7,3.0,7.5
8.0,8.8,9.8,9.1,1.8,3.2,3.1,3.8,7.1,3.6,2.6,3.4,3.4,4.4,6.6,4.8,4.0,13,8,2,4.5,10.0,2.0,7.4,4.0,4.7,4.1,4.8,5.8,1,8.5,1,2.9,Gestion,4.0,4.8,5.4,3.6,2.6,0.98,4.1,2.5,7.2
13.8,12.6,13.7,13.8,-0.1,6.3,6.6,3.9,4.3,4.9,5.8,4.9,4.7,6.5,5.1,6.4,4.6,3,2,3,3.7,6.9,2.8,7.5,5.1,5.6,3.2,4.8,7.6,3,7.9,0,3.9,Technique,6.4,5.8,4.1,4.9,5.8,0.64,2.7,3.3,11.9
17.6,19.4,17.9,18.0,0.3,7.6,9.3,6.6,8.5,4.0,5.7,9.1,8.2,5.2,5.9,7.8,9.6,12,2,4,6.1,2.1,6.6,6.3,7.5,7.5,5.9,9.6,8.0,2,6.6,0,8.6,Lettres,7.7,7.6,7.6,4.0,5.7,2.13,4.3,6.3,19.8
8.0,8.0,8.5,8.0,0.5,4.5,4.8,3.3,3.5,3.6,4.8,4.5,2.1,3.4,5.2,3.8,7.1,7,4,1,5.0,7.8,5.4,5.3,3.5,9.4,2.0,6.7,5.6,2,7.2,0,5.8,Maths,4.2,5.0,3.4,3.6,4.8,0.4,2.1,3.6,7.1
10.6,12.4,12.5,11.6,1.9,5.9,5.3,4.5,3.9,6.8,4.9,7.4,5.1,4.9,6.0,2.0,6.4,9,9,2,7.5,6.0,7.0,6.1,5.9,9.6,3.4,6.6,8.5,2,6.9,0,8.3,Lettres,4.0,5.6,4.2,6.8,4.9,1.07,3.8,4.8,13.0
12.2,12.8,12.3,12.2,0.1,5.4,5.1,5.0,5.5,4.4,4.4,6.6,2.9,6.0,5.5,5.6,6.7,6,5,2,7.2,3.0,4.7,6.2,7.5,7.9,6.5,6.1,5.3,3,4.7,0,6.5,Technique,5.5,5.3,5.2,4.4,4.4,0.22,2.8,5.9,11.8
13.6,14.0,13.6,14.2,0.0,6.7,8.1,7.7,6.1,5.7,6.0,4.0,5.7,6.4,4.6,6.9,5.6,5,6,2,2.0,6.1,5.3,6.5,3.1,10.0,6.4,3.6,6.9,2,6.8,0,6.8,Maths,6.8,6.4,6.9,5.7,6.0,0.21,2.9,4.4,12.6
12.5,11.6,11.5,11.8,-1.0,5.6,5.2,4.6,6.3,5.7,4.3,5.5,2.7,5.8,5.9,9.6,2.9,6,4,2,7.1,7.7,5.6,6.1,2.4,4.2,4.9,4.7,3.7,3,3.9,0,5.3,Gestion,7.6,5.6,5.4,5.7,4.3,1.13,2.7,3.8,12.6
10.4,10.4,12.6,12.1,2.2,4.4,6.8,4.5,2.0,5.1,2.0,6.9,6.6,2.3,2.6,5.0,3.4,9,6,1,6.1,6.4,5.1,4.5,7.6,6.8,5.3,5.9,5.7,1,6.8,0,5.5,Maths,4.7,4.7,3.2,5.1,2.0,1.35,2.7,5.4,11.9
10.5,12.0,12.2,11.7,1.7,7.7,6.8,6.8,4.3,4.5,2.0,4.6,4.2,4.1,6.6,5.3,7.7,11,9,3,5.1,6.1,6.6,8.2,3.9,6.3,6.0,7.2,10.0,1,9.2,0,7.8,Gestion,6.5,6.7,5.6,4.5,2.0,2.94,4.7,4.4,14.9
10.3,11.1,11.0,10.5,0.7,5.2,5.4,5.4,7.1,6.5,5.5,6.4,3.1,5.6,7.7,6.4,7.5,18,7,2,4.2,7.0,5.8,9.4,5.3,2.9,6.1,6.6,7.4,2,7.4,0,5.7,Technique,5.8,6.6,6.2,6.5,5.5,0.17,4.5,4.2,13.3
16.4,15.4,17.1,16.4,0.7,8.1,5.0,4.6,5.2,3.4,4.7,6.7,6.0,6.1,4.2,6.3,7.9,2,8,4,6.4,4.5,4.1,6.0,7.5,7.3,6.5,6.6,6.4,3,8.4,0,8.4,Lettres,7.2,4.6,4.9,3.4,4.7,1.53,4.2,5.5,16.6
8.9,9.9,10.3,10.0,1.4,7.3,6.1,5.6,6.0,5.4,2.0,3.4,8.1,5.9,5.3,7.7,6.0,16,1,0,6.4,7.4,5.5,7.0,5.8,5.1,3.4,8.8,6.4,1,5.3,0,5.8,Gestion,7.5,5.7,5.8,5.4,2.0,3.23,1.9,4.1,13.3
14.7,14.5,15.0,14.5,0.3,4.4,4.7,4.3,2.6,6.8,4.8,4.9,5.7,4.2,3.6,3.8,6.3,4,11,1,5.9,10.0,4.7,7.3,4.9,7.9,2.0,4.0,5.0,1,6.3,0,3.5,Gestion,4.1,4.2,3.4,6.8,4.8,1.33,2.9,2.9,9.1
14.9,16.0,15.8,15.5,0.9,8.8,9.3,8.1,7.7,5.4,5.4,5.7,3.8,8.8,4.6,6.3,6.1,9,2,2,6.1,2.3,8.4,6.7,6.7,5.8,4.4,7.5,7.1,1,7.6,0,4.0,Technique,7.6,7.0,7.9,5.4,5.4,1.12,2.7,6.1,16.9
12.8,14.5,15.7,14.5,2.9,7.4,5.2,4.7,7.5,4.5,4.4,4.7,4.1,3.3,3.3,7.5,6.8,13,7,2,2.0,5.0,5.0,2.0,10.0,5.4,5.4,6.9,5.5,2,5.6,0,5.8,Maths,7.4,4.2,6.1,4.5,4.4,1.56,3.9,6.7,14.9
14.5,12.7,15.6,14.2,1.1,6.1,9.3,7.5,7.1,6.9,5.8,6.2,5.4,6.6,4.5,6.6,5.3,12,6,3,5.2,9.8,6.5,5.6,9.0,8.8,7.1,6.0,7.1,2,7.3,0,7.7,Gestion,6.4,6.9,7.3,6.9,5.8,0.27,4.3,5.4,14.6
12.3,12.7,12.5,13.2,0.2,8.4,6.9,6.0,7.7,6.1,7.8,3.7,9.3,7.4,6.0,8.0,4.0,14,6,1,3.9,5.9,7.3,4.4,5.2,6.1,6.1,6.2,7.3,3,7.0,1,4.9,Maths,8.2,6.4,6.8,6.1,7.8,0.64,3.2,5.7,15.1
14.5,15.5,15.4,15.3,0.9,6.9,7.7,5.3,9.2,7.6,8.1,6.1,5.4,7.9,8.6,6.3,7.8,17,10,3,10.0,4.6,6.9,5.0,8.5,8.7,7.0,6.6,6.9,1,7.7,0,7.7,Technique,6.6,8.2,7.2,7.6,8.1,0.33,5.6,6.6,17.8
14.5,15.7,15.2,14.9,0.7,8.0,6.7,5.3,5.4,6.6,6.1,10.0,5.7,8.3,5.0,8.9,8.7,11,5,3,6.9,3.9,4.5,6.5,7.8,7.6,4.9,4.5,7.3,1,4.8,0,6.6,Sciences,8.4,5.8,5.4,6.6,6.1,1.14,4.1,5.4,18.7
12.3,11.7,12.4,12.3,0.1,4.9,5.4,7.6,3.6,2.0,4.6,5.9,7.1,6.3,5.6,2.8,8.9,12,4,0,6.8,9.4,6.6,6.8,5.3,6.1,4.8,5.2,5.9,2,7.8,0,6.8,Sciences,3.8,5.5,5.6,2.0,4.6,1.74,2.0,4.1,10.2
12.9,16.6,16.3,14.6,3.4,8.5,7.8,6.7,8.2,8.3,6.0,5.8,7.0,6.2,7.2,4.5,6.8,7,4,3,7.9,3.1,8.2,4.1,5.3,6.2,6.2,7.1,5.8,2,7.3,0,5.8,Maths,6.5,7.5,7.4,8.3,6.0,0.66,3.4,6.5,17.6
11.7,9.9,12.1,11.6,0.4,7.6,7.3,7.2,7.5,9.0,5.8,7.9,7.3,4.6,8.4,7.9,3.7,7,9,1,6.6,7.6,6.4,3.2,6.7,6.9,4.3,5.6,6.9,2,5.8,1,6.3,Maths,7.8,7.8,7.4,9.0,5.8,1.07,2.9,5.3,13.8
12.1,10.3,10.5,10.8,-1.6,6.8,4.1,2.7,4.2,7.2,4.4,4.1,4.3,2.8,6.3,5.5,4.5,6,6,4,4.8,6.2,5.5,6.2,5.1,5.4,3.5,2.0,7.0,1,5.6,1,7.5,Maths,6.2,5.2,3.4,7.2,4.4,1.71,4.3,4.3,11.7
10.6,11.6,12.5,11.7,1.9,6.9,8.0,9.8,4.8,2.0,5.6,5.4,5.8,5.7,7.0,7.5,5.4,6,8,3,5.0,4.5,3.3,6.9,5.5,4.7,5.2,2.0,8.9,3,6.0,0,6.0,Lettres,7.2,7.5,7.3,2.0,5.6,4.3,4.0,4.5,14.3
17.5,16.6,17.3,16.8,-0.2,8.2,8.1,8.6,6.3,7.4,2.9,5.8,9.0,6.3,8.3,7.3,6.9,11,10,3,3.0,3.8,8.7,2.8,5.8,6.7,7.4,4.3,7.7,2,5.2,0,5.5,Maths,7.8,8.2,7.4,7.4,2.9,3.77,4.9,7.1,19.1
10.6,10.7,12.3,11.8,1.7,4.5,6.7,5.3,3.3,4.6,5.3,6.2,5.5,7.4,4.6,5.9,6.2,12,12,1,6.2,6.1,8.3,2.3,7.5,8.1,4.0,4.7,4.8,2,8.0,1,2.7,Lettres,5.2,5.6,4.3,4.6,5.3,0.24,4.0,6.3,13.3
8.7,10.9,12.2,10.5,3.5,5.6,6.0,5.6,4.2,3.9,6.2,8.2,7.6,5.9,5.4,4.3,6.3,12,12,3,6.8,4.8,4.5,9.7,5.0,7.1,5.3,3.7,6.0,2,7.8,0,7.1,Maths,4.9,5.7,4.9,3.9,6.2,0.61,5.3,4.1,14.8
12.2,13.6,13.9,13.3,1.7,8.0,4.5,6.7,3.7,5.5,4.2,4.4,6.2,4.5,7.4,5.8,6.6,5,7,3,5.8,8.2,7.9,6.6,4.6,7.2,7.4,6.1,3.7,1,7.7,1,4.6,Maths,6.9,6.0,5.2,5.5,4.2,0.79,3.7,5.0,13.0
14.1,15.7,15.8,15.7,1.7,5.0,6.4,7.1,5.6,5.4,5.1,3.4,4.5,4.7,3.3,8.2,6.0,5,7,2,6.4,4.4,8.1,5.1,7.4,6.2,4.9,7.5,7.6,3,8.8,1,5.2,Sciences,6.6,4.8,6.4,5.4,5.1,0.48,3.1,6.2,14.7
11.9,14.7,13.1,14.4,1.2,6.0,6.4,6.2,6.4,6.5,3.2,7.7,5.9,8.7,5.2,6.2,2.0,4,5,1,3.8,6.0,4.3,8.2,5.9,2.8,5.6,7.7,2.2,3,6.4,0,4.1,Maths,6.1,5.8,6.3,6.5,3.2,1.47,1.9,4.3,14.4
8.6,9.7,10.3,10.1,1.7,5.9,2.8,4.5,5.2,4.6,2.3,6.9,6.1,4.8,3.0,6.0,4.9,6,7,1,4.7,8.5,4.1,7.3,4.9,3.1,4.6,4.9,7.0,2,2.5,1,5.2,Sciences,6.0,2.9,4.8,4.6,2.3,1.78,2.5,3.6,9.2
9.8,9.1,11.9,10.6,2.1,6.7,7.1,6.6,5.0,3.6,5.6,3.2,6.8,5.0,6.3,7.0,5.6,1,8,2,4.7,6.2,3.8,8.2,7.6,5.5,5.2,7.1,8.2,2,7.1,1,9.7,Lettres,6.8,6.7,5.8,3.6,5.6,1.35,2.8,4.4,13.8
8.0,9.5,10.3,10.1,2.3,5.1,5.5,2.0,3.4,3.2,3.1,5.0,4.3,4.6,3.9,3.2,5.1,0,2,1,6.3,9.4,4.2,9.7,6.9,3.0,7.1,2.9,2.0,1,6.3,1,6.1,Maths,4.2,4.7,2.7,3.2,3.1,0.55,1.0,3.8,7.7
8.1,10.5,8.9,10.4,0.8,5.0,3.4,3.7,4.5,3.1,2.0,4.9,2.0,7.1,5.6,6.0,3.8,3,6,1,5.2,7.1,5.3,4.9,2.0,4.2,5.1,3.8,7.3,2,8.1,0,4.4,Gestion,5.5,4.5,4.1,3.1,2.0,1.44,2.0,4.1,8.4
9.3,11.7,11.5,11.6,2.2,8.0,4.7,3.4,3.6,2.6,3.1,4.9,3.3,5.5,5.9,5.6,5.9,13,9,3,4.8,7.0,3.9,6.6,5.8,5.0,3.1,2.8,8.0,2,7.9,0,5.2,Technique,6.8,5.3,3.5,2.6,3.1,2.44,4.9,3.8,13.9
14.0,14.0,15.1,14.0,1.1,6.9,5.7,6.8,7.3,3.3,3.5,4.2,3.6,7.0,3.9,5.7,6.5,8,3,4,5.8,7.0,6.7,8.9,3.8,5.2,7.9,7.4,5.5,3,6.3,0,3.5,Maths,6.3,4.8,7.0,3.3,3.5,2.21,4.1,4.5,14.2
16.6,16.2,16.4,15.7,-0.2,7.0,5.9,4.7,7.6,5.1,6.6,7.3,5.0,7.5,3.8,9.0,5.2,13,6,3,3.9,7.8,6.9,4.0,5.3,8.4,5.9,8.8,3.7,1,5.7,0,4.0,Maths,8.0,4.8,6.2,5.1,6.6,1.28,4.4,5.3,13.5
14.2,13.6,13.7,14.1,-0.5,6.5,6.2,4.0,5.4,8.3,5.8,6.7,5.7,4.0,6.4,7.3,7.0,10,6,3,5.7,2.1,7.5,3.5,6.4,6.2,5.2,4.6,4.8,1,8.0,0,3.9,Lettres,6.9,6.3,4.7,8.3,5.8,1.42,4.1,6.7,15.6
12.0,13.2,13.0,13.2,1.0,7.0,5.9,4.6,5.2,4.6,3.6,6.3,3.7,5.1,4.9,5.1,5.6,6,6,1,7.1,6.9,6.7,4.3,5.4,7.6,7.5,2.0,4.5,1,2.0,0,6.5,Maths,6.0,5.4,4.9,4.6,3.6,0.67,2.3,5.7,13.7
11.3,12.5,12.0,12.0,0.7,6.5,6.6,6.3,7.9,4.4,4.2,5.4,7.5,7.6,5.5,6.3,6.0,7,4,3,3.6,7.3,4.3,7.2,4.5,6.4,4.5,3.3,8.7,1,6.5,0,6.9,Lettres,6.4,6.0,7.1,4.4,4.2,1.3,3.4,3.8,14.7
17.2,17.4,17.3,17.5,0.1,8.1,5.8,7.1,7.1,4.7,8.3,6.4,5.3,6.5,8.7,7.3,2.0,6,2,4,6.8,3.4,7.3,4.8,5.4,9.4,9.0,4.7,6.3,2,8.3,0,6.6,Sciences,7.7,7.2,7.1,4.7,8.3,1.51,3.7,6.7,19.3
10.7,10.7,10.5,11.8,-0.2,6.5,3.6,3.4,6.0,5.0,6.6,2.0,3.3,5.9,6.5,7.9,3.1,18,3,1,4.1,5.9,5.9,2.9,6.7,7.4,5.3,2.0,7.2,1,5.5,0,6.4,Maths,7.2,5.0,4.7,5.0,6.6,0.99,3.2,5.8,11.4
13.3,11.4,13.2,12.3,-0.1,7.5,2.5,3.4,5.8,7.6,3.2,5.8,6.0,5.1,8.7,6.1,3.7,13,4,2,3.5,4.6,8.5,6.3,8.5,5.0,7.1,3.1,5.9,3,5.4,0,4.7,Sciences,6.8,5.6,4.6,7.6,3.2,2.44,3.4,6.6,14.2
12.9,14.2,14.8,13.5,1.9,8.6,7.6,6.2,8.4,9.1,7.5,8.3,7.4,5.7,5.8,9.4,6.1,11,7,2,9.8,3.9,6.3,5.1,2.9,9.6,10.0,5.6,6.3,1,6.6,0,4.0,Gestion,9.0,6.7,7.3,9.1,7.5,0.92,3.7,6.0,14.8
13.3,16.2,14.0,14.9,0.7,9.1,6.8,5.7,7.2,6.5,5.4,5.5,9.4,5.9,5.7,4.7,8.2,3,8,2,8.9,6.3,7.4,4.9,6.0,5.7,6.2,6.7,3.6,2,8.7,0,4.2,Gestion,6.9,6.2,6.4,6.5,5.4,0.25,3.0,5.7,16.4
9.8,11.9,12.1,10.8,2.3,5.3,5.8,3.9,5.1,4.6,6.0,2.4,5.3,5.4,5.3,4.7,4.1,3,5,0,3.9,10.0,3.0,5.7,6.1,5.4,4.5,2.0,2.6,2,6.1,0,3.4,Sciences,5.0,5.6,4.5,4.6,6.0,0.33,1.2,3.6,8.3
15.3,16.7,16.7,16.5,1.4,6.2,5.6,6.6,7.7,5.4,5.4,7.6,9.0,7.2,6.1,5.7,7.7,6,3,1,6.1,3.8,5.2,5.4,6.7,7.3,4.5,4.6,9.2,3,5.3,1,7.0,Lettres,6.0,5.8,7.2,5.4,5.4,0.41,1.8,5.4,17.5
14.2,15.2,17.6,16.3,3.4,10.0,7.9,8.2,6.7,6.2,8.2,8.5,5.6,7.7,6.7,6.7,7.9,12,5,2,3.1,3.1,5.6,6.1,5.5,7.9,6.3,6.1,7.0,3,8.9,0,10.0,Maths,8.4,7.3,7.4,6.2,8.2,0.59,3.5,5.6,20.0
11.6,12.0,12.3,12.0,0.7,6.9,5.9,6.7,4.7,6.3,2.9,4.8,8.5,8.9,5.4,5.0,5.4,3,4,0,2.7,6.5,4.9,5.0,5.0,7.1,3.7,2.7,6.3,3,8.3,0,4.0,Lettres,6.0,5.6,5.7,6.3,2.9,1.49,1.0,4.4,12.4
12.6,13.8,12.8,12.4,0.2,4.7,4.4,5.2,6.2,4.4,4.4,4.8,2.5,7.6,7.7,4.3,5.9,3,5,0,3.3,4.2,8.6,3.5,5.9,4.2,4.8,5.0,8.8,3,4.2,1,5.1,Gestion,4.5,6.1,5.7,4.4,4.4,0.51,1.2,6.3,11.0
12.2,14.5,14.5,13.9,2.3,7.3,4.0,5.4,6.0,5.3,7.5,6.4,5.1,3.5,7.1,8.6,6.0,4,5,3,6.0,4.7,5.4,5.2,5.6,7.3,10.0,4.8,5.8,2,10.0,1,6.4,Gestion,8.0,5.6,5.7,5.3,7.5,1.21,3.3,6.2,14.0
9.0,10.5,10.4,10.7,1.4,5.2,8.1,5.6,3.8,5.3,2.0,5.6,6.4,5.2,7.0,7.9,5.1,6,7,2,5.6,6.2,6.4,7.4,5.8,6.9,5.6,4.0,5.5,3,5.9,0,5.4,Gestion,6.6,7.6,4.7,5.3,2.0,3.57,3.2,4.8,13.0
14.7,16.4,17.1,15.8,2.4,8.1,8.6,6.0,9.3,5.0,5.4,8.1,4.1,9.8,8.9,7.2,6.7,10,10,1,7.1,3.6,7.6,4.4,6.5,6.4,5.1,3.7,8.8,3,8.0,1,6.8,Sciences,7.6,8.8,7.6,5.0,5.4,2.08,3.4,6.2,16.3
12.1,11.3,11.8,12.4,-0.3,5.1,5.4,3.3,7.2,5.3,4.4,9.3,4.4,5.2,7.2,5.2,7.9,7,3,1,7.3,8.2,4.2,3.1,5.1,5.6,5.1,5.5,6.0,1,7.2,1,4.9,Gestion,5.2,6.3,5.2,5.3,4.4,0.37,1.9,4.6,13.5
12.0,11.9,12.5,12.5,0.5,5.6,6.6,7.4,5.8,2.1,6.5,3.6,4.2,8.7,4.3,5.0,6.3,15,3,3,6.5,3.8,5.2,7.3,7.3,4.6,4.8,3.5,6.6,2,4.7,0,4.8,Sciences,5.3,5.4,6.6,2.1,6.5,2.67,4.2,5.2,13.6
15.7,13.9,15.6,14.9,-0.1,7.8,5.9,7.6,5.9,6.8,7.4,8.2,5.8,5.9,7.7,7.5,6.2,13,7,4,4.2,7.0,7.5,7.9,5.6,7.1,7.4,2.0,8.3,1,5.4,0,5.8,Technique,7.6,6.8,6.8,6.8,7.4,0.14,5.3,5.1,15.5
13.8,15.8,15.3,15.4,1.5,8.7,5.5,9.6,6.9,10.0,6.9,6.9,8.5,6.4,8.2,7.1,4.6,6,7,3,7.1,7.6,7.5,5.1,5.0,5.4,5.8,5.5,6.6,2,6.5,0,6.8,Sciences,7.9,6.8,8.2,10.0,6.9,1.32,3.8,5.1,16.7
10.3,12.5,12.8,11.9,2.5,6.8,8.4,9.1,6.5,4.5,5.6,7.9,5.8,7.1,6.9,5.8,7.9,9,8,3,7.2,6.7,2.8,2.9,9.5,6.4,7.9,2.6,7.5,2,2.7,0,8.3,Technique,6.3,7.6,7.8,4.5,5.6,1.56,4.3,6.1,13.7
15.6,14.7,16.2,14.8,0.6,6.7,4.2,4.5,3.2,6.4,5.5,7.4,5.5,6.2,6.1,7.1,3.4,6,6,1,5.4,5.3,7.3,4.8,6.2,6.1,5.2,2.0,6.1,2,7.6,0,6.8,Sciences,6.9,5.2,3.8,6.4,5.5,1.12,2.3,5.7,15.2
10.0,10.6,12.5,11.4,2.5,3.8,5.1,4.8,8.5,6.6,4.3,5.6,2.0,6.2,6.4,6.9,2.3,5,10,2,2.1,7.0,4.7,6.5,2.0,3.4,4.8,5.0,7.5,2,2.5,1,5.4,Technique,5.4,5.8,6.6,6.6,4.3,0.76,3.6,3.6,12.1
14.4,15.3,14.1,15.3,-0.3,5.9,5.8,9.2,4.4,7.4,5.5,6.8,6.2,7.8,5.7,5.6,5.9,10,1,0,8.1,5.6,4.9,4.6,7.8,4.2,4.0,4.5,6.6,3,5.9,0,7.4,Maths,5.8,5.8,6.8,7.4,5.5,0.54,1.3,5.3,12.8
12.3,11.4,12.2,11.8,-0.1,7.1,8.3,5.8,5.9,5.1,7.9,5.5,7.0,7.0,4.7,4.9,4.1,11,8,2,6.2,2.4,6.7,6.8,8.0,6.7,4.9,3.4,5.6,2,4.8,0,7.8,Technique,6.0,6.5,5.8,5.1,7.9,0.87,3.9,6.1,14.0
14.8,13.4,15.2,14.1,0.4,6.8,7.7,6.6,6.3,2.8,3.9,5.4,3.8,6.6,5.4,4.5,7.7,6,7,2,2.0,3.7,8.9,3.7,7.1,5.4,3.1,5.7,6.5,3,7.2,0,5.6,Lettres,5.6,6.6,6.4,2.8,3.9,2.19,3.2,6.3,15.5
8.0,9.0,8.0,8.7,0.0,3.8,2.0,2.0,6.8,4.4,3.5,5.2,4.0,6.4,5.3,4.7,2.0,0,0,0,8.8,8.4,3.7,7.8,5.6,3.8,2.0,4.6,2.0,2,2.0,0,5.1,Technique,4.2,3.6,4.4,4.4,3.5,0.15,0.0,3.0,6.6
17.7,17.1,18.7,17.8,1.0,7.6,7.0,7.0,6.6,6.4,5.5,5.7,6.9,8.0,5.5,9.9,7.8,10,1,3,5.6,3.3,8.8,4.5,10.0,5.2,7.0,6.0,9.0,2,3.5,0,5.5,Gestion,8.8,6.2,6.8,6.4,5.5,1.19,3.3,7.6,17.1
8.6,9.5,11.7,10.9,3.1,6.0,5.9,8.5,8.1,4.8,7.0,6.8,7.1,4.9,4.7,4.3,6.8,10,3,3,10.0,5.4,3.6,7.0,4.4,4.7,2.8,5.3,3.5,2,4.9,0,7.4,Maths,5.2,5.3,8.3,4.8,7.0,1.78,3.6,3.7,13.4
9.7,10.0,10.5,11.2,0.8,4.4,4.0,6.0,4.8,4.0,4.9,4.5,3.3,7.1,5.7,6.3,4.5,2,8,2,5.7,8.8,4.6,7.4,5.0,7.8,5.2,2.0,2.7,1,6.2,0,5.6,Sciences,5.4,4.8,5.4,4.0,4.9,0.25,2.9,3.7,7.9
12.7,12.3,14.7,13.7,2.0,7.8,8.1,6.1,5.5,6.6,7.6,3.9,5.6,7.9,7.2,6.0,2.8,14,10,5,6.3,4.8,6.3,4.3,10.0,4.8,5.4,8.2,6.1,2,6.9,1,3.9,Maths,6.9,7.6,5.8,6.6,7.6,0.47,6.6,6.5,18.0
11.9,13.1,13.4,12.9,1.5,8.3,4.4,5.5,6.3,6.3,7.3,5.5,5.4,6.0,7.1,5.5,2.8,12,6,3,6.5,7.5,6.7,4.1,9.7,8.7,7.1,6.2,2.8,2,8.0,0,6.8,Maths,6.9,5.8,5.9,6.3,7.3,0.35,4.3,6.4,14.8
12.3,14.2,14.9,14.1,2.6,4.7,5.8,4.4,5.9,6.3,6.4,6.7,7.9,3.6,4.5,7.6,6.1,6,5,2,4.8,6.2,5.8,5.6,5.6,5.6,3.0,3.3,7.1,2,6.3,0,8.7,Sciences,6.2,5.2,5.2,6.3,6.4,0.31,2.8,4.5,14.8
13.3,14.7,14.1,14.6,0.8,5.8,6.5,4.4,4.0,5.0,3.2,5.3,7.2,4.1,6.7,5.5,5.0,13,3,0,6.0,6.8,3.7,5.5,9.1,4.8,6.3,4.9,6.6,2,5.9,0,8.7,Sciences,5.6,6.6,4.2,5.0,3.2,1.37,1.9,5.4,13.3
15.3,16.8,16.7,16.3,1.4,6.4,7.5,3.6,6.9,6.6,8.5,3.0,6.3,8.7,5.5,6.8,7.2,15,6,3,10.0,4.1,5.1,3.7,7.7,7.0,6.3,5.7,5.5,2,4.4,0,5.3,Technique,6.6,6.5,5.2,6.6,8.5,1.08,4.7,6.3,15.8
11.0,11.6,9.4,10.5,-1.6,6.6,6.1,5.6,5.8,5.0,7.8,7.8,7.2,8.2,4.5,6.3,5.3,18,5,3,4.2,3.8,3.3,6.2,8.3,6.0,6.0,4.9,4.7,2,5.6,0,4.7,Sciences,6.4,5.3,5.7,5.0,7.8,1.0,4.8,5.5,13.5
8.0,11.1,10.1,11.6,2.1,5.0,4.4,6.9,5.5,5.7,4.8,5.1,2.0,5.1,4.3,4.1,4.4,14,10,0,6.3,6.7,2.8,7.6,6.4,5.0,6.6,7.8,3.8,2,5.5,0,9.0,Lettres,4.6,4.4,6.2,5.7,4.8,0.5,3.2,4.3,9.7
15.5,15.3,15.3,14.9,-0.2,7.8,5.6,6.1,5.9,4.3,2.5,6.4,6.8,3.5,7.8,7.1,2.0,3,2,2,4.5,5.0,6.6,5.4,6.3,6.3,5.5,2.0,7.0,1,2.3,0,8.7,Maths,7.4,6.7,6.0,4.3,2.5,3.17,2.0,5.6,13.1
10.6,9.4,12.0,10.8,1.4,8.7,7.2,8.0,5.1,5.8,2.4,5.6,4.4,4.8,5.7,6.1,7.1,13,7,2,5.8,5.4,5.8,7.3,9.7,6.2,2.0,2.3,3.2,1,4.5,0,6.9,Maths,7.4,6.4,6.6,5.8,2.4,3.01,3.9,5.0,14.6
15.1,15.1,14.4,13.9,-0.7,6.1,6.3,7.7,7.2,3.0,5.8,7.0,8.6,4.1,9.4,4.2,4.6,13,11,3,10.0,3.8,6.6,6.0,5.4,5.8,6.3,2.0,5.4,1,6.9,0,3.0,Gestion,5.2,7.8,7.4,3.0,5.8,3.03,5.3,5.7,14.8
12.2,12.1,13.4,13.2,1.2,6.7,4.7,5.1,5.0,5.0,3.9,8.7,4.4,3.9,3.2,4.8,4.9,7,8,3,7.1,7.3,9.0,3.3,9.1,7.7,6.1,5.2,3.2,1,6.4,0,5.0,Maths,5.8,4.0,5.0,5.0,3.9,0.5,4.1,6.7,14.2
14.6,14.7,15.4,15.3,0.8,8.2,5.5,5.8,2.2,7.3,2.5,6.0,5.5,9.6,4.7,2.4,4.5,12,4,2,8.1,3.4,6.6,7.2,10.0,4.2,5.8,6.7,8.3,1,6.0,1,4.4,Lettres,5.3,5.1,4.0,7.3,2.5,2.5,3.3,6.4,17.7
9.9,10.7,10.7,11.2,0.8,5.1,3.6,4.3,5.6,3.4,2.1,7.9,6.2,8.3,7.5,5.7,2.6,0,1,2,5.9,5.9,6.6,7.6,7.9,4.2,4.0,5.5,5.0,1,4.7,0,9.1,Sciences,5.4,5.6,4.9,3.4,2.1,1.77,1.5,5.0,12.3
13.6,11.0,12.5,12.4,-1.1,8.5,9.0,4.3,6.0,5.7,4.8,7.5,7.6,5.5,9.1,8.7,8.7,1,8,3,10.0,4.8,7.0,6.7,6.6,5.2,5.5,5.0,7.8,1,3.4,1,3.6,Sciences,8.6,9.0,5.2,5.7,4.8,3.23,3.4,5.5,17.4
8.1,9.7,10.3,9.7,2.2,5.9,6.8,5.6,6.1,2.0,5.4,4.6,4.9,5.8,4.6,4.3,6.7,0,6,2,4.0,8.2,10.0,6.8,6.2,4.0,7.6,5.6,8.2,2,2.1,0,9.1,Sciences,5.1,5.7,5.8,2.0,5.4,2.04,2.3,5.8,12.9
17.2,17.1,16.9,16.9,-0.3,7.6,7.5,3.1,10.0,4.4,8.5,10.0,7.7,5.7,7.5,8.1,8.1,13,11,2,3.9,7.2,2.7,2.0,5.1,7.1,5.0,5.4,9.6,1,6.1,0,6.3,Sciences,7.8,7.5,6.6,4.4,8.5,2.04,4.6,4.7,19.4
14.0,14.2,15.3,14.4,1.3,6.0,5.2,6.5,8.6,3.5,6.0,6.4,6.3,5.8,6.9,6.5,5.0,10,7,3,9.1,9.4,4.7,8.0,5.1,6.8,2.7,6.3,3.9,2,8.5,0,3.8,Maths,6.2,6.1,7.6,3.5,6.0,1.73,4.3,3.0,13.1
13.4,13.4,15.3,14.8,1.9,6.7,6.2,6.8,6.4,6.3,4.9,7.8,7.1,8.9,6.4,5.6,3.2,9,6,2,5.8,2.7,7.9,5.1,7.6,3.1,3.8,7.7,7.3,3,6.4,1,8.0,Lettres,6.2,6.3,6.6,6.3,4.9,0.35,3.3,6.3,16.9
9.4,12.0,10.8,10.2,1.4,5.8,6.1,5.2,3.3,5.1,5.3,4.4,4.1,6.2,5.1,7.2,8.1,13,3,0,6.0,6.9,3.5,7.7,2.8,4.4,4.7,2.4,7.1,3,7.2,0,6.7,Sciences,6.5,5.6,4.2,5.1,5.3,0.53,1.9,3.3,9.2
9.6,10.9,11.4,10.4,1.8,8.3,8.5,7.3,6.6,5.3,5.7,4.8,6.5,7.0,5.9,5.5,6.2,12,2,3,9.3,5.1,6.8,6.9,5.5,5.4,8.0,4.4,7.3,2,3.9,0,3.7,Maths,6.9,7.2,7.0,5.3,5.7,0.58,3.7,5.7,13.5
9.9,13.6,11.1,11.2,1.2,4.5,3.4,4.4,3.6,3.6,5.8,4.6,6.4,4.2,2.4,7.6,4.5,0,5,0,5.8,8.7,4.3,10.0,7.9,4.5,7.9,3.8,6.2,3,5.8,0,5.4,Sciences,6.0,2.9,4.0,3.6,5.8,1.54,0.8,4.3,7.8
11.3,11.5,13.0,12.2,1.7,7.4,8.1,8.8,6.9,5.3,5.4,8.7,4.5,8.1,6.0,4.1,5.3,8,3,2,10.0,5.9,7.9,4.3,6.2,4.1,6.8,8.1,3.1,2,5.0,0,8.6,Maths,5.8,7.0,7.8,5.3,5.4,1.01,2.7,6.1,15.8
12.4,13.5,12.6,12.6,0.2,7.3,6.5,7.2,5.3,7.0,7.3,6.0,5.0,7.2,6.4,6.0,2.4,5,9,3,6.5,4.5,4.6,4.4,8.0,5.7,4.3,3.7,7.6,1,4.9,1,5.4,Maths,6.6,6.4,6.2,7.0,7.3,0.14,4.1,5.6,15.4
12.2,13.2,13.1,12.5,0.9,8.0,6.0,4.9,6.4,6.0,6.8,6.2,6.0,6.7,6.3,6.0,7.6,10,8,3,4.8,4.6,6.5,4.0,7.1,4.6,4.3,7.3,4.7,3,7.4,0,9.1,Sciences,7.0,6.2,5.6,6.0,6.8,0.25,4.4,5.9,14.6
13.8,14.2,14.3,14.5,0.5,9.2,9.3,6.7,5.7,5.8,5.9,9.1,5.3,6.9,4.5,6.9,4.6,10,9,3,2.1,2.9,7.9,2.7,6.4,6.1,7.5,2.9,8.2,3,6.3,0,5.1,Sciences,8.0,6.9,6.2,5.8,5.9,0.7,4.6,7.2,18.0
13.3,14.2,12.5,12.9,-0.8,7.3,6.7,3.1,8.2,8.2,5.3,6.2,3.8,7.0,7.6,7.6,6.9,5,3,0,7.0,2.0,6.8,3.3,6.2,3.4,7.9,7.8,7.7,2,3.8,1,3.3,Sciences,7.4,7.2,5.6,8.2,5.3,1.21,1.1,7.1,16.1
11.7,12.8,13.6,13.2,1.9,6.9,6.5,4.6,5.0,8.9,7.0,6.8,7.5,6.5,6.3,10.0,6.9,16,6,1,2.0,3.6,6.4,2.3,6.3,5.5,4.6,6.7,7.2,2,6.2,0,6.1,Maths,8.4,6.4,4.8,8.9,7.0,2.17,3.4,6.3,14.2
12.1,12.6,11.7,12.9,-0.4,7.9,6.9,5.8,7.3,3.8,4.1,7.8,3.1,5.8,5.0,7.1,6.5,9,5,3,7.0,6.8,8.5,6.0,3.1,5.1,8.0,5.0,6.2,2,5.0,0,3.6,Sciences,7.5,6.0,6.6,3.8,4.1,2.02,3.8,5.4,15.8
11.2,8.7,11.9,11.8,0.7,3.4,2.3,5.2,2.5,5.3,2.0,4.4,4.0,3.7,7.3,4.9,5.2,3,5,1,8.0,10.0,2.0,10.0,6.5,4.7,4.3,5.9,7.4,1,2.8,1,5.8,Maths,4.2,4.8,3.8,5.3,2.0,1.27,1.8,2.6,8.7
13.0,15.1,13.7,14.7,0.7,7.8,6.5,4.8,7.0,10.0,2.4,6.5,7.0,4.8,5.6,4.5,7.8,7,8,3,6.0,8.2,6.3,9.5,5.9,6.6,6.6,4.1,7.0,1,4.3,0,6.0,Sciences,6.2,6.0,5.9,10.0,2.4,5.79,4.1,4.2,14.1
10.2,9.4,11.5,10.6,1.3,6.0,3.5,2.3,2.8,4.7,3.0,5.4,4.8,3.3,4.2,2.0,2.9,12,3,2,5.4,9.5,2.5,5.8,6.4,4.9,6.3,2.2,5.4,2,8.9,0,4.1,Sciences,4.0,3.8,2.6,4.7,3.0,0.58,3.2,4.0,8.0
11.8,11.6,13.2,12.1,1.4,6.3,3.0,2.0,5.2,4.9,6.0,4.5,4.4,4.8,6.0,6.9,5.0,10,4,2,7.2,5.5,6.2,6.3,5.9,6.7,2.6,7.7,3.4,3,7.7,0,9.0,Gestion,6.6,4.5,3.6,4.9,6.0,1.14,3.1,4.6,10.1
18.8,17.9,18.4,18.8,-0.4,7.5,7.1,6.6,8.9,6.7,5.2,8.7,5.7,7.0,10.0,6.5,6.4,11,10,2,8.3,2.0,6.3,6.5,6.9,6.4,7.1,4.9,8.0,1,3.2,0,6.5,Lettres,7.0,8.6,7.8,6.7,5.2,1.26,4.2,6.4,19.7
10.6,11.1,12.0,11.4,1.4,4.7,5.4,8.8,5.6,6.4,5.6,5.4,6.4,5.3,7.1,9.9,2.5,4,3,1,8.3,2.7,2.1,6.5,6.4,7.1,7.7,6.4,9.8,3,5.7,0,7.6,Lettres,7.3,6.2,7.2,6.4,5.6,0.4,1.6,5.4,14.2
10.3,11.5,12.1,11.1,1.8,7.2,7.4,6.2,4.3,6.8,4.3,5.1,4.4,5.1,7.2,7.3,6.0,4,4,4,6.0,5.0,7.3,6.0,6.3,7.9,4.6,7.1,3.4,1,5.8,0,7.7,Lettres,7.2,7.3,5.2,6.8,4.3,1.44,3.8,5.4,13.8
11.2,11.0,12.0,11.0,0.8,3.1,2.5,5.2,4.6,2.0,3.4,2.0,4.5,4.6,2.9,4.9,6.1,2,4,1,2.0,8.5,3.6,7.2,6.9,5.3,2.7,5.4,5.9,2,4.7,1,8.5,Lettres,4.0,2.7,4.9,2.0,3.4,1.01,1.6,3.5,6.7
15.2,16.1,16.0,15.5,0.8,6.4,4.7,4.2,4.3,5.2,3.2,5.0,5.8,7.5,5.9,6.3,7.6,10,8,2,8.1,4.6,6.3,8.2,5.9,5.8,6.1,6.0,7.4,2,4.7,1,3.8,Gestion,6.4,5.3,4.2,5.2,3.2,1.13,3.8,5.1,12.8
12.3,13.2,13.0,12.1,0.7,7.6,6.0,3.2,4.9,2.0,4.9,4.6,5.8,5.7,5.0,6.3,8.4,11,3,2,5.4,7.1,8.0,4.1,6.2,6.5,5.5,6.1,9.0,2,7.2,1,2.8,Lettres,7.0,5.5,4.1,2.0,4.9,2.69,3.1,5.7,12.7
15.7,15.2,15.3,15.5,-0.4,5.7,4.1,3.9,6.1,5.1,4.8,5.4,4.8,5.8,6.9,4.9,2.4,4,11,3,4.2,7.2,6.5,6.8,3.9,6.5,5.0,7.0,7.3,1,7.6,0,9.0,Lettres,5.3,5.5,5.0,5.1,4.8,0.06,4.3,4.3,13.5
14.9,13.3,14.1,13.7,-0.8,6.6,5.5,6.0,8.2,4.3,6.1,7.2,9.0,5.1,7.5,3.8,8.5,13,3,1,6.9,4.7,6.6,6.1,6.2,8.0,5.7,5.8,6.3,2,8.0,1,7.2,Gestion,5.2,6.5,7.1,4.3,6.1,0.97,2.6,5.5,15.1
11.9,13.1,12.1,12.2,0.2,7.0,4.0,3.0,6.0,6.2,5.8,3.8,6.5,5.9,8.5,5.3,5.9,4,11,2,6.5,3.5,6.1,5.7,8.4,7.5,3.0,5.0,6.9,2,6.7,0,6.3,Maths,6.2,6.2,4.5,6.2,5.8,0.43,3.6,5.7,14.4
13.5,13.2,12.0,12.3,-1.5,5.9,7.8,4.8,6.3,3.1,5.1,3.7,5.8,8.0,3.4,6.4,8.6,6,10,1,4.9,7.8,4.6,6.8,7.0,7.7,6.4,2.7,5.9,1,7.3,0,5.9,Maths,6.2,5.6,5.6,3.1,5.1,1.11,3.0,4.7,15.6
14.4,15.1,14.7,14.4,0.3,6.1,5.9,5.2,7.1,4.8,2.5,5.2,6.4,7.6,5.3,5.3,5.0,2,2,2,3.7,5.8,5.9,5.6,4.5,6.2,8.1,5.8,8.5,1,5.5,0,5.5,Gestion,5.7,5.6,6.2,4.8,2.5,1.69,1.9,5.4,14.7
11.0,10.0,11.5,10.9,0.5,5.9,5.5,3.4,5.4,6.8,7.0,6.2,4.3,6.8,7.4,3.8,4.2,0,1,2,6.6,9.9,8.7,5.3,4.1,6.3,4.1,6.7,2.7,2,3.0,0,7.4,Sciences,4.8,6.4,4.4,6.8,7.0,1.13,1.5,4.3,12.1
11.6,13.6,14.4,13.2,2.8,6.3,7.3,2.7,6.8,4.4,5.1,6.5,5.3,7.3,4.0,5.0,3.5,4,8,2,4.4,6.1,5.5,5.9,4.9,6.6,4.3,2.9,5.1,2,3.2,0,3.4,Gestion,5.6,5.6,4.8,4.4,5.1,0.24,3.1,4.5,14.0
17.7,17.3,17.7,17.2,0.0,8.7,6.2,7.4,8.5,3.2,5.9,6.0,10.0,7.6,8.1,8.4,7.7,10,6,5,6.9,4.9,6.9,2.0,8.4,4.6,6.4,5.2,7.7,1,5.0,1,7.2,Technique,8.6,7.2,8.0,3.2,5.9,3.59,5.4,7.0,17.9
